"id_from_grdc";"kge_emearth";"kge_era5land";"kge_mswep";"kge_w5e5";"wmo_reg"
1104450;-0.141959262411734;0.158844085848418;0.00318220159764249;0.0620929831555183;1
1107700;-0.233396374996654;-0.0211308112833744;-0.189357420106823;0.157051742203806;1
1107800;-0.204894246990106;-0.04649927743736;-0.313993551561716;0.0940057204352952;1
1134030;0.162881413350929;0.134266768411779;0.239039120557967;0.187928485574826;1
1134100;0.230190347181121;0.188237495519952;0.271574037134483;0.216314344161235;1
1134250;0.079266604987682;0.0472442986263441;0.133199719765494;0.0816514988435307;1
1134300;0.111690921629728;0.106886976289037;0.320893313992262;0.0694403582278798;1
1134500;-0.092419469545691;-0.0210961159151821;-0.0400300669421034;-0.113589643703197;1
1134700;-0.126017176291273;-0.13696033207107;-0.0819986214851829;-0.142814465389553;1
1134730;-0.169856265731229;-0.185774286090628;-0.123549302703937;-0.176158576970902;1
1147010;0.348684616076413;0.179977217161939;0.318718176036198;0.379333789067132;1
1159100;0.26528727606832;0.196489887458676;0.416779863666064;-0.206161237100007;1
1159300;0.30919133058558;0.177292031065308;0.471200392426137;-0.157368438041596;1
1159301;0.338911309699634;0.212379071933857;0.522620607398775;-0.207025410156871;1
1159510;-8.94771755001585;0.488170498616982;0.0512237299022069;0.681632358303117;1
1159511;-5.49303702256004;0.280861858453586;-0.0813247186133157;-2.11326900260263;1
1159520;-48.5807135836756;0.000161734387179036;-4.80587009328093;-9.44256550263031;1
1159601;-3.41764923600352;-0.630674010337833;-2.50259798099679;-3.80790591699535;1
1159650;0.48486356469417;0.452767390145475;-0.00220498941779956;-1.02156680806027;1
1159651;0.643182978328221;0.452710049195722;-0.0560038763302872;-1.06417955339522;1
1159660;-2.29542654211499;0.560066125847994;-1.20642463182231;-2.12375820442128;1
1159800;-0.61040339929698;0.126350286038866;0.130799094312265;-0.207235698878013;1
1159810;-6.9474860032706;0.137444779257366;-2.63895507771546;-6.31015381704809;1
1159900;-171.852162844906;-1.34250549049923;-14.8986489285739;-83.5707789664367;1
1159910;-21058.3008398006;-10.1138713197221;-40.2039962369412;-181.045593317795;1
1160115;-0.570725292259256;-4.9668355042688;-1.00422790146762;0.42003997702093;1
1160120;-45.7135161675677;-579.491830370814;-18.8553832194098;-77.668264242908;1
1160235;-1.88227597576237;-1.78823059702542;-2.02081957625874;0.582664550342888;1
1160301;-1.64199023100476;-2.41735494638493;-5.06743950167074;-0.946352703687816;1
1160320;-2.94513745302604;-0.638967391910051;-2.23110014116065;0.693753463359941;1
1160350;-2.97497112886285;-2.34447185219816;-1.9640288760953;-0.458592067654223;1
1160375;-38.7688860395202;-1490.43225048262;-266.307647185148;-18.7142843194105;1
1160460;0.068422039339467;0.114625076098993;-0.0209060208672298;-0.185772511242877;1
1160500;-0.320333399118516;-0.174436790213666;-0.304926475008623;-0.18154012067419;1
1160510;0.21284653806319;-0.00147235379183375;0.312058631045972;0.404984554132524;1
1160512;-6.10832148297535;-0.0763152385791828;-1.08883724321182;-5.5984816427727;1
1160545;0.0308491023128967;-0.311824254021514;0.100617616896608;0.132176001005473;1
1160580;0.213755513590189;0.00411110810998139;0.242921693670307;0.318415827614384;1
1160600;-0.171275555715685;0.0590880635202913;0.243994118112857;0.147860316345742;1
1160611;-0.277009438380993;0.129179966833537;-0.00818081929388281;0.00542140998259111;1
1160625;-0.129665635985404;-0.325421133351095;-0.158165587529133;-0.185622257020119;1
1160630;0.0700828159919374;-0.161140645572451;-0.0121144868235057;0.0754092358127819;1
1160660;-0.463201845534021;-0.276414574233833;-0.273336743604953;-0.261822446767215;1
1160680;0.844622014326379;0.324733902657888;0.787171743815517;0.52163584658164;1
1160690;0.120414694327116;0.130625072359579;0.248630626065709;0.238669870184493;1
1160700;0.716073168255454;0.236336938133842;0.667479280416136;0.75790672674509;1
1160701;0.5966097279704;0.158924075464986;0.448132313557171;0.617299164302957;1
1160705;-8.44255058705181;0.376395498643403;-1.2320306724296;-7.20356895578641;1
1160709;-6.85857142265331;0.499649783002656;-0.924663374366501;-3.10301938132255;1
1160715;0.0619776083855581;-0.213250981345187;0.443964173110374;0.0032288121374473;1
1160730;-7.72337376502737;0.00249244904956225;-3.27977182005825;-9.17054640653133;1
1160731;-10.3284082753638;-0.0887572699870487;-3.63364115055808;-14.4234298628721;1
1160775;-1.76320014958734;-0.475307026241663;-0.524982555949639;-0.276610563558561;1
1160780;0.617155398028431;0.412608774673941;0.446111951162722;0.0740129329181058;1
1160785;0.404870928315404;0.177448435498318;0.214293151039009;0.305194187682398;1
1160788;0.339681270324288;-0.088732601178332;0.0797756557688287;0.236036063747139;1
1160790;0.641584061787552;0.197858001182345;0.382137044417498;0.323343514092953;1
1160810;-15.6174951413975;-3.32967202887319;-4.55014565287504;-9.62983734206678;1
1160850;-0.443522195738972;0.617467214510095;0.585503189103497;-0.141286411028642;1
1160851;0.401394315791462;-0.156861744992741;0.0872576106480734;-0.0250138276654626;1
1196100;0.108618415475077;0.315747095235337;0.0251579484885328;0.13519405070127;1
1196102;0.385274759650347;0.40949823042037;0.299901736943631;0.575118955015505;1
1196140;-0.122573285323533;-0.0620494982792272;-0.0996763039606843;-0.174040370340959;1
1196150;0.229330448352549;0.391927448293957;0.505016713476095;0.401275511413622;1
1196170;0.0512580857682391;0.377380914582772;-0.198850100035526;0.351538610806187;1
1196210;-3.41182924787146;0.00455573790126751;0.122685284987922;0.184870912044482;1
1196310;0.604129004324869;0.808593255399062;0.73821739858089;0.356846065529023;1
1196320;0.672019037933607;-2.87066239556973;0.687519482347027;0.782942481892831;1
1196330;-0.28270451938704;-0.23637719774227;-0.33435873087662;-0.396154715488231;1
1196350;-0.302536246374518;-0.335665759823111;-0.330012306772394;-0.340670606016437;1
1196360;-63.0603680717238;-11.2591031076802;-4.50612072534259;-7.15588366611742;1
1196400;0.749026477130152;0.0355345465579608;0.120122396603981;0.454833583301025;1
1196500;-0.266644626231718;0.105442821485418;-0.222643054599043;-0.125148623032536;1
1196551;-0.0567338486977447;0.604045304683752;0.525707783656418;0.552329712691211;1
1196561;-313.543235132504;-13.6310594267975;-21.6060709725312;-16.1917909845045;1
1196570;-22.481540848094;-13.4035908147509;-4.55919887327978;-13.4887466441609;1
1196600;-33.6989707504751;-2.53046284322049;-3.20756182298348;-6.04797964030037;1
1197001;0.0322641836071165;-0.0194552986291103;-0.050373420816205;-0.0539790037007022;1
1197300;0.127653499747685;-0.0205652401195224;0.00363432693216137;0.0109259532871213;1
1197500;0.647820850820581;0.17471577039076;0.317713924206756;0.271615382859128;1
1197501;0.704609578741011;0.135137311542023;0.349066053235695;0.315148414687264;1
1197502;0.564184992180104;0.327242259397822;0.332028237303756;0.660853928694565;1
1197510;0.193070967553014;0.104748018844289;0.274751662972633;0.0325162010928712;1
1197550;0.497685673145553;0.526775382951247;0.489474985349958;0.616123412150818;1
1197700;0.531588641274529;0.0700948082943639;0.301653432257542;0.270427009888632;1
1197710;0.389288300269218;-0.126795252281938;0.151145039923206;0.166313340138468;1
1197740;-2.54203004104661;-1.82365038293912;-1.49818400243532;-0.243288689342581;1
1199100;-0.12266362154322;-0.226802988804442;-0.204559365409724;-0.178177829245934;1
1199200;0.016474998902884;0.211875328000681;0.688740828039953;0.253896648848115;1
1199410;-0.231818137788557;-0.286594611879249;-0.273933267659651;-0.251301850489939;1
1257100;-0.0474384945538917;-0.13554803818505;-0.013415468523442;0.0199295445652087;1
1257101;-0.134930335021505;-0.213642206210023;-0.118552945810885;-0.13149706017387;1
1257200;-946.320724103482;-31.2866986783064;-237.595880606214;-2434.26004668838;1
1258200;-0.346419406458679;-0.625635055134393;-0.240277289014031;-0.0560394405062432;1
1258202;-0.58734314748281;-0.680732722913224;-0.506060042520129;-0.132792690247801;1
1258400;-0.680086799174235;-0.701913602879568;-0.68974664669745;-0.704113359919901;1
1258502;-0.107831410078367;-0.564456282021034;-0.480703438797952;-0.409064880883999;1
1259450;-0.420482845886111;-0.413432160884618;-0.412873844781367;-0.446439855525764;1
1259451;-0.218300433592439;-0.417956795867386;-0.265220657177837;-0.317237717387605;1
1291100;0.0548443421141908;-0.162661811117537;0.00750851466852531;-0.0501561387263565;1
1425500;0.34653029443014;0.577355856981816;0.275144408142236;0.307656846600491;1
1426380;-0.0887762432516481;-0.312942537777124;-0.172533249379882;-0.213255400276881;1
1428400;-0.00275928926808389;0.0362571428311442;0.092438046536871;-0.0569004454891098;1
1428500;-0.272960448626452;-0.168340919901097;0.1847635846747;-0.27690529646174;1
1526300;0.494669583137522;0.672059752008471;0.32381810034627;0.632470775424471;1
1531050;-0.0435510549601081;0.301486382609398;0.259495616517718;-0.0289602001908769;1
1531100;0.375542715253561;-0.573632220100887;-0.740259843621153;0.42061300580048;1
1531450;0.645568118200819;-0.246129192898786;-0.342804518176362;0.752142808993601;1
1531550;0.683815585420076;-0.498095018641166;-0.26300691599887;0.757817053675184;1
1547300;0.336706450690751;0.422518928912772;0.253395561431364;0.239697548214838;1
1547310;-0.263613213855654;-0.239224834654152;-0.292145090211867;-0.294033348618018;1
1547400;0.344350991218454;0.376090498414875;0.221636046098305;0.198921922793214;1
1591001;-0.139048763623503;-0.282199305561865;-0.177458955737804;-0.200723763026949;1
1591002;-0.11551179053833;-0.227820659772055;-0.14124931884809;-0.163912515816622;1
1591237;0.17592402341151;0.000638682292866899;0.121131014288864;0.0974616819583735;1
1591404;-0.0810080279748246;-0.155359829554793;-0.127925658489849;-0.169152990586316;1
1591406;0.119635559079351;0.0924892203522597;0.0544733294258219;0.0621630619061861;1
1591441;0.414678122026042;0.263504546404842;0.323965704009375;0.174279478174989;1
1591470;0.168554476081826;0.122236700192916;0.0505628264309286;0.197964961437848;1
1591480;0.177992181615567;0.121171977057887;0.112205911823058;0.151441856149572;1
1591820;-0.195215158383907;-0.320907255346091;-0.218315178814997;-0.228518772033312;1
1634200;0.23966603050618;0.241768579216825;0.164671658214879;0.491183548125676;1
1634400;0.0359481090491278;0.0714533652155503;0.062734117648697;0.328522722572082;1
1733600;0.445447826082549;0.0848651422816085;0.502865236471018;0.307980865166277;1
1749100;0.350490751057587;0.125298524809856;0.229689691142403;-0.0111828829198419;1
1837410;0.462859720244895;-2.09761188690988;-0.0476067186800033;0.0577388005602827;1
2182250;0.43258081568519;0.316666638099426;0.504119752006247;0.53980994615167;2
2469049;0.489922902956886;0.494289803416922;0.385141668174935;0.439333834301973;2
2587100;0.526647661955751;0.744614114777806;0.714282867295358;0.709704385248969;2
2588250;0.572315117589323;0.113086070744436;0.245150007716845;0.641249466225381;2
2588300;0.87036815679037;0.890781919860491;0.747247493589506;-0.00437701203451257;2
2588320;0.785436494772539;0.831942641693342;0.881240410098368;0.381340847009354;2
2589200;0.777715019849758;0.593419365803773;0.824266383357956;0.751245094514801;2
2589400;NA;NA;NA;NA;2
2589500;0.70069306772575;0.749802927332841;0.655878399852236;0.632193355577618;2
2589550;0.486288672634877;0.68649710315397;0.468171776085874;0.340929333262106;2
2590100;0.832360467228414;0.375147398018437;0.84995305387708;0.909766422874415;2
2590300;NA;NA;NA;NA;2
2591800;0.628941575792422;0.436589163575938;0.734080261916327;0.722188363932822;2
2677300;0.732127401426994;0.653528160996833;0.795508261611134;0.758329531062829;2
2903600;0.666446428782543;0.817522648502809;0.20228255831888;0.0117064198078182;2
2906201;0.497675851062727;0.345515818505353;0.533722245595775;0.729422084452952;2
2907400;0.350885674394781;0.172967196711815;0.355305781595715;0.684314318805038;2
2910300;0.702810873622896;0.890793718979811;-0.573403780858603;0.519375311793068;2
2910310;0.531154131968535;0.628131934191623;0.123171999376585;0.931991027727242;2
2910601;0.825316628434581;0.443844863296773;0.677004814790657;0.829261002006702;2
2910606;0.544986593975804;0.284204721812775;0.725005280986036;0.734680734300454;2
2919100;0.226486584949406;-0.0444702984959235;0.121681201234864;0.0654227831310791;2
2964100;0.310051315509648;-0.187435179298209;0.383382320838203;0.213660970015716;2
2964130;0.0363377947618768;-0.319072718106322;0.0994716362616151;-0.0328785419391289;2
2964160;-0.0432404834386499;0.68393473392488;-0.51704768902994;0.183502582110416;2
2969011;0.302745370106637;0.560363718167258;0.0945577733043489;0.232655566672288;2
2969029;0.546318872012518;-0.0367076422349391;0.407175437111493;0.262892116072397;2
2969030;0.552983174916129;0.0959201946144697;0.426229377888292;0.326790228902499;2
2969069;0.641006432844767;0.18039012122979;0.801662228001486;0.736562618413479;2
2969081;0.396912435416068;0.122576214596482;0.204345042461466;0.667603280083248;2
2969095;0.554125301363383;0.319471821611294;0.688575344745869;0.724456057921657;2
2969100;0.570708946133418;0.377713990037244;0.719741578729977;0.74583257151008;2
2969124;0.739267081920695;0.690052501445498;0.567861772752384;0.578417251932805;2
2969200;-0.215045385577515;-0.288182548980075;-0.121726706067966;-0.194466916831678;2
2969210;0.49477757590021;0.6569501896338;0.633681391593507;0.49884699717409;2
2969220;-0.317632889233652;-0.360320879892041;-0.255971090964671;-0.264663053480974;2
2998500;0.625617692115565;0.649177774263852;-0.0116129868762429;0.231109226096324;2
2998510;0.639962469104711;0.595700449461561;-0.298063100199196;-0.160969451117801;2
2998702;0.669654739084677;0.559178605343557;0.191223017670466;-0.879677691151086;2
2998720;0.490264667741498;0.391965894295238;-0.68020530266639;-1.27409367180189;2
2999150;0.137047405412613;-0.261373825327814;-2.22951896801296;-0.432469049939453;2
3269300;0.62260182130124;0.614332941093963;0.635605621306213;0.77665793637505;3
3275100;-0.130893880218665;-0.142500851388787;0.0613683890190466;0.142065819861209;3
3275130;-0.0294249189859705;0.0406416009550645;0.215421060062604;0.353848337195175;3
3275140;-0.0419243659180457;0.0126807136387034;0.230915221172848;0.144540894003805;3
3275700;0.200617305333416;0.272636490033487;0.607862639768867;0.606944650734848;3
3275800;0.514707238058893;0.585823222044122;0.569252803997073;0.609126596083196;3
3276100;0.365176192113159;0.355202113593259;0.700436845138617;0.468298649368849;3
3308600;0.191297698794612;-0.0845236860114817;-0.0310622013884634;0.707945937167105;3
3309300;0.696961237248773;-0.510410920187229;0.559584554293759;0.39837814930246;3
3512400;0.588670198941738;-4.0610639331938;0.580645289010237;0.608539936931235;3
3618120;0.463510332441877;0.419779700980073;0.466811754261582;0.326111177334488;3
3618500;0.584152681643117;0.781770637316666;0.778853498501666;0.786231769116881;3
3618710;0.494001453921176;0.779822171221736;0.50000117141792;0.696324618027023;3
3618720;0.495610898251994;0.7347154314112;0.716245870613486;0.776351821047629;3
3618721;0.434810609237794;0.630450549742814;0.653725458137511;0.68728962404909;3
3618950;0.777145744641777;0.673609682827265;0.578923423473429;0.757288183364716;3
3618951;0.641112053414008;0.61131492717175;0.582218746019805;0.735051619432643;3
3620000;0.487555499760228;0.740986973266414;0.422778074598956;0.367939207105641;3
3621200;0.82947211223116;0.791714467056255;0.605821202802529;0.793982712670163;3
3621400;0.573305177183229;0.672257911116194;0.358049924013142;0.813960868261016;3
3623100;0.554851822210354;0.694340857804875;0.435953654899776;0.428862078151081;3
3624200;0.693220201011021;0.78742834076489;0.265593264260492;0.712968441021566;3
3624201;0.562254992250664;0.415028162804578;0.195967636370745;0.448016099726718;3
3624400;0.583893165983809;0.630367334149613;0.481413447540531;0.525536145603489;3
3624500;0.52574606872245;0.613769000095966;0.487977818732234;0.508905058013003;3
3629000;0.613491960418169;0.478753571221992;0.512650873038223;0.59161536159157;3
3629001;0.602003182767854;0.480581866000327;0.545569178444403;0.614313662550822;3
3631100;0.478542682452094;-0.618923627047674;0.533702356502352;0.492667507885378;3
3649010;0.495141870958668;0.614134589158222;0.443812733915039;0.488802528449329;3
3649012;0.433516610244254;0.494953194200219;0.532016116716615;0.397612862705414;3
3649031;0.431801207387873;0.422072050300859;0.51367554369891;0.417677222492855;3
3649040;0.62156619762915;0.661685744035969;0.726437951794848;0.720715681972089;3
3649050;0.491313802300133;0.447867086596315;0.378805160098411;0.439691116296526;3
3649120;0.0192845323033866;-0.54520417887304;-0.163940477787796;0.0295552355640798;3
3649140;0.236162272689983;-0.147155197792123;0.341525488360985;-0.422755652277191;3
3649150;0.329547493706251;0.358427196190518;0.31800036933978;0.519210041803182;3
3649151;0.221965236788957;0.160846505189414;0.2004111640199;0.277562561379334;3
3649160;0.319783406575411;0.242715801148093;0.348809240531846;0.343422838375701;3
3649210;0.680236106449999;0.353880124111692;0.801851852368393;0.675345798693821;3
3649211;0.414194948864161;0.337344970697801;0.617414479624654;0.407082347431329;3
3649240;0.590099988489877;0.378559158721518;0.667058164909831;0.587389082046124;3
3649242;0.18805434202149;0.342999399440219;0.246950224293841;0.244067416223865;3
3649311;0.640373011337386;0.583017426356308;0.606299275191453;0.704778467736649;3
3649312;0.334818325103373;0.0184307351951818;0.201383511637135;0.220809902956674;3
3649315;0.470245661137546;0.208426873766472;0.444782438909442;0.363772474721448;3
3649321;-1.14987022509524;-0.0137489827944026;-0.545657723104272;0.0870440553434171;3
3649325;0.668817630679778;0.440445764285588;0.711598984626014;0.616617128192055;3
3649409;0.344432992095128;0.294033142223162;0.268426402904855;0.358469526547357;3
3649411;0.542526376178195;0.628164045707068;0.574037958572784;0.605795777948887;3
3649412;0.509842751178898;0.519327884022853;0.572971652109311;0.568668154377272;3
3649413;0.346528898020068;0.280060503360778;0.24800619363542;0.356481247960337;3
3649416;0.431649174651445;0.350632353436165;0.511243285983325;0.446324589631442;3
3649418;0.454933297210429;0.360589023495486;0.475497106921954;0.454919004441225;3
3649419;0.471427917559929;0.36777373122125;0.454892643755004;0.463716291298044;3
3649420;0.548887078809188;0.564196024494743;0.540897458875483;0.589326157003347;3
3649422;0.499610417100814;0.522498069706619;0.487549199445885;0.578332337664502;3
3649423;0.178244136819693;0.196101545278793;0.181065263097884;0.189518253428345;3
3649424;0.417573507797094;0.371124702946207;0.325018055326272;0.436109620469647;3
3649440;0.406180899582606;0.53615148147578;0.417375770356083;0.556973203533348;3
3649450;0.604856197092419;0.668778159707077;0.50012790851473;0.624057771467913;3
3649455;0.698503467007182;0.624971351067258;0.558440022956348;0.620700399698127;3
3649459;0.647558292041889;0.752924243256159;0.724424018528904;0.641822472839467;3
3649511;0.774920789380319;0.74840915017029;0.911420451463503;0.846226706710734;3
3649515;0.393311718344007;0.175502311584352;0.277834860654141;0.293118948859563;3
3649614;0.233598843309571;0.374471847507028;0.289803033049213;0.266688555473614;3
3649617;0.264201082594254;0.396635905315993;0.263662156919084;0.303486548893988;3
3649618;0.287597804253188;0.327572415426284;0.26135748684007;0.324609022564755;3
3649619;0.279326908070502;0.296874786757435;0.329826055085995;0.31190071444587;3
3649850;0.688929184166012;0.468050716594727;0.719836162486004;0.569307971453139;3
3649855;0.445577781265883;0.247285127305148;0.333476399280214;0.350647101873077;3
3649860;0.529844303842262;0.294872111872297;0.414258721039732;0.430634947282081;3
3649900;0.586141838811418;0.468024230832718;0.650864207183385;0.564641722564259;3
3649901;0.443632972949703;0.335947485400695;0.370724320451479;0.417179759758752;3
3649902;0.511010821008764;0.402125472586821;0.448495746689244;0.484676648901268;3
3649904;0.430887364098677;0.334463459277688;0.388400638842916;0.41990329699092;3
3649905;0.438313541076107;0.356846029035718;0.38454875033229;0.426657031733406;3
3649906;0.37762209782821;0.321818653698531;0.318728908820223;0.400477522346049;3
3649950;0.390951770489912;0.278996707139113;0.376926267567858;0.346034531420191;3
3649960;0.461439139539408;0.349111178063892;0.352096998994538;0.250118436967843;3
3650202;0.266860055392182;0.322186870411104;0.220716028312704;0.247134102800186;3
3650205;-0.134371599655024;-0.150297433498156;-0.203206453532858;-0.138276856187797;3
3650280;-0.15382601782522;-0.26363140584955;-0.275047291330763;-0.227844914030341;3
3650285;-0.00699955598967739;-0.0544134058697938;-0.0685953622903135;-0.119052935694608;3
3650321;0.297838029206545;0.0322480064866749;0.151385439408831;0.277722805343382;3
3650330;0.0547646171045749;-0.0722797746139237;-0.0679260527948471;0.0481472788699959;3
3650335;-0.0676721367294455;-0.131079248170856;-0.111542299403722;-0.133062709552979;3
3650355;-0.199069089035015;-0.253907727719661;-0.246178752412912;-0.221409795513591;3
3650359;0.139543493426849;0.0416596655135059;0.0293185416234124;0.0429502157513313;3
3650360;-0.199579989942454;-0.27493289521557;-0.249412754009808;-0.226632125710903;3
3650380;0.0116196622582249;0.0282326915435075;-0.0065874598623441;-0.0875036075963407;3
3650385;0.0337247798899341;0.0497568587992132;-0.0360326274815301;-0.0718007893533925;3
3650410;0.277261764719792;0.0321244835424761;0.206090939652249;0.20785602716513;3
3650415;0.282246185191906;0.0461002575624194;0.218486346142988;0.205302008666778;3
3650455;-0.0131346838545234;-0.317339256320447;-0.338251738166608;0.0670554915626755;3
3650470;0.178658687458199;0.0103651431096231;0.116944458770507;0.152194884708947;3
3650471;0.415966981987824;0.143719476944995;0.0806779486237515;0.291397124287388;3
3650475;0.433518128367436;0.140319861778154;0.24966933064736;0.430622033010773;3
3650477;0.185093460188833;0.0267160269183113;0.117945856063618;0.237537722393532;3
3650481;0.0081291887814614;-0.1167496558619;-0.098623565307425;0.0596987376208317;3
3650488;0.105003000318466;0.0408783069829114;0.0136153841045435;0.112450675993274;3
3650511;0.490951227452708;0.674924270088573;0.320568686158338;0.591074403393947;3
3650520;0.0751325912379999;0.647322709302981;0.683209456878838;0.311611934182863;3
3650526;-0.0791755057511485;0.22477293657888;0.219092024561165;0.634020185141012;3
3650610;-2.29477193238996;0.297372229439548;0.273542978606654;-1.22012807994121;3
3650630;0.117583670866538;0.477378190677384;0.35263285842246;0.530736640523131;3
3650640;0.560909810163633;-1.46003015118159;-0.0217401769157197;0.626655637501547;3
3650649;0.724827079600933;0.699951172856709;0.278799399458733;0.621551719048429;3
3650690;0.334018408179036;-0.658385087895147;0.623484347475493;0.0752592330213979;3
3650710;0.711979355120846;0.0765146460107413;0.553902108071724;0.621146218427;3
3650730;0.405406308189719;0.184497703310936;0.184686581297941;0.201751361769023;3
3650740;0.628760124636935;0.50151326136791;0.384071028045879;0.525858020084891;3
3650745;0.401833592066733;0.388153166480857;0.13124705571308;0.332787293267978;3
3650750;0.292115556218767;-0.521840345631229;0.556848063872682;0.628739343795258;3
3650811;-1.06208820088074;0.1659732316218;0.510635627830217;-1.04195780060076;3
3650840;0.566986831737154;0.692261636874879;0.158015860769516;0.263036297715228;3
3650875;-0.0321429243137208;-1.30211417510136;-0.0392601449643406;-0.219090197526142;3
3650881;-0.129053533642987;-14.6222677284848;0.221629297978329;0.328707682761399;3
3650885;-0.714469685447217;-8.77890644973925;0.380501493143561;0.107444238762323;3
3650920;0.389485905654617;-1.11234530307606;0.265352772679372;0.218275843056092;3
3650924;0.289243992476469;-0.262728691797489;0.318703438511158;0.205431425913487;3
3650925;0.308005870286089;-0.970256384749508;0.486989734128142;0.331915340884091;3
3650930;0.493673833575226;-3.05774384477449;0.505131802065549;0.321844259330214;3
3650940;0.363092600978539;-2.31379132281381;0.218673845630607;0.589358296656614;3
3650941;0.123899190700604;-2.16658553731909;0.307411554858716;-0.109924170214259;3
3650970;0.415072004167854;-1.26057197556301;0.471149811004691;0.267342609605919;3
3651300;0.358816455914722;0.382798340276223;0.280431920780834;0.299961685007175;3
3651309;0.517302314688733;0.584389865282307;0.473176244516814;0.49826441456054;3
3651400;0.53354515607891;0.581240435493584;0.498009694335668;0.52564928691241;3
3651408;0.570849722563166;0.535521028149785;0.498255568868072;0.545735851041891;3
3651410;0.341033309243319;0.428470432524708;0.329428529796627;0.446469268457375;3
3651520;-0.00860983487090161;0.0354476713331473;-0.0726285672036393;-0.0229456930115717;3
3651530;0.0737779750060364;-0.0443763842424936;0.0726003682130917;0.113814643201286;3
3651535;0.12998469938244;0.116488548082747;0.105446330148826;0.163437058678123;3
3651550;0.0784838628655707;0.0827670211200433;0.0887811781635205;0.0489417282611798;3
3651650;0.00891661840530233;0.0709498791573705;-0.015286525766502;0.0624532631536229;3
3651660;0.0619022249152635;0.123623591398965;0.139213016197538;-0.0402819361435693;3
3651670;0.0748083318832838;0.0994946894332945;0.0257482142725244;0.0360896593552881;3
3651678;0.122648881445543;0.140452215511788;0.0490806819303768;0.135350455839137;3
3651680;0.0975177379436556;-0.0450312406792508;-0.0107472947343685;0.0864948584137953;3
3651720;-0.298793765164527;-0.365976641537819;-0.402460363402082;-0.426160048487152;3
3651805;0.38798438586187;0.361930281636364;0.326089588612918;0.354304420703325;3
3651806;0.347577218460195;0.329649703942822;0.264538014110089;0.293578624518734;3
3651807;0.309066598137531;0.291608076727715;0.23034603751197;0.25966705165056;3
3651860;-2.48508955185301;-2.26416341897632;-0.298271035876685;0.526213014018739;3
3651870;-0.457761433751664;0.0929464257508013;-3.51051075547193;-3.95103033579054;3
3652030;0.169292023895067;0.501880191340321;-0.000116592237560109;0.291150967292903;3
3652039;0.172880574972282;0.410650770308628;0.039709615494837;0.103703175360091;3
3652080;0.230543817360427;0.339755374880325;0.244817481704408;0.317024113102398;3
3652089;0.160384532848062;0.58343918822648;0.2163645905033;0.20293363976373;3
3652110;0.25086273235584;0.239949588700682;0.0305422075650901;0.013380183063289;3
3652115;0.423872905167334;0.430676178096333;0.245631171205195;0.312310034444782;3
3652130;0.123218112770472;0.158993736491735;-0.00886398864874471;-0.131005562714109;3
3652200;0.0750126312254616;0.0136756640579774;-0.0149751205548143;-0.0703682100013099;3
3652210;-0.130638884403088;-0.127336068080987;-0.192924218441951;-0.268114107665252;3
3652230;0.399756584426974;-0.0259126848430691;0.54062145613912;0.515340199994411;3
3652320;-0.0640500188633628;-0.0876428379001353;-0.143968230658627;-0.18044300828743;3
3652350;0.394271985609574;0.100668571725928;0.252995363456446;0.105417920469443;3
3652419;0.111715424633059;0.182361154350527;0.197280075713795;0.0949563792414722;3
3652450;0.178835739125316;0.16474978495404;0.0775719174586895;0.115970855293059;3
3652455;0.218020508659546;0.245066751688501;0.173620574260216;0.210374211811079;3
3652660;0.508394498317635;0.348967094968683;0.292864882742761;0.358612832116522;3
3652850;0.441674439732712;0.200831374190293;0.334857059341759;0.31396222032282;3
3652870;0.558822495955438;0.392438962693577;0.634619692185656;0.558014720143466;3
3652879;0.572223866605299;0.325334020309025;0.604935776587057;0.560412570234296;3
3652890;0.451580860815513;0.21476931181969;0.442068404971139;0.402439670204358;3
3653120;0.386836498138063;0.277322782040334;0.388118647097135;0.369819373668848;3
3653180;0.314551602153803;0.235697618395487;0.359426029670119;0.296442561008133;3
3653250;0.557297383771394;0.696910016103272;0.623375991302584;0.860345562499893;3
3653352;0.722892501770034;0.641409654686405;0.778914629375696;0.759123865597726;3
3653620;0.701546109868061;0.518652572933321;0.706050251467846;0.628294605443614;3
3653710;0.847959641083206;0.824727439081891;0.466327044257414;0.728028341165134;3
3659105;0.218232376311389;0.435299573406601;0.255454331781398;0.373468109098562;3
3662300;0.163211474387892;0.140889538346824;0.161727352582492;0.110512701222557;3
3664100;0.750036363865607;0.741378949631553;0.813163639241779;0.698034003964436;3
3664150;0.284315713487885;0.318848821859431;0.388904453696967;0.250967993090637;3
3664160;0.749900114533477;0.705806155465082;0.778556780412853;0.696195560877127;3
3664600;0.61535724028209;0.367195615850759;0.667569708684016;0.658797665718771;3
3664800;0.486751721838359;0.46500288194245;0.629138936516808;0.546271397635473;3
3664802;0.715216132040268;0.637488181931445;0.762813741513478;0.663458966440177;3
3664804;0.708871572573661;0.692882517121194;0.768333264787376;0.705445736566696;3
3664905;0.739319715419388;0.618287602752116;0.791555357581272;0.636919390902486;3
3666050;0.443959534092123;0.405237839975906;0.50067501363298;0.442564323114807;3
3666250;0.275200094087253;0.314107095437086;0.345080976934974;0.285220106996755;3
3666300;0.643395850991473;0.264998646949209;0.295332900012289;0.546926791324201;3
3666500;0.392244452277261;0.325412472428312;0.296736324264524;0.356165169820044;3
3667400;0.312278006235404;0.200869696731942;0.181312732775139;0.171410661844025;3
3669520;0.789627688618823;0.753069515074227;0.79328391210456;0.865128666267674;3
3669600;0.920889289852905;0.496477073740848;0.690381752729894;0.937215223768865;3
3669630;0.464379855441614;0.629888377753532;0.594104455992656;0.723208782312437;3
3669700;0.734424050306733;0.646067135947873;0.81280660729164;0.666613470709708;3
4101200;0.551883064624396;0.526045176298677;-2.23603229418943;0.295706089405262;4
4101451;0.692171322670696;0.756140051957656;-1.05505666762397;-1.50033460769152;4
4101501;0.510548538610418;0.39315615428141;-2.34795486379115;-0.735873913970437;4
4101900;0.477040046596477;0.672071328023551;-2.52214260006322;-0.594789192728401;4
4102100;0.504185395850417;0.707581448758564;0.380676300529176;0.425721777487179;4
4102740;0.807666298937158;0.794976905032666;-0.620695519754829;0.342986422968501;4
4103200;0.642740670996608;0.784076027611422;-0.304191468522364;-0.00182336088329915;4
4103550;0.664421288863078;0.716085744069506;-0.0715351094815448;-0.0465057849465065;4
4103600;0.780897981019808;0.790135403699941;-0.262764151080165;0.325508968366893;4
4103615;-0.00554373731599989;0.731482305624788;-1.94088008919546;-1.82591065884481;4
4103630;0.520933048587356;0.657823238221429;-0.140774666883846;0.304159086975704;4
4103631;0.557548172053504;0.609582014179488;-0.251767713593632;0.153884453681876;4
4103633;0.739255737342363;0.668923065514411;-1.3327145071884;-0.760921209066637;4
4103820;0.178018344443514;0.526354803597811;-0.750814663261727;-0.808788565397492;4
4113303;0.393169106654774;0.271235230917127;0.432511809517303;0.0750533130175772;4
4113310;0.31402112935961;0.148136238335093;0.35395572709407;-0.0751393989568157;4
4113320;-0.50091786054476;0.46617619171905;0.47127966844218;0.651221553679117;4
4113321;-0.512846563821373;0.515015358113558;0.448832516450383;0.647739165752699;4
4113330;0.18460286415469;0.127589586716518;0.212068827598976;0.0146367346301276;4
4113340;-0.10288111334875;0.309885424609849;0.140946630766633;0.0615240037060183;4
4113350;-63.8255815572618;-1.33508443306889;-52.2761040820723;-15.0060995783113;4
4113351;-60.4526618483011;-0.0465155944649194;-24.6507677261136;-8.03778566234421;4
4113360;0.159934870485153;-0.0945164775079295;0.0531535048867561;-0.166798858466444;4
4113401;-1.25494445955265;0.265927892813806;-0.0615614113139091;0.287940318890016;4
4113402;-1.26546298943358;0.213093382025638;-0.163710149657293;0.227179852023768;4
4113410;-11.6650286335201;-2.25752233945396;-4.17496173456532;-5.00818256578897;4
4113420;-2.61141731147014;0.470327814132777;-1.4883665230458;0.377098509333809;4
4113600;-1.05964068894689;0.730888850565248;-0.291839692755734;0.76265688656994;4
4114615;0.177627126500079;0.123160618585375;-0.22136310070197;0.412282202582711;4
4115081;0.373724075103373;0.521662912503262;0.508392661220756;0.446337780761951;4
4115082;0.54398511232681;0.510047424701978;0.512888987993346;0.448398852642236;4
4115100;0.719530504562552;0.810844699805921;0.790853915414071;0.764798050158199;4
4115101;0.709287143733489;0.848449143671722;0.804331124849199;0.787840496945094;4
4115105;0.652432422976457;0.736621229142078;0.794241170342782;0.649716632018821;4
4115106;0.508374031335101;0.479423123881728;0.450529553588928;0.499722728604317;4
4115210;0.300329019899187;0.420571230030239;0.448203430780929;0.568316306891778;4
4115220;-1.53798348763187;0.753161169511731;-1.5338633663076;-1.50454334256971;4
4115221;-0.195584092741212;0.593986304077258;-0.160725207866151;-0.312593166674098;4
4115223;-1.41041827720861;0.121619401868005;-4.6770465988027;-3.18950946857219;4
4115224;-7.18837548210236;-1.25970303801397;-17.7217147066398;-2.60377763324261;4
4115231;0.35022211349794;0.461639294077308;0.51806050605185;0.459172523752554;4
4115240;0.701229309154631;0.416578748794404;0.876699827997493;0.867392077733293;4
4115260;-0.0422269929818022;0.131022355222199;0.0964993787874209;0.0454482988763869;4
4115261;-0.00789730157179025;0.155874255366831;0.11929887285575;0.082421664377386;4
4115262;0.0198687393117473;0.206941470768079;0.175979500322295;0.0932062374521658;4
4115300;0.222367892728949;0.0728673870468625;0.37408787048677;0.528597224897123;4
4115301;0.226217910535633;0.0678361271141312;0.378980578561996;0.545027887123206;4
4115310;0.463323499900152;0.543765764058681;0.728083031211171;-0.329669801343397;4
4115311;0.551432965569572;0.626217975698322;0.831744321030054;-0.404421747213807;4
4115330;0.672727189040083;0.558665441929244;-0.36780156759909;0.427775751468796;4
4115340;0.545448477430497;0.645465147008458;0.420124573167165;0.271107911306742;4
4115344;0.180938680373424;0.147007783255501;0.262172503516229;0.213944815594778;4
4115345;0.53121277956502;0.651120100087796;-0.13976692709075;0.216891474805719;4
4115347;0.610492937982932;0.553954074198496;0.37652686572639;0.455284195175636;4
4115349;0.688992051210755;0.582941052871348;0.0959506310288222;-0.133869734927884;4
4115350;0.699198359723917;0.831520419965392;0.637472291406082;0.792304513260266;4
4115351;0.760613655005276;0.843462819079737;0.562292399616913;0.738493724747624;4
4115400;0.590117875247459;0.651210783515208;0.797120343463885;0.588137365715834;4
4115401;0.612458956198651;0.704421823979566;0.814690511776594;0.657412203015175;4
4115410;0.678113208917223;0.765134236547314;0.534204872507057;0.669018495783553;4
4115451;-0.438758744906506;0.732115863475097;-1.04290693670649;-1.40876482689704;4
4116150;0.138667723132764;0.225496110933081;-1.31665552764549;-1.21792529513202;4
4116191;-0.143068720573123;0.0582074514652092;-2.69634391304901;-0.69614365374612;4
4116192;0.500292876251793;0.450049228154388;-0.592039995966969;0.242382328103892;4
4116193;0.616560008513642;0.607847495240097;-0.28768456438892;0.444168307993933;4
4116200;0.760126811405066;0.443320984437939;0.718373201037795;0.526383479856653;4
4116201;0.749579924067679;0.597546887827437;0.783390974590821;0.746548792419311;4
4116300;0.644340588140287;0.713589008561797;0.111657817949236;0.737692234815298;4
4116301;0.306364602951434;0.828596825097456;-0.363020505758226;0.441825235836079;4
4116311;0.475244610250119;0.693615247009123;-0.370181146681102;0.680220621536431;4
4116320;-0.161352889321349;0.811776193638845;-1.02438499446132;0.297550237862085;4
4116325;-0.804205485729349;0.795531391650816;-1.66541961794947;0.185416049156855;4
4116330;0.163462039116891;0.569907858837609;-1.60393571828747;-2.09457206917111;4
4116332;0.495473607939488;0.463680629364661;0.176299706004753;-0.920413611529176;4
4116335;0.4562315054411;0.745921723269451;-0.352053132308437;-0.980399367384153;4
4116350;0.6745335847117;0.399346162421869;0.102763888909648;0.258460033753849;4
4116351;0.341877009239918;0.211816229841964;0.718157578149498;0.119123342862959;4
4116400;0.46566049632932;0.618978981459104;-1.3988251532638;0.0341311432890156;4
4116401;0.360739646480895;0.546157709081309;-2.14698774448794;-0.406839717977667;4
4116402;0.0915052331056027;0.310524686102507;-3.03505327673074;-0.871104422457276;4
4116452;0.560743394539134;0.431487774780413;-0.595479754819557;0.422076845898152;4
4116460;0.584161539920207;0.529090269053786;-0.286695475803346;0.619379170235761;4
4116461;0.569735497030762;0.531053697726355;-0.477289633270459;0.59211590161753;4
4118400;-5.59699145180224;0.562159585871597;-5.7313025297219;-6.96449475649336;4
4118420;-0.374113415133171;0.673220557463823;-0.454760246533386;-0.796519479826314;4
4118850;0.202400191032621;-0.182297087117469;0.268788459943972;-0.12162327830403;4
4119080;-0.138938461490962;0.431522709815401;-0.278732319985562;0.553753867060883;4
4119090;0.137997700298411;0.679287649211108;-0.0549776012910872;0.532270124843202;4
4119100;0.572217793103723;0.613272340327476;0.488550534166523;0.346981405299394;4
4119101;0.172774056698342;0.695972970203848;0.454278566271821;0.53607693703289;4
4119150;0.6951548913919;0.66730303604099;0.451582341679128;0.490868939976124;4
4119200;0.693237032576547;0.664877910506205;0.562382646260869;0.395792464127502;4
4119201;0.71850358971847;0.720033435453736;0.493841266499231;0.387711244054154;4
4119210;0.27517924164934;0.464241270032832;0.0107127224947725;0.321866345313825;4
4119220;0.715613279299829;0.678786169494341;0.639609373469325;0.561053893534727;4
4119230;0.787275456690405;0.648022996189937;0.765665900552816;0.490082470016763;4
4119250;0.729474199852433;0.798324399228898;0.579813331891344;0.59868355367272;4
4119251;0.796340342403022;0.725927562291978;0.665631727989382;0.597141488574859;4
4119260;0.669342747292124;0.769541768341954;0.491040581556783;0.562205229137817;4
4119261;0.687113101423934;0.781892613430583;0.495279382923856;0.53726074332953;4
4119264;0.63681489611095;0.792282515426891;0.453798633892901;0.604283309133207;4
4119265;0.761200589440998;0.716252471313829;0.632401908984049;0.461798495055813;4
4119270;-0.174902507341684;0.187903380484757;-0.258226391166311;0.656344527589028;4
4119271;-1.94166150779237;-0.88032323639022;-2.01826370360129;-0.407910851716321;4
4119280;0.677187426413667;0.73728651507063;0.496737622263069;0.571120104815768;4
4119283;-0.0868136786036491;0.799327162157609;-0.435997930674827;0.65300640139436;4
4119285;0.51140087450767;0.76167306676331;0.29213999661165;0.650218750834506;4
4119286;0.0803332808848016;0.799126764032879;-0.0916623968650021;0.703933997442475;4
4119288;0.0939685645353328;0.707309292380875;-0.183289664995665;0.680969940425302;4
4119290;0.506765818714374;0.430166104039639;0.552735005344148;0.36773834595152;4
4119295;0.433854877307077;0.36210100810373;0.451783896350878;0.328830289050669;4
4119300;0.584356885877407;0.746793065909973;0.436456395352209;0.497436402472755;4
4119310;0.708135974140895;0.707076555808917;0.587810350412298;0.605016385537898;4
4119315;0.538567535258103;0.660356354048967;0.359712148137971;0.772735574732685;4
4119317;0.834772764004282;0.758712825357191;0.769617661702456;0.52990970926004;4
4119318;0.689846067218472;0.637473628826398;0.615426811763392;0.600002660373661;4
4119322;0.711137716750257;0.705561549372938;0.66498198287449;0.689788449730263;4
4119325;0.779047483138827;0.678517848880311;0.713989570181366;0.577977247032281;4
4119327;0.66821286662664;0.585738891066124;0.559285112472373;0.66797188345505;4
4119400;0.85505241618635;0.810179270455423;0.745982540614293;0.649729068082067;4
4119410;0.765061945881928;0.631243309738043;0.75146756560961;0.518016566386131;4
4119430;-0.107469468438843;0.511496916965613;-0.199333178046947;0.694332898372719;4
4119440;0.178311270350207;0.585282479890698;0.0958406725403335;0.543754461953018;4
4119442;0.194461974141085;0.508977938177165;0.0462491261425323;0.521180227691749;4
4119445;0.0585091326084063;0.386069338361705;0.0253623059130683;0.398143367090615;4
4119450;0.227672776502159;0.473675779935489;0.0312535768084721;0.490233303931333;4
4119451;0.25776870870183;0.520244778760005;0.130757142354047;0.513170049550832;4
4119452;0.362292530930933;0.572906223948183;0.317391973862932;0.481710897952372;4
4119453;0.421023103311318;0.55082285590967;0.371518638525576;0.42212802304968;4
4119460;0.597537784026421;0.465530514912168;0.554449836005408;0.211821383744635;4
4119461;0.429529987300798;0.19401997737633;0.435951582605321;-0.000237482903329367;4
4119650;0.535414189664308;0.684195237615754;0.489949190756484;0.451655206924792;4
4120100;0.129232599906272;-0.154587819715874;-0.00221989498006137;0.0349777965197238;4
4120111;0.598397367750618;0.00139550768593888;0.586466049169888;0.00547303906769403;4
4120112;0.928168194528874;0.415436948058385;0.627132743816067;0.578548555600721;4
4120200;0.196443167779578;-0.0937195243882205;0.0692305145142292;0.0472332425832815;4
4120201;0.0334577668197115;-0.20546150690264;-0.0631322041663975;-0.0526499521286585;4
4120202;0.313981262282165;-0.0940156890852448;0.132655516529158;0.141524112152072;4
4120210;-0.0202750200037394;-0.279127000481226;-0.0988532780824101;-0.0654728141313929;4
4120220;0.00399827277403109;-0.263338794704585;-0.141441041336379;-0.130616039014486;4
4120301;0.563765279028073;0.0298091311272495;0.457559456516304;0.206240726347953;4
4120320;0.538127651637255;-0.0161655043782973;0.372609454745494;0.0967348351016408;4
4120321;-0.856557802829519;0.0972768245222683;0.690270323559184;0.296248326956562;4
4120322;-0.69331623125355;0.1631436409929;0.647125283996547;0.304111311755081;4
4120800;-0.137455874950247;-0.383023148980748;-0.287205145687796;-0.376092982133077;4
4120951;0.46131583104809;0.416657109447064;0.786333733602455;0.714429702947992;4
4120952;0.435076384440814;0.608977038946688;0.556102485579303;0.582922562938543;4
4120953;0.405755055839563;0.633889043428398;0.587007592336797;0.605336837893657;4
4120960;0.165846299491707;-0.361095758716898;-0.122266384007295;-0.380973838668007;4
4121100;0.094634260276648;0.204347346776094;0.371388700547144;-0.0834457572330292;4
4121101;-0.296628131347883;0.208715851834167;0.288423459785127;-0.0749689480647198;4
4121102;-0.969479291236781;0.216146458280797;0.162181433391286;-0.0849202520176202;4
4121120;0.159406945680329;-0.0523643048582811;-0.0120069984624154;-0.2310172599554;4
4121121;-0.0568625794376558;-0.181886304859466;-0.26249814344567;-0.269280726372281;4
4121125;0.0457017021638687;-0.140296746351334;-0.133548164636813;-0.269164047945962;4
4121130;0.0746238146303256;-0.00859777717928845;-0.0484331483335017;-0.096986048184144;4
4121131;-0.681154863984499;0.131318270087878;-0.722077923845657;-0.0921895466466762;4
4121142;0.70878787644877;-0.0287005373113913;0.5393423176965;-0.216660909231674;4
4121145;-0.262624156875728;-0.425499729354367;-0.11128442579644;-0.491401078941234;4
4121146;0.425538316632181;0.240068731762533;0.42136338280022;-0.150913774324741;4
4121150;0.238723163287749;-0.0220258055043776;0.14544549213916;-0.157157724328153;4
4121160;0.458099194379399;0.101234262113472;0.321605568512697;-0.0953494753043858;4
4121161;0.293741635999084;0.068829696555927;0.0451382413810572;-0.13897856515155;4
4121162;0.439642777409517;-0.0574175560961776;0.23673743767132;-0.193756217719231;4
4121300;0.191202924953562;-0.0697221121215097;0.141834755642181;-0.220163068980516;4
4121301;0.0792574087551519;-0.129786445280603;0.0356327038927652;-0.258476340391747;4
4121311;-0.372157234783236;0.373911964813683;-0.4624396334364;0.0825777632603621;4
4121320;0.618357821287314;0.364485747866536;0.555457437135424;0.0781674334181711;4
4121321;0.433919582677027;0.0310618942484227;0.433899096486603;-0.169387239317097;4
4121330;0.269137071749558;0.504973329135618;0.128279016131359;0.359270677995795;4
4121340;0.145931180961969;0.727868797732074;0.0302501091083845;0.595454057113912;4
4121341;-0.0380630899358207;0.726324142098629;-0.199480305674098;0.606018435477404;4
4121420;0.00938729736075705;0.104428795001986;0.134340192442042;-0.218384346975449;4
4121430;0.187253521483243;0.139210570089359;0.229552855049134;-0.15810570021796;4
4121802;0.358493303570574;0.0107780174006873;0.510936271293001;0.178293063869085;4
4122100;0.414396045995484;0.392477051489299;0.422297639083267;0.16688516376699;4
4122101;0.324572167548863;0.396748268507491;0.152037888764429;0.0385135436680891;4
4122120;0.704425279925102;0.0805751689538735;0.741910320280236;-0.174318869093396;4
4122131;-0.038172548995584;-0.203819575861513;0.125273520458021;-0.156463313192686;4
4122134;-0.0235681722031722;-0.228425894635873;0.227864760593907;-0.147970762729729;4
4122151;0.0380532795894191;0.199409499916191;0.347584483458685;0.285932880311268;4
4122152;-0.166440957799811;-0.209722862018062;0.04727853060044;-0.260112660050397;4
4122155;-0.344377265799761;0.0321050997071894;0.713127841392411;-0.161711575968214;4
4122160;0.689967921708326;0.562110033518424;0.564836620403983;0.523325256708729;4
4122165;0.567971176500016;0.514940091289644;0.429482670959136;0.490910431538494;4
4122170;0.688459067649235;0.436418072261164;0.724807669013075;0.406716627124052;4
4122180;0.696766487859266;0.474405132935857;0.724830479442814;0.436359414634345;4
4122190;0.517696434712862;0.701222679155876;0.454531024978985;0.730975067499844;4
4122201;0.52828401316661;0.214282795993461;0.538819903637852;0.143871585626155;4
4122211;0.505848283221828;0.166282844804375;0.554159066745975;0.106810718286496;4
4122212;0.337220048062461;0.0267250452858807;0.351583469178206;-0.0782625412894922;4
4122220;0.654200821078729;0.185033093077247;0.621151925105943;0.134545528079966;4
4122222;0.746104974464238;0.241273875665996;0.643890920932963;0.166149720318258;4
4122230;0.66479916393727;0.21096103831957;0.579357420391791;0.104854378520443;4
4122240;0.710331718645857;0.12322063771465;0.533048595058747;0.0833188211864143;4
4122250;0.402669375754985;0.63148377225437;0.208961271335639;0.719590517961893;4
4122251;0.612506049498784;0.677174104351849;0.451788653806366;0.692079591091025;4
4122260;0.625464021461308;0.561601492905847;0.634061261561055;0.535042481604473;4
4122270;0.486932478986416;0.4032565472601;0.509144115066223;0.405973793661733;4
4122271;0.631276817370445;0.540272795102361;0.656577480358174;0.522588455650714;4
4122280;0.0109623005822737;-0.0560357581873707;-0.512800225644644;0.723009493763257;4
4122281;-0.103305337667973;-0.404366859730635;-0.841471793371137;0.668402668049503;4
4122300;0.443823663942017;0.436587633736472;0.409230320787705;0.53490843038986;4
4122301;0.61042429771548;0.524812533194733;0.618233860491055;0.512096960460469;4
4122350;0.0166795317063381;-0.195254601233277;0.00576581057841352;-0.283940186876168;4
4122351;-0.388252079337889;-0.440650315818775;-0.37840846114917;-0.463812641623895;4
4122360;-0.244368216890389;-0.452326668479451;-0.314281727593405;-0.538728900701762;4
4122620;0.556820257478759;0.583541643500117;0.371144792210057;0.505300757566323;4
4122639;0.0635996141535705;-0.147214560070388;0.10697913993336;-0.28126762967048;4
4122701;0.468449372757188;0.132573975450578;0.42378718833656;0.0552963473115724;4
4122900;0.657664212361649;0.294001099762005;0.709078868295197;0.191732890196722;4
4122901;0.601814193607341;0.2088829498541;0.644598017011829;0.120041315949177;4
4122902;0.538633669475015;0.134427479248739;0.571353610985177;0.0489564761357412;4
4123050;0.466224063721032;0.578407481900966;0.300048813327777;0.772917787569042;4
4123061;0.486439933109248;0.376252308498527;0.402795002082683;0.486318966356873;4
4123062;0.467204511902012;0.283539129571895;0.380435452680467;0.489238410254838;4
4123080;0.122725248764512;0.148082791151868;0.0770872342627696;0.00471622680818196;4
4123081;0.479623826507836;0.393767707675985;0.427309385400765;0.694713610896575;4
4123082;0.119135444226217;0.324824772387496;0.11004057925001;0.532956012625385;4
4123083;-0.182968198884438;0.33968927570413;-0.102520189001251;0.238011521189206;4
4123085;0.26530030423392;0.0662347397940345;0.0654726262661611;0.644571006695197;4
4123095;0.474136235111913;-0.0161234141920754;0.363018383271622;0.612908253238376;4
4123110;0.411768258635864;0.462611638680342;0.200621656944634;0.600775224534568;4
4123111;0.634174736232358;0.633592665630565;0.407372249560099;0.748756837674004;4
4123120;0.35855573666215;0.262449135664907;-0.0176748858796496;0.612869683310401;4
4123130;0.888736818961443;0.861433461872081;0.71044653746423;0.667351236498897;4
4123131;0.750676096731974;0.732905593873031;0.564487626766797;0.549821905715814;4
4123135;0.799147844288802;0.718268578016186;0.725918101217881;0.504028257914013;4
4123136;0.734441931586751;0.715432998549541;0.60423950861563;0.521691221316017;4
4123137;0.758159285942666;0.708574531509417;0.742538153194714;0.632440863997192;4
4123140;0.216187301911365;0.162331676360513;-0.0776819343995008;0.513372202840683;4
4123150;0.412768385603922;0.11147476826379;0.374933738187156;0.469344488984004;4
4123201;0.831153812064116;0.792092990229536;0.653921456756394;0.679588878074865;4
4123202;0.827340180272867;0.850230045868397;0.574675245357584;0.783915130808305;4
4123205;0.882752067726346;0.779037526814372;0.749215561257047;0.656760370024097;4
4123206;0.849094734204476;0.808520755522945;0.649478744121637;0.73607103425585;4
4123207;0.764979219250394;0.770066096545081;0.461417537001506;0.833533286768181;4
4123209;0.804287362802897;0.739392916329366;0.65566652166214;0.69714557420955;4
4123230;0.835763925292161;0.721693902541765;0.780288371111464;0.633096207279208;4
4123250;0.199211333402852;0.250375073050554;-0.0675649928834718;0.675203885029516;4
4123251;-0.146013437553511;0.0503915067153328;-0.469711978758458;0.528275774523364;4
4123252;0.397541721679146;0.562777273727566;0.233337637094042;0.49024226461899;4
4123255;-0.692556258493744;-0.0473028266628535;-0.713191143470687;0.297518416296517;4
4123260;0.650352978279886;0.731552381136813;0.599785023049736;0.716593703111553;4
4123265;0.42319463665899;0.647959318858431;0.458244987679489;0.64885241680048;4
4123268;0.300861131611665;0.628019176067791;0.0881219105732632;0.569818572588462;4
4123275;-0.273118837910516;0.77845495915155;-0.211261291058046;0.719887986979793;4
4123277;0.551824253651283;0.415593436675136;0.430931749633013;0.62001656813673;4
4123278;0.480120029638259;0.240710986565458;0.25436453818348;0.361449158111324;4
4123300;0.430370265138316;0.716081112305732;0.247747969922621;0.701935025876054;4
4123320;0.391769927344485;0.777898693547953;0.305912382905293;0.723354681002112;4
4123330;0.498126489875943;0.682183867401608;0.120103412331034;0.561720723574939;4
4123340;0.105861797526358;0.16563026430342;-0.744096040877681;-0.0684010440167135;4
4123341;0.48599129027083;0.446041683092558;-0.180686673248145;0.314109595331484;4
4123355;0.61546621247642;0.768325137513374;0.470425046339242;0.808496613116057;4
4123370;0.396154203169484;0.251076655233372;0.406018353080225;0.223179048912157;4
4123375;0.479995455141403;0.0794331035129082;0.326558768509457;0.59567698617452;4
4123380;0.639124963065644;-0.288672918074562;0.47624659755044;0.626117186172795;4
4123382;0.617219844879947;-0.427714599048787;0.399388359733559;0.514238892097024;4
4123385;0.408825684019828;0.364419015208195;0.492757559475245;0.304389033165438;4
4123510;0.868714409144901;0.773370592543483;0.846496757201269;0.647442613172772;4
4125025;0.597517426288634;0.483740894372781;0.622681699709021;0.468294672920757;4
4125026;0.599651975359021;0.493870886086725;0.607964810228908;0.458683661137084;4
4125028;0.538904618515148;0.527725698657993;0.552958069432568;0.53759253415343;4
4125050;0.610454669808355;0.527642192240263;0.603354072032034;0.555707329092099;4
4125055;0.387132626205039;0.408627686383723;0.504105295285365;0.513621371250631;4
4125061;0.628632358310898;0.605420418003468;0.642938783291144;0.417686804693896;4
4125062;0.612723222028169;0.313819087680983;0.637402980450187;0.169867844803407;4
4125070;0.619275397990783;0.521571266916148;0.518582465599735;0.553140484741574;4
4125080;-1.42942066992971;0.1939254333364;-1.60512748333972;0.494618498759388;4
4125110;0.373561441149195;0.115722104272124;0.440764880641512;0.0454571940149964;4
4125205;0.546770138056431;0.272336224459796;0.639807740475065;0.706799118642889;4
4125500;0.542550348537481;0.392779020302111;0.573521600504274;0.337982550563267;4
4125550;0.596111144031639;0.50270752587869;0.595113641298422;0.329803671265319;4
4125552;0.335159814428685;-0.171185982187578;0.263203360187282;-0.0237079653066337;4
4125555;0.355416944375566;0.146545420567905;0.331815762970723;-0.00214946382096337;4
4125560;-0.519650085807725;-0.552662561003766;-0.529160768011057;-0.568026716832418;4
4125565;0.478966379525044;0.429852506282764;0.493205188544721;0.302946604965995;4
4125803;0.181928410823054;0.0688997879856218;0.456160428358227;0.38198517906194;4
4125901;-0.059576306616149;-0.412184036189898;-0.583006250972536;0.54027787086911;4
4125911;-1.41805111164272;-1.54774177897689;-2.55641575939214;0.0448895903000692;4
4125918;-0.341285484783805;-0.568728304769652;-1.0918563212829;0.275127166162271;4
4125920;-1.41335513456917;-2.21311819872162;-2.04826466332583;0.0662063141742144;4
4125925;-0.220291993536077;0.00883509711244013;-0.527860165099712;0.610341677886742;4
4125940;0.122810640453414;-0.741422522607993;-0.424545481785599;0.395981505965125;4
4125942;0.490800793607421;0.401470654281508;0.28670359813982;0.73927328863798;4
4126300;0.634895223481565;0.573803472277204;0.648573372976899;0.560330600119013;4
4126301;0.54869911546946;0.435272950910225;0.555461617822751;0.534975258208923;4
4126350;0.104003527650999;-0.0429144172730056;0.0896564532119691;-0.0830449603536012;4
4126351;-0.155405867433864;-0.273204990546418;-0.138615983961886;-0.291364430141369;4
4126701;-0.394750105314966;-1.15165353250104;-0.748192219933171;0.0880889063957122;4
4126801;0.678441013568206;0.550878017633675;0.678511159271685;0.433247498297323;4
4126802;0.541179665382924;0.423188837733581;0.545995354249783;0.320455594221169;4
4126803;0.234339162645969;0.0149325044143703;0.216209779158908;-0.036391731196475;4
4126805;0.380046695551824;0.215401642706509;0.373123439939613;0.132688585226961;4
4126810;0.318327289088474;0.139458185242002;0.303125874458475;0.0427578838908865;4
4126851;-0.104072349031108;-0.272019631169614;-0.108964171298997;-0.26898208689875;4
4127100;0.231051567624952;0.116237124792163;-0.207935267830077;0.840526755631984;4
4127150;0.475344853327929;-0.0885019921139203;0.284872719270976;0.648688386126283;4
4127202;0.66573969402859;0.590774716679937;0.670876775018706;0.553764515783259;4
4127310;0.611592558671713;0.50083546525138;0.607826799948929;0.595602868608661;4
4127501;0.835099719196576;0.583335364911397;0.806137185653848;0.408342405790208;4
4127502;0.844431199644081;0.561966645575179;0.831309810926265;0.389676868217659;4
4127503;0.842225152514305;0.549622536847943;0.836177573725946;0.380740519610932;4
4127700;0.662547171784789;0.740599318358396;0.686620925461386;0.59046423295719;4
4127701;-0.033569124481942;-1.31653663186641;-0.195717239564746;0.395591943989088;4
4131030;0.810525541169726;0.785204001363073;0.91462439684985;0.791594978313664;4
4131031;0.815814355812813;0.80540996445676;0.897561884706436;0.810632454747884;4
4132010;-0.422342525173049;-0.434795335650272;-0.424535075664132;-0.420368264289481;4
4132100;-0.679623810254602;0.249341915455519;-0.543365790493379;0.581320660842688;4
4132900;0.530519736011566;0.635812506169017;0.269769570030658;0.304703063905403;4
4133100;-0.316321687466416;0.322166131326114;-0.0647756945528926;0.456540545803043;4
4133200;0.162064427611451;0.511128793303223;0.0105792188993828;0.411830515714311;4
4133260;0.0760946718598752;0.465860676139661;-0.0219123697062138;0.441159203820675;4
4133300;-0.461490820073012;-0.472971552363128;-0.458051044446109;-0.462882712974886;4
4133450;0.465117508020707;0.549386285173033;0.187593489732095;0.26549017285276;4
4133500;0.644252364888255;0.509525342691801;0.695073836123047;0.357853824909828;4
4133700;0.173698538445476;0.362670046795611;-0.0795250201705955;0.195446606299334;4
4133701;0.305429344345187;0.47850625928886;0.110687860723096;0.183573660567048;4
4133800;-0.201731359844644;0.0278890831573665;-0.700528134560792;0.0867663713190395;4
4134300;-0.121303744093052;0.300563625916242;-0.520310745137046;0.521696947666498;4
4134350;0.0220500991829899;0.245464202615175;-0.227493220990103;0.278667110554462;4
4134400;-0.519890229676813;-0.502167162624696;-0.504798704930431;-0.544459543894434;4
4135100;0.504184437437264;0.719793170696086;0.261747834319673;0.662989719904413;4
4135200;0.528003559488649;0.717291391529159;0.398076638785334;0.700989900966381;4
4135205;0.555827751911761;0.643791958582322;0.422408801960603;0.56754647339773;4
4135210;0.525526965372566;0.70048205743709;0.454434772726873;0.700314515853896;4
4135400;0.451590103718457;0.508331463980914;0.289340187817507;0.407298748711558;4
4135800;0.693140755495057;0.865361510974112;0.480524488144977;0.671190476972111;4
4136411;0.88349765939238;0.801263384880067;0.66598379284655;0.405850535004275;4
4136500;0.768976121964771;0.875255766157372;0.782942890137106;0.408669688755754;4
4143310;0.618856279582582;0.787040516764262;0.27458350692269;0.732223488165184;4
4143710;0.688765338396307;0.598826852381078;0.708689351268932;0.573352887915206;4
4143750;0.706075859161451;0.864359429762887;0.827786384134237;0.723455251970046;4
4146115;0.594820675513389;0.814930902753659;0.708771903480941;0.622177197223616;4
4146140;0.380975824076429;0.315093577565495;0.295030698347607;0.253881546544495;4
4146180;0.813270021561591;0.321523806743905;0.80282173559182;0.800143653171155;4
4146210;0.897177522202703;0.391201027298686;0.696447736524572;0.930396848841877;4
4146270;0.577281590317232;0.693983048138546;0.704838192835409;0.601100617595199;4
4146281;0.330441481633146;0.315626110106552;0.410610128372217;0.250984444694161;4
4146330;0.594341308407466;-1.08589493670182;0.773161678747339;-1.24443012417545;4
4146340;0.685606821329684;0.121109578415218;0.658939594324429;-1.20236062886238;4
4146410;-0.273680363817585;-0.0053365721716514;-0.244835389572242;-0.271586306944306;4
4146630;0.25159278149453;0.821992445667661;0.302008218138175;0.503261503407774;4
4146920;NA;NA;NA;NA;4
4147010;0.873720473414701;0.89424403349342;0.687175918239412;0.775642717456942;4
4147011;0.796843736893455;0.856691870921769;0.62394640069538;0.810446569368417;4
4147030;0.810525541169726;0.785204001363073;0.91462439684985;0.791594978313664;4
4147031;0.815814355812813;0.80540996445676;0.897561884706436;0.810632454747884;4
4147050;0.624508076834999;0.606811955802151;0.727920591629173;0.588174417137822;4
4147060;0.742030416212432;0.728961932783608;0.74896566037414;0.658340888527497;4
4147110;0.729424380078802;0.775157082989745;0.767793238044376;0.520358044459756;4
4147111;0.459970265133824;0.51180169415489;0.667772628349453;0.353460728504557;4
4147310;-1.25157024944508;-1.79477544118126;-1.56010355817478;-0.785214462818164;4
4147380;0.686645623489798;0.605897806855717;0.515381441265263;0.739203661966607;4
4147381;0.616407655785782;0.55960837661418;0.423462614682261;0.72663743387453;4
4147440;0.521294227045847;0.080397444118531;0.38828588714429;0.614479164604128;4
4147460;0.889898643248955;0.861598148971595;0.706424601872602;0.739182196766372;4
4147461;0.859723409126667;0.783008341701081;0.594215994801256;0.794722359804333;4
4147462;0.765421329007017;0.821470320911017;0.808423128332837;0.637079503784929;4
4147463;0.710581470010695;0.712983150092509;0.727160713192992;0.740809559070826;4
4147475;0.833001470723111;0.859804614932017;0.78360528486951;0.560061640378211;4
4147490;0.700688698289115;0.569500505272557;0.590320669843156;0.654896348748897;4
4147491;0.859324818038726;0.720806179535305;0.733181565355648;0.583964632966159;4
4147500;0.819469223364882;0.792578784199336;0.868828938619806;0.511603687779793;4
4147501;0.608860596349106;0.62368878773195;0.708856659535799;0.33979259745529;4
4147502;0.699856873289572;0.823038955311121;0.856080742605347;0.442915742186715;4
4147510;0.64915044363974;0.631957877627138;0.607554818634523;0.790602549007566;4
4147600;0.773728181343968;0.618901572176865;0.467362122274568;0.73079091123091;4
4147606;0.342123295203606;0.314015800607838;0.468942273408405;0.0829507927226386;4
4147650;0.619587201808739;0.537435395630023;0.324775240387892;0.747310494692661;4
4147651;0.701470304374721;0.654709746540149;0.495606715868732;0.74408054358226;4
4147700;0.608209469813944;0.69382891484638;0.17814831208812;0.82562394139425;4
4147701;0.658443327837326;0.674877840676817;0.177155222477791;0.584102499385894;4
4147702;0.568749703125659;0.742401053144437;0.000820343988304328;0.682887134882;4
4147703;0.585465386435923;0.669506151756229;0.183172148436931;0.749673548477688;4
4147704;0.699367055329127;0.769518516563879;0.295835949709125;0.696268443435233;4
4147710;0.685967168661468;0.799763288276568;0.241717339212624;0.616929106219913;4
4147715;0.66727705212583;0.784496353413081;0.447601849791381;0.719912920247705;4
4147720;-0.241139204634421;0.132135311348642;-0.863228656422109;0.43259798893409;4
4147721;0.428790249392925;0.581321079727171;-0.0830019281410124;0.587302609589855;4
4147725;0.663162128424491;0.682241678797835;0.162258724487839;0.707200902449821;4
4147726;0.687660078731875;0.604214042243648;0.139174721833512;0.722229777943236;4
4147810;-0.07695075383003;-0.810423012673077;-0.603169767244783;0.198042520741201;4
4147900;-0.287161513064436;0.132542874900629;-0.884874881221575;0.328842255650702;4
4147901;-0.178943662692705;0.289426389070517;-0.59976305363985;0.379101964449769;4
4147902;-0.0437314440164804;0.402990981877901;-0.452740558872063;0.467293566679851;4
4147904;-0.216087074231223;0.12763636247508;-0.397534993078647;0.541154400199038;4
4147905;-0.768543964588034;-0.422897837111301;-0.706103913136822;0.517837160926696;4
4147907;0.498904843707137;0.43641786571319;0.439256401151254;0.802527883929978;4
4147950;0.0113477458119537;-0.0545721754815647;-0.0196484735670761;0.631971878726796;4
4148070;-0.757812710443838;-0.903436370329255;-1.53296749375307;0.16755313370224;4
4148091;0.201249085598118;0.144945630612159;0.0949694419539153;0.682308516938398;4
4148092;0.437508020826353;0.332763155505381;0.341014957222527;0.734905857014763;4
4148110;-1.09968454688164;-0.47593016037529;-1.26185667619694;0.130343350206586;4
4148120;0.462612544248095;0.128784313171126;0.165324388479461;0.706495092297072;4
4148121;0.306096887718722;0.168665455437692;0.0703820620475901;0.649443711835471;4
4148210;-0.737169213966405;-0.670137934533116;-0.582772843907605;0.13765875798201;4
4148230;-0.58862496209542;-0.655541541246415;-0.591244874462815;0.201540681879272;4
4148231;0.139408020955214;0.110272674357716;0.135106644869724;0.566392623737816;4
4148232;0.0728716735488203;0.0612241779544728;0.0809285492079425;0.519897546352915;4
4148300;-1.6498329276897;-1.68977436101208;-1.53738133682104;-0.988762060268816;4
4148310;0.925319721886337;0.830044636690615;0.930290919871992;0.778157435135246;4
4148321;0.202603597019762;0.169146445281144;-0.0404892712449116;0.400748660328948;4
4148325;-0.42761403132261;-0.730795371366348;-0.277379387114979;0.0260549575334794;4
4148410;0.210608852750041;-0.149322722545496;0.197906387359778;0.510190599589188;4
4148530;0.24276217609572;-0.0961216550267499;0.275562472812106;0.537495850375749;4
4148541;0.240126497425738;0.194406123023386;0.154906344737895;0.430155115594366;4
4148545;0.50489289412453;0.407773454637707;0.405844707302245;0.568999312585956;4
4148546;0.408687488658627;0.397187136505318;0.262719619981157;0.551382212091338;4
4148570;0.814205545829551;0.838910654934148;0.819653442783698;0.738321420659651;4
4148610;0.49187924193846;0.251931407842613;0.578482008064438;0.864542920446519;4
4148650;0.479025117864829;0.299633558916716;0.41480483739399;0.635778126809108;4
4148655;-0.244324778666265;-0.830034402182481;-0.391951097354257;0.0501179704115856;4
4148720;0.336702183088733;-0.152249474817068;0.277530635635625;0.650379080669769;4
4148750;0.409942223689056;-0.468993496174698;0.419719876846935;0.667426841570888;4
4149120;-0.141770179720696;-3.51080259208662;-0.498317812794612;0.0975378413014185;4
4149121;0.103999649887581;-2.46381215731875;-0.193294140615513;0.367560039415858;4
4149122;0.136944381518726;-2.31285215008569;-0.149330656333152;0.385758636454265;4
4149123;0.460652698599819;-1.16440466679875;0.2394822719352;0.603478555315532;4
4149300;-0.211518628398536;-5.08551331301777;-0.741141159542864;0.0164036049220196;4
4149301;-0.224305563693704;-4.65645140080119;-0.694013658183455;0.169381907051452;4
4149350;-0.359559144905538;-5.90750470093765;-0.974570519534786;-0.148353827421958;4
4149360;-0.0645715932356827;-4.38066331434846;-0.526233807702274;0.162726060317532;4
4149401;0.277022057550593;-0.719749163055711;0.129954230408181;0.342339715714103;4
4149405;-0.0763641665892922;-1.85276530782843;-0.319757709534013;-0.152843037705954;4
4149410;0.312637867444966;-0.321623853675164;0.135773360167632;0.517860928589862;4
4149413;0.260044448985931;-0.554377978330924;0.0601768849479327;0.43653420473581;4
4149420;0.236018168808696;-2.34092000192512;-0.0214919185709141;0.416324697556651;4
4149421;0.139325230502346;-2.63944601892664;-0.184829591690326;0.276136651921763;4
4149430;0.228168199855635;-0.825868722848484;0.0316606783771928;0.298938133541118;4
4149440;0.276179062063109;-0.33381718731976;0.159582377939367;0.400220591279143;4
4149441;0.467262827466899;0.0588283592891358;0.417423642566616;0.533612851737296;4
4149510;0.10875273376434;-2.08771328816141;-0.379165640801088;0.051770554080606;4
4149630;0.656426013060032;-0.0458365577603308;0.542659380849999;0.762820015381833;4
4149631;0.669794881146018;0.000270697487640414;0.566749510870379;0.763861032955882;4
4149632;0.678008079451757;0.0833703147867042;0.604409607387139;0.726422914122434;4
4149681;0.25551210857417;-0.324112263912186;0.192047354763933;0.485481645951538;4
4149682;0.413779161125307;-0.52723722812744;0.234495550395329;0.520866196202015;4
4149690;0.379729492959334;-0.823449736439964;0.119269388843093;0.616789737507778;4
4149691;-0.0384327443741648;-1.20418320926423;-0.320896216575728;0.475639347610023;4
4149710;0.859359943885993;-0.0381796976190065;0.881998632673448;0.817090494846781;4
4149780;0.641712759377245;-0.491207787027322;0.520207902422525;0.755581318854418;4
4149850;-0.057032333570525;0.308277575110544;0.121935315695971;-0.0715705200031223;4
4149910;0.47717679414153;0.219552229075359;0.640063561791283;0.362213483876815;4
4149950;0.308009571029364;0.557261050228674;0.511998810279219;0.324109855098182;4
4150280;0.409985283201359;0.294033797161202;0.243407770994212;0.187567211345863;4
4150281;0.249645372143522;0.110868842975902;0.221431704903016;0.125854189333451;4
4150282;0.411385947558946;0.2964003586623;0.387258843607618;0.349020043765384;4
4150330;0.660738113086797;0.523895161533517;0.657786479277847;0.430079511499742;4
4150331;0.736694651203737;0.549733278240152;0.715824662585866;0.593525844143828;4
4150400;-0.11429782307033;-1.15464553915247;-0.39030802148629;0.530911284867445;4
4150450;0.368215215215234;0.291314405395944;0.352053253761485;0.192812689875761;4
4150451;0.167710851829855;0.0844527755017993;0.145553243558156;0.0352183015500812;4
4150460;0.521423627167919;0.33506733786625;0.480839511130167;0.360756994635513;4
4150461;0.45943775640598;0.249837613883331;0.412895595985932;0.315355793167752;4
4150462;0.234664140689464;0.0516196921623776;0.185926347711421;0.130940412696793;4
4150471;-0.0846363140291335;-0.132374839421418;-0.129338219034126;-0.233955273052516;4
4150475;-0.372276512764652;-0.433939986401338;-0.368764752576292;-0.405003948667844;4
4150500;0.389352635467731;0.313304643633561;0.418323027772132;0.222868649537596;4
4150505;-0.0318087365994868;-0.116532358238493;-0.109342141113066;-0.0983338287557098;4
4150507;-0.345924710804099;-0.411208405017454;-0.333061611300746;-0.417814584077771;4
4150510;0.275096136588232;0.199412358396638;0.30472278595641;0.202816798603811;4
4150585;0.313240345246934;0.152109525210122;0.243045232467854;0.129046364127976;4
4150600;0.639565244597973;0.604743748182524;0.612371726708845;0.58154915087289;4
4150681;-1.18320401885051;-0.632716708112399;-1.12719501920027;0.246423278071893;4
4150700;0.0702876106372905;-0.443615268445943;-0.0896727706857048;0.630508028389781;4
4151420;-3.01711731607857;-0.0729146104319724;-1.2914258678256;-0.120969535430756;4
4151421;-4226.65096872768;-236.124611302393;-3395.94845441376;-229.857035432773;4
4151805;0.147476561976626;0.534990426169751;0.502267002606895;0.624117125407875;4
4152200;-1.14023713081564;0.587140116033956;-0.0224182081321815;0.525414891649826;4
4152201;-0.915252797443793;0.490125135483868;0.162580298550602;0.633487863681977;4
4152300;0.420272159676072;0.709306283587179;0.729831234872987;0.578352369685284;4
4152460;0.207878997955547;0.125925205500037;0.518233245556029;0.311249966977628;4
4152465;0.190777466701873;0.095361377446417;0.13911127375254;-0.217826456252891;4
4152466;-0.203250644298937;-0.289751765343841;-0.241974983028955;-0.447793647607217;4
4152500;0.247140979153344;-0.440558453389233;0.299022084027222;0.202140976248925;4
4152550;0.365480852254969;0.0644230221676416;0.611096182338034;0.2685254890722;4
4152553;0.562345579966801;0.211586642947752;0.611101775650556;0.670948579777017;4
4152560;-0.0891143360857172;-0.209370231080123;0.257912359858936;-0.333816084176671;4
4152570;0.523555967882113;0.0177203886124597;0.617509080756821;-0.0246460340082586;4
4152580;-0.0944910715300935;-0.108459589426695;0.0470078520664018;-0.0132588211156954;4
4152600;0.0943659896634177;0.169407733046466;0.435777077882968;0.339147996855537;4
4152601;0.11007206563205;0.197175904611435;0.466085526632007;0.369176092283376;4
4152602;0.148110178687597;0.267956098115054;0.552293942584552;0.422445055195545;4
4152610;-0.360398073126335;-0.397711363784945;-0.323354158904203;-0.368493980988211;4
4152620;-0.141733350028959;-0.340778872436086;0.10215310801716;-0.111531035211495;4
4152660;0.293174855712798;0.134240651379866;0.351842957941414;0.351862148032776;4
4152700;0.444310239147837;0.410405864408028;0.80274766920555;0.655618272617695;4
4152701;0.478850286073854;0.338140704558022;0.776187321976669;0.607925503597211;4
4152900;0.566836301166928;0.386899317342935;0.668324629959738;0.158983946460232;4
4185050;0.197460211367916;0.074790184021492;0.42740838136415;0.435654583549941;4
4185051;0.269358218058441;-1.4452431979012;0.2234895519064;0.0655980715180903;4
4185300;0.391088437352043;0.0636486694753053;0.447433215145822;0.354612551146725;4
4185301;NA;NA;NA;NA;4
4185550;NA;NA;NA;NA;4
4185600;-0.102745393034689;0.28699616794666;0.0493495046153986;0.101935065876644;4
4185650;0.196856864178236;0.346616026883914;0.447037585580922;0.486184913368254;4
4203050;0.546316219491027;0.0436231279533366;-3.69524398737658;-1.87540235893026;4
4203051;0.649796762617425;0.413021659725406;-1.85598164801995;-0.790979129103189;4
4203080;0.448276451509162;0.481167314089776;-0.321023756748522;0.0591305693006769;4
4203152;0.771985964709238;0.799199313157671;-0.281524286628761;0.730966869012098;4
4203160;0.892845813865161;0.893335903214778;-0.462805297031351;0.685144589225726;4
4203201;0.652616569388248;0.724988928993396;0.408950155990817;0.369898654077029;4
4203210;-0.82136486841157;-1.89093227812427;-2.15346945384504;-2.5069010483532;4
4203220;0.0412486589091858;0.0198582827594178;0.145756695647018;0.18593008847178;4
4203300;0.810132337674558;0.293599034214544;0.0570103907151601;-1.55329410051543;4
4203340;-1.08116736182901;-0.500619426794467;-0.750070465205306;-6.51231504690079;4
4203400;0.346807920134651;0.423082188759661;0.706708043685241;0.587221207891644;4
4203410;0.29850324538275;0.141406784507962;0.693222947905329;0.523905349478534;4
4203420;0.771089220892434;0.685964137578743;-0.19331033547058;-1.40185432411866;4
4203425;0.698947128930198;0.72746635910504;-0.852414071456613;-2.6037834170399;4
4203500;0.730840127178764;0.800970386919232;0.374776765437692;0.418183455346798;4
4203501;0.707317390631883;0.748840900050304;0.557805288501815;0.491390046656265;4
4203510;0.737787472314018;0.72502262073275;0.488955005948803;0.648527887670722;4
4203530;0.835663231015301;0.779865109039883;-0.576946171692551;0.215792780949157;4
4203755;0.438792981793561;0.459781953970399;0.104485846134502;0.426760996165156;4
4203770;0.261628283334579;0.431011216126994;0.788425537746688;0.73077306235811;4
4203780;0.887852468607428;0.82182842494766;-0.135658329344555;-2.08603000328749;4
4203785;0.764816678372811;0.711427031133557;-0.261289110700282;-0.773699361739294;4
4203820;0.142450040076043;0.456188145439399;-1.26548345237988;-1.01816450244727;4
4204010;0.467572721523171;0.535838842747128;0.47243647325676;-0.799290356958487;4
4204100;0.304057692074937;0.569718959366255;0.729094324920799;0.0348632087994514;4
4207220;0.728640490292397;0.688226455358511;0.495324601917613;0.516378779609759;4
4207250;0.435259517401173;0.220438365137796;0.41934332434354;0.34068316178007;4
4207310;0.490970944523335;0.540558514726615;0.785119550357466;0.728261459772575;4
4207321;0.262830801779477;0.431757667691949;0.597059844734194;0.650234328445809;4
4207380;0.507460372369138;0.702962710388133;0.725291687909706;-0.120751327298373;4
4207750;0.496785747213419;0.436992689876215;0.0820179863634165;0.284460381022446;4
4207800;0.417220008236558;0.608371340736767;0.653534908549526;0.518488115584425;4
4207810;0.47797893385708;0.153538932839371;0.482623976665856;0.480188416672528;4
4207830;0.543387834353047;0.735558131799228;0.730558973499731;0.537425063065331;4
4207860;0.274176156188229;0.571203303249633;0.528537640368396;0.405779539961735;4
4207900;0.475065761393683;0.569107463629386;0.763368956183343;0.637877494813909;4
4208005;0.687724700036618;0.802049802490459;0.66679857664035;0.663899142303847;4
4208040;0.767766300652498;0.747403733985919;-0.717580552885026;-0.036580854835395;4
4208065;0.797964885129984;0.826274800801385;-0.842463817340979;-0.0978518827014634;4
4208220;0.324388584275569;0.650915562708839;0.814096287860594;0.710774122029119;4
4208221;0.424720615023719;0.745960905440629;0.735944354249351;0.667092736982769;4
4208225;0.325758307456191;0.580648722710879;0.828535725852764;0.719099570733787;4
4208240;0.507534649729502;0.642167600583611;0.875225170872833;0.707641954601704;4
4208247;0.37020577572863;0.415849429529934;0.674578935634497;0.784054022427925;4
4208251;0.41090468049652;0.665279925685271;0.78644692074781;0.678255278788119;4
4208252;0.344692814503642;0.601248673209195;0.739315360404264;0.721647437066218;4
4208256;0.346617789867273;0.546250346863843;0.842773673616395;0.65254718586882;4
4208258;0.311164960061304;0.566592487976804;0.765262251972022;0.37493934602834;4
4208260;0.322993719656257;0.473146891783016;0.718903909489626;0.824925609051991;4
4208265;0.254917091900782;0.553550339542963;0.626062428712805;0.571387748836805;4
4208270;0.390861712106195;0.582793635027309;0.85637209503118;0.835630662733193;4
4208271;0.502281576657838;0.720627340148568;0.888693515666683;0.762953276625141;4
4208272;0.489277703263501;0.692112080987804;0.842638065271588;0.689959838215388;4
4208274;0.429853993557441;0.631856356704567;0.840838344994373;0.785214201838486;4
4208275;0.466486420107879;0.633743247543945;0.818512667489701;0.774807793039956;4
4208280;0.515414298670443;0.678689926705288;0.904419184472153;0.781646548887789;4
4208285;0.341508961232526;0.569174187717587;0.826199462774193;0.636736388125932;4
4208289;0.492786726998934;0.539350615848295;0.703610008291376;0.395150722804787;4
4208290;0.519333309913361;0.647460019964892;0.816951221008303;0.72949150642149;4
4208307;-1.41262835304005;-0.0310745114872346;-1.68086311367214;-0.849554690943384;4
4208311;0.35995947134808;0.748246992574301;0.696950893788273;0.588960151717942;4
4208325;0.518539275956209;0.757546396086856;0.677070338978712;0.215746361386814;4
4208326;0.500012003216135;0.705824492944445;0.810565235996573;0.631648490327865;4
4208345;0.328099088898936;0.478080050694609;0.564386321968176;0.615508633049357;4
4208346;0.232719894289747;0.272415486364527;0.463920250625477;0.337302404147883;4
4208360;0.785813930804111;0.850514825598405;0.713510163268493;0.773282617226824;4
4208365;-0.8216619975746;-0.0489448198771048;-1.34465811699658;-1.22457556751872;4
4208376;0.625359891502803;0.590402724950942;-2.09112409644681;0.54899518742985;4
4208383;0.635879225615361;0.641696618008717;0.554366561948427;0.605579906338011;4
4208440;NA;NA;NA;NA;4
4208441;-0.609829906105615;0.29975360860701;-0.319583273073637;0.512496182212633;4
4208460;0.087280324718207;0.475612527553146;0.549673314736561;0.362291989521473;4
4208461;-3.77931694451124;-1.14765760655742;-2.89612058888157;-1.4646862959017;4
4208465;-0.457896192748329;0.288696989475768;-0.0151040872651791;0.379130106223076;4
4208472;0.326331172546717;0.18481586110546;0.292100316151113;0.0965868212737905;4
4208480;0.671000865331343;0.745239054283086;0.776045368572718;0.218191105521533;4
4208485;0.461609007619019;0.655487357094823;0.838920815683583;0.179562696877623;4
4208487;0.525158043667174;0.713175446688777;0.715710144798415;0.0324860840959792;4
4208491;0.501461410909106;0.70476478744287;0.856052141883537;0.131144069385336;4
4208500;0.692097833692872;0.719644796420535;0.616234461957736;0.0209686125675163;4
4208505;0.483768788176027;0.542967339546145;0.754191125966385;0.455030007254088;4
4208507;0.670178737983683;0.727169216381701;0.68502632549573;0.0467461060363102;4
4208510;0.35481961265223;0.491225146615814;0.710424106206051;0.445833591265134;4
4208520;0.693952327445247;0.76888100253159;0.630882404089142;0.571110940115528;4
4208527;0.600575856821065;0.4286317402384;0.598832394243479;0.284525934837152;4
4208536;0.644604222734784;0.6262954583789;0.715711460743079;0.546700750918733;4
4208540;0.495060261414234;0.646360959825662;0.757173564087603;0.484337884829997;4
4208541;0.78519391811168;0.750822763290313;0.463281221157395;-0.576171178253839;4
4208565;-1.1381776478217;-0.1985428418275;-1.08048982021045;-1.27726617032167;4
4208570;0.750849752958117;0.82687287833584;0.643515372061716;0.222050815391318;4
4208580;0.184501673628909;0.347088512560089;0.362505756916434;0.368117284429419;4
4208588;-4.62035987414758;-1.69672352037443;-3.10363404473193;-2.25466609305191;4
4208590;0.671702162406212;0.76440888327254;0.444950535438536;-0.132455594834596;4
4208610;-12.0928542677849;-4.84153490589068;-12.1257179611735;-6.64304765072706;4
4208628;-0.149858158430711;0.137252820248435;-0.0658006291533686;0.233740873977712;4
4208635;0.73284760125597;0.693445164141295;0.808810772600777;0.481278280742858;4
4208637;0.506191084831606;0.561134569895234;0.535053144652462;0.658176833795591;4
4208638;-0.520621655705884;0.617761396146611;0.255815067889116;-0.375468840667269;4
4208641;0.535212299615243;0.688600056777022;0.705625844053734;-0.145922696926899;4
4208645;-1.13522996202398;0.156028138367743;-0.817826787157665;0.207222349437141;4
4208647;-2.23358887747946;0.100877195830529;-1.66024698729054;-0.181517978377942;4
4208649;-1.26671808353036;0.0247101189370932;-1.17568398201871;0.0138471347742842;4
4208650;-1.83144936140664;-0.14884575647852;-0.358135269460268;-0.0296582042300697;4
4208657;0.387232030424121;0.238078002940106;0.377370454308222;0.182439374774266;4
4208658;-0.677518925889858;0.336601462732;0.250825384801538;0.363235315363774;4
4208715;0.606239708098862;0.764614991661392;0.380511343719082;0.589436209998981;4
4208730;0.741573681022752;0.858170309083701;0.550693567007523;0.402980694012901;4
4208733;0.469261691794492;0.576585529617857;0.766181924186758;0.331986564725911;4
4208734;0.397358769151922;0.566720391816423;0.729865310753058;0.16211778119448;4
4208740;-12.8413735605705;-3.92883654778801;-5.52986449077491;-6.90423506932675;4
4208755;-1.87824925143962;-0.0626864653348478;-1.12069377988627;0.107498010713278;4
4208757;-30058.4273298052;-155.608940213407;-45.2266120376817;-1.60227314982821;4
4208770;0.0689358124486772;-0.0942740695908002;0.0526354440268456;-0.0861515084064193;4
4208771;-2.98713150992903;-0.484421510391182;-1.7351590209937;-0.410892829089217;4
4208773;-47121510.3236175;-6.12939462412819;-105.59218996715;-4.0280817908875;4
4208780;-0.31970199379949;0.364714900453847;0.198641774387397;0.424520413614677;4
4208797;-0.386430178722604;0.349213447987393;0.285888781788002;0.469447901331076;4
4208821;-3.20988035128628;-0.0174796697566539;-1.69556287769506;0.384729413575552;4
4208827;NA;NA;NA;-27.1294263764691;4
4208830;0.542079200458052;0.267696557730139;0.528463505338053;0.100074079146221;4
4208835;-3.40963860008778;-0.398291983533078;-2.30777510555958;-0.608728683730186;4
4208850;0.242906193387609;0.0835943314248762;0.152406345943138;0.0160348019750373;4
4208854;-18.9302783125221;-9.91966242274352;-54.614651387723;-4855.44114804052;4
4208855;0.125529727847533;0.431084653194305;0.294810689954243;0.256974279021079;4
4208858;-1.49828054711961;0.261808007640934;-1.21674588086421;-0.909776013659197;4
4208864;NA;-143.976466603649;-1471.32233374633;-31630115.9212116;4
4208865;-77.4954881060977;-22.5609638544203;-71.9810537772214;-52.4951685469851;4
4208881;0.21642366658377;0.527867928531032;0.356758856705212;0.53622881786561;4
4208915;0.164743419578628;-0.145224889849193;0.0414090214942382;-0.176316054439809;4
4208920;-0.00405894313367816;0.0964084956678257;0.187996084183796;0.644860381775628;4
4208940;0.501655951855503;0.691027685499495;0.648204861928034;0.653720235282529;4
4208941;0.115423697841073;0.69133070452792;0.490779792653945;0.588145594993348;4
4208947;0.184081525199884;0.68407983715485;0.598054848924352;0.700314329626719;4
4208960;-0.133820772501319;0.579316416602997;0.365134037560125;0.353569216587697;4
4208962;-0.115935860808664;0.577647866847053;0.268122541122302;0.270749862054691;4
4209580;-0.0551776993840427;0.272331216762262;-1.2110261500476;-1.28630496255159;4
4209600;0.375193927300011;0.355633336820701;-0.73672377448846;-1.78445606923626;4
4209810;0.3355438081438;0.13739932603492;-0.882505796663604;-1.41210282033507;4
4213010;0.191236916911813;0.39543510110145;0.358928596567368;0.394605000327151;4
4213011;0.622385358031284;0.497737696311379;0.428508421934123;0.401347251207894;4
4213021;-0.34169711288907;-0.442956675535713;-0.390819262229902;-0.380273700883494;4
4213025;-0.724992415036818;-0.720236336930137;-0.736417553997244;-0.699817632756256;4
4213030;0.402202149960959;0.610561521069075;0.607091023584271;-0.194059561310012;4
4213031;0.255551183411319;0.415617368073514;0.435915778480453;0.732492806074993;4
4213044;0.178570307673291;0.319155476900617;0.388896589066951;0.697354044737337;4
4213045;0.237811994154027;0.616572562274598;0.542529231508195;0.605959460648115;4
4213047;0.13768703944136;0.223291258175897;0.305574030196202;0.562425948569546;4
4213050;0.661403910656706;0.655791034972164;0.779031590692778;0.722037237631911;4
4213055;-0.624193411015794;0.542877022196026;-0.0429949196064949;0.0198302761333967;4
4213070;0.593825792994382;0.669550219493232;0.731041621043149;0.84882863019798;4
4213090;0.54158410272248;-0.311114003395054;-0.839552029033254;-4.92615455382387;4
4213091;0.490936728331239;0.243448226759582;0.467694876759882;0.51532104131934;4
4213095;0.699899351153665;0.613335931049573;0.619515479952974;0.441723237320964;4
4213100;0.76718484949023;0.536498352384408;0.575048595603063;0.345245566387528;4
4213102;0.372521582447614;0.514773377977804;0.587259805245216;0.603876227263201;4
4213103;0.374824617038196;0.510998264092976;0.591602022520037;0.618197342945084;4
4213110;0.638863907891606;0.656239964038253;0.566524901975406;0.590441904400563;4
4213130;0.551542786224193;0.616889970270891;0.165717702807984;0.0374906427289036;4
4213134;0.730005186119828;0.650645532821087;0.721673633510115;0.58263579976023;4
4213170;-1.34683777298798;-0.00588218488609149;-0.591915356684223;-0.76704343781469;4
4213193;-40.542914805346;0.180778589758657;-14.2033695118848;-14.8605488049625;4
4213232;-1.12215853235513;0.230476431303124;-0.164564712687172;-0.0658518494188587;4
4213250;0.260368468735186;0.36305716379992;0.461284798643477;0.623057165131448;4
4213265;0.378425826280487;0.309264971640868;0.397791044492293;0.444764026161858;4
4213300;0.269454701452334;0.404735561918386;0.435570414104795;0.712812245485891;4
4213325;0.228545223139993;0.16971698745184;0.188231706924674;0.273276062595807;4
4213340;-0.12069614113764;-0.18622415429895;-0.110671623439416;-0.0771163883206909;4
4213341;-0.117785141267652;-0.208935415288861;-0.141833252279977;-0.131494410637643;4
4213345;-1.89320997672246;0.386266431880484;-0.144750396661827;-0.418477043927374;4
4213370;0.0832603426164672;-0.148076543854131;-0.0628791423371688;0.000499634176806318;4
4213435;0.0933743598775325;0.0371436081387891;-0.292967616789294;-0.034616467025228;4
4213440;0.236582509650308;0.283871395442378;0.368313498338888;0.538881153388601;4
4213460;0.0551380854177476;0.346206177749024;0.0482755101343183;0.0738864838815394;4
4213465;-456.20600173792;-3.67097430936758;-55.8465781435187;-31.4425810548905;4
4213530;0.336501359527434;0.336436284488779;0.307815396601749;0.490897052533468;4
4213531;-0.00650485182938287;0.260384532984686;0.0205106119365168;0.114583056593783;4
4213563;0.731691194132393;0.7091545976092;0.833309088394115;0.764160582109791;4
4213571;-0.83427822033357;0.350005770545751;-0.0188700507571331;0.126922274655983;4
4213576;-0.617116924168335;0.426491085179975;0.00575058320310207;0.154037444266309;4
4213594;-0.0394563632230645;0.108258199694629;0.317288914351672;0.136745642180129;4
4213645;-0.0060968655527891;-0.324989125135387;-0.406532228904187;-0.0510456056745077;4
4213681;-0.359391833081;-0.3523213154703;-0.320809919012805;-0.202524167077561;4
4213690;0.380413312926122;0.383791044338946;0.349143157010593;0.484187647060152;4
4213780;0.524362969990795;0.235172589185097;0.367145697664517;0.42438006391248;4
4213840;0.556372447062578;0.529413478337678;0.53652886477418;0.568401901028669;4
4213875;-1.4601427174448;0.249160367536825;-0.463395646373383;-0.844522378645163;4
4213880;0.572759897311965;0.727505224439833;0.358113847092523;0.697980320517701;4
4213890;-0.00740236930624505;0.660340402800498;0.229869604782625;0.466249534680571;4
4213900;-22.0660289547494;-10.6230259141214;-14.7269117362304;-15.4060216781215;4
4213910;0.209884585307721;0.543856054350322;0.0652571830658776;0.38395211858778;4
4213935;-11.8149412163992;-3.06665183477015;-6.29365690095882;-2.75930309873197;4
4213940;0.206488206862258;0.0679861801611003;0.184168889719904;0.258924295288222;4
4213945;0.329088267572736;0.582114099923721;0.127308770995041;0.465517609903093;4
4213956;0.664168394252445;0.607545641183725;0.511840594210518;0.486023982395167;4
4213975;-1.89586764742896;0.442740152962676;0.0885332496408078;-0.239207824762658;4
4214090;0.196452672010286;-0.00044030004193818;-0.369635578653485;-0.134391466397507;4
4214100;0.525270077148908;0.35000747642378;-0.803093687333009;0.675898520513421;4
4214105;0.639604203501694;0.58111934037827;0.595760765932702;0.112046938346931;4
4214200;-4188.70124962897;-7.4396652448846;-5.33513934168551;-2391.89785538399;4
4214210;0.531003608607775;0.52438540179191;0.581856962715789;0.585854361679536;4
4214285;-0.146745036905889;-0.165505059131694;-0.0491993501555268;-0.228849306588917;4
4214287;0.127176008776119;0.0991806543212613;0.323680924983994;0.475818809581435;4
4214290;0.137627201547979;0.528950974566402;0.332656488746886;0.0851642524317612;4
4214295;-1580.7115188648;-46.1231278177009;-160.968872271867;-115.415675670403;4
4214297;-1.48927771473937;0.434328765702498;-0.403050806237821;-0.345043407306633;4
4214300;0.594858280907179;0.391890462850979;0.462401062180913;0.639435715156871;4
4214301;0.476528734519543;0.511291297657424;0.628647038003476;0.63147219187261;4
4214305;-11.889137461117;-2.71904985380637;-7.9442016308922;-7.95948235422324;4
4214351;0.542083877430183;0.682619256599349;0.390667711103661;0.561505162147153;4
4214420;0.349549434364499;0.260536783641805;-0.0266944905454387;0.684433943626711;4
4214440;0.81998085109547;0.769601996465388;0.720715409454725;0.660604367345268;4
4214507;0.708634550812089;0.647641194076338;0.361827729359548;0.697423626430369;4
4214530;0.860117625970023;0.69545060633083;0.663657359178526;0.605511572447623;4
4214531;0.857661071420867;0.550587287194066;0.531905228784084;0.697019143876302;4
4214551;0.687573183437368;0.633686599388809;0.462055805758049;0.727182678903002;4
4214560;0.184873978482999;0.410890055939526;0.273365666098978;0.486541759240104;4
4214610;0.816070204783579;0.733079558126635;0.658236923850244;0.81099340534923;4
4214621;0.687541534405329;0.648649599674534;0.530757297718932;0.633768472005319;4
4214655;0.892148406744399;0.858328827349721;0.672475643708641;0.645168004056012;4
4214670;0.676757640190231;0.802967376080789;0.910375082942315;0.484783709988141;4
4214680;0.326103592656586;0.427704308554653;0.460795925817037;0.302191700556993;4
4214830;0.731004300922085;0.731005072256975;0.758212477844368;0.374749428303248;4
4215185;0.083615549412856;0.26371115537217;0.299238554696923;0.482255113071363;4
4215230;0.646552235968162;0.61690442043835;0.574699844002843;-0.701742407314897;4
4215260;0.393365568390104;0.679560936993499;0.637630726563171;0.271182264080322;4
4215270;-0.403979415077393;-0.408069324954066;-0.398723437244565;-0.38739500627494;4
4215300;0.677005313414833;0.707964151750128;0.787377576881552;-0.976293022427633;4
4215660;0.257365258757987;0.58226991315966;0.494548209758548;0.371011500778036;4
4215670;0.307486615328738;0.711739041383629;0.643513523368542;-0.136947471856965;4
4215680;0.0944210935434837;0.168924827531388;0.194507823929789;-0.148964280777372;4
4215700;0.366504525721568;0.588460301325002;0.727452273012764;-0.127929856708214;4
4215706;0.43111071506247;0.668613946792805;0.772725517490367;-0.291315431187881;4
4215900;0.762123634297516;0.61427222772671;0.483064215935041;-0.0910763067883527;4
4220410;NA;NA;NA;NA;4
4220420;-0.0699679392247798;-0.317079374525388;-0.187125858809492;-0.0603880572885689;4
4220432;-0.16752295270849;-0.353103241544165;-0.22336228459145;-0.124948600640652;4
4231200;0.810562756134999;0.785255881586274;0.914581469223425;0.791668002052625;4
4231250;0.807989970404649;0.847797794002265;0.830618343191744;0.801603520232747;4
4231601;0.874240558267567;0.894643935520932;0.630616074266084;0.895424995937367;4
4231620;0.732709331677719;0.862021548197378;0.896328816905709;0.703533108429276;4
4231621;0.529635498846501;0.636052326423262;0.690508213455947;0.494842402085313;4
4231630;0.820884474184847;0.852440142718009;0.592105227018483;0.845329443118142;4
4231650;0.860579873093773;0.76734667513632;0.496598735535613;0.874378590366615;4
4231680;0.687364421658511;0.533705790643885;0.422905393827688;0.6505435841303;4
4231800;0.816533403831789;0.764688435079153;0.753173197613764;0.743648554480129;4
4232010;-0.423762283108965;-0.447301397408941;-0.431742894072569;-0.424704511377572;4
4232600;-0.410843693359401;-0.419695131297211;-0.411208630088638;-0.413982096536772;4
4232750;0.603819794803666;0.521780411352821;0.467622270768524;0.48166218760856;4
4234100;-0.465197836618178;-0.457218678245888;-0.4690455251286;-0.468104335378575;4
4234300;0.507324015641364;0.541504190506296;0.528984001389732;0.47266056816729;4
4234701;0.627009605266586;0.773741971210885;0.729881537964181;0.636421735067184;4
4234900;0.825006669291646;0.742326815954986;0.829324974548383;0.790458200919801;4
4235100;0.711867657211871;0.665913698797642;0.721753908669153;0.623534813511066;4
4235101;0.720286124416247;0.663561397078418;0.738289294762888;0.625605658638496;4
4235190;0.761204166159155;0.765634725172246;0.755474464996561;0.753253429769047;4
4235191;0.799238940028041;0.794996304332633;0.754047774278192;0.75091928331558;4
4235301;0.830440878132394;0.813039173902087;0.847172765087369;0.83916554191074;4
4235500;0.79420524161926;0.763689983676881;0.779803923344492;0.741458648995938;4
4236600;0.522621729426224;0.545112114350727;0.530396141510716;0.443290951234246;4
4236700;0.868357722644609;0.868295062334142;0.826012812407289;0.89243730781267;4
4243070;0.535413347881518;0.47454017219628;0.610010709148976;0.503203354344466;4
4243080;0.754100606113947;0.725728623303843;0.61714194424375;0.558083500093991;4
4243141;0.674019335687079;0.687646794250836;0.750752580932945;0.649299793867633;4
4243215;0.768269247979592;0.757577463989129;0.741213257469586;0.691893520550859;4
4243240;0.855858670084188;0.788870295831913;0.830913149893751;0.699263296414089;4
4243250;0.584441155316692;0.68543849158897;0.470010347406048;0.701153219101723;4
4243300;0.657481268618288;0.576591960864047;0.650105758595755;0.525446478577001;4
4243360;0.847852408878121;0.857082596987132;0.797118812559004;0.853860482252699;4
4244450;0.535525711747063;0.743431078046401;0.696175881914538;0.553480086836144;4
4244460;0.504240476948265;0.600959083148085;0.669842434444045;0.618180863931547;4
4244610;0.498606639823194;0.656928619267229;0.689816736228754;0.641047946968705;4
4244730;0.76174595602012;0.679216001666897;0.420040088739891;0.404681015755968;4
4244810;0.727879024575424;0.86757925964899;0.902443394149128;0.941591828673513;4
4244840;0.701807912725877;0.730426383862442;0.718849221533473;0.695830116998806;4
4244860;0.658785398289818;0.586733352696736;0.478340988455971;0.714030428335403;4
4244995;0.827875207223718;0.435399585353255;0.854681989947288;0.841636474341652;4
4351710;0.112132055753137;-0.410259531263945;-0.140477739731533;-0.15942689488948;4
4355410;0.491884538000163;-0.163904455824001;0.362460396713426;-0.247848469148212;4
4355700;0.759151927144897;0.792241115278531;0.856879088196308;0.826255844964134;4
4357110;-0.723876894346657;0.494464058864432;0.266791271599669;-0.67583499409432;4
4358510;0.575672798294339;0.590557676515065;0.415948689775586;0.786881861070743;4
4358520;0.717824772744942;0.54404422102638;0.6653814027921;0.61621739453421;4
4358600;0.73422038149321;0.685479217917878;0.683286275370955;0.764507591610216;4
4362110;0.390346242426843;0.0650680992944837;0.284127840371458;-0.0514503342326691;4
4362600;0.492251504250126;0.587327596530742;0.493581374192349;0.66739004248099;4
5101020;0.762620211825594;0.721207018366557;0.82297349628094;0.86479625372267;5
5101040;0.636217571728128;-0.297969977663197;0.731562355450165;0.763875604123476;5
5101050;0.780575910704233;0.235906066736975;0.705423899642314;0.621680663277536;5
5101070;0.164479437164585;0.526054946602369;0.199163285871199;0.201461862189895;5
5101080;0.609118036765789;-1.29479077405848;0.52379092627167;0.681972328916586;5
5101100;0.202378077397169;0.612939134037098;0.227918415194216;0.191963338946216;5
5101101;NA;NA;NA;NA;5
5101161;0.702078011911424;-0.860020102738137;0.770350191509137;0.844923186771457;5
5101163;0.765897119883055;-0.522092097164003;0.801792338919202;0.755206296917493;5
5101170;NA;NA;NA;NA;5
5101200;0.686001156097823;0.699514760982269;0.620628834077053;0.615669852987341;5
5101205;-1.7217714640413;-4.54048145538244;-0.909402313326731;-0.0496337214991014;5
5101290;0.697452701835413;-0.576080879202457;0.739140781262556;0.571504902234936;5
5101301;0.573396796476035;0.569471566021523;0.517421079726546;0.504199307302015;5
5101303;-4.54291678354957;0.259588760706855;-1.96135543876937;-1.64597281103335;5
5101305;0.206421731107827;0.43696588157428;0.364960714745353;0.205452828283053;5
5101307;0.441814620491086;0.0422563787062814;0.283875776448999;0.374050280062296;5
5101308;0.280226201446893;0.214928091018385;0.182084036254771;0.196335975365342;5
5101320;-0.709648485834215;-2.07138206238671;0.0429883842152196;-0.491687686520241;5
5101380;-0.439037393430977;-15.6447387115264;-0.219537521283463;-0.412757718906384;5
5101381;-0.624937584157698;-7.96901260020506;-0.462840023670219;-0.442327735946227;5
5101390;-0.621935714607005;-7.29903409864876;-0.451236079234008;-0.453979936556467;5
5101400;-1.52086777433342;-20.2784887184897;-1.1544670692988;-4.60387478364475;5
5101440;0.280437564398353;0.722720488405006;0.243667191541723;0.214282706133456;5
5101470;-0.158037129470573;0.347307092153315;0.0795411062052861;-0.0793407057822262;5
5101500;0.741458342844141;-1.16091193920322;0.883947347198492;0.82129237371824;5
5104223;-0.676902039987195;-0.0959161493696274;-0.395383316008826;-0.378642750709506;5
5104230;0.270986646786522;0.329543323269632;0.319384942359845;0.27395343517867;5
5104245;0.376220199251316;0.182396616583344;0.226540313485055;0.265707677270826;5
5109110;-1.25925980993533;-1.72185988979228;-1.99106128882483;-1.00481332418524;5
5109151;0.0773521923466262;0.546877204927748;0.438641957316015;0.635405192683827;5
5109170;0.291537504583818;0.525676263888398;0.238852594006998;0.721232769150862;5
5109200;0.509112301060551;-0.164130320827386;0.545112748666694;0.737677297511699;5
5109210;-2.61570460486231;-3.40658504130433;-2.47535330143616;-1.62310287943985;5
5109240;0.731345367906691;0.206074419078123;0.749915779420487;0.55416333344628;5
5110030;-12.8087792847034;-10.0180271733754;-9.83742582199062;-8.83240063124453;5
5135100;0.702187262913272;0.569350905055649;0.55331231041819;0.622238017953992;5
5202030;0.797324102496307;-0.758212472543199;0.739742101828001;0.520136117778327;5
5202040;0.79949629915509;-1.44961673959265;0.758147014961492;0.592470970510543;5
5202043;0.197585919498097;-1.02185287544603;0.50922689006952;0.18358071212649;5
5202044;0.463424819575011;-0.0727675184311312;0.697542942674722;0.353075429549769;5
5202046;-3.18243887187127;-2.24191461530229;-1.44941796797486;-1.52421701877574;5
5202049;0.826610252789469;-2.58184155950863;0.745841164904345;0.654802693904862;5
5202055;0.729348607421198;-0.0999242212909959;0.777496405855696;0.0844618051612446;5
5202067;0.00741177844815832;-0.990089748914918;-0.0173138138336451;-0.988389840986024;5
5202070;0.726945790587841;-0.945585810418442;0.75328401990543;0.555637842689951;5
5202075;0.811636288772685;-0.310000383747269;0.948027593353995;0.49105126267051;5
5202080;0.474830911733335;-0.673382290689508;0.744875352960728;0.319119455616353;5
5202095;0.47214852849924;-0.20747564336801;0.5650132275444;0.38405127189686;5
5202100;0.417207406793103;0.511402855598131;0.40881540384696;0.700114769375583;5
5202102;0.331690844756807;0.360412904358554;0.294063345397104;0.365381228104379;5
5202103;0.268124858735883;0.390351967953475;0.229672904750574;0.319327037094314;5
5202107;-0.34962248727637;-1.13838925902262;-0.22171474689166;-2.00640457005352;5
5202120;-1.62459566574393;-2.98401786153836;0.575297488043078;0.567602827645489;5
5202135;0.436395418860912;-0.00326411772429025;0.429924995659766;0.437269871565733;5
5202145;-0.0294891342094741;-0.174960133343455;0.566289913992447;-0.0262106893792495;5
5202160;-2.99716180220719;-6.27275420210813;-1.73059633527017;-0.972279580754344;5
5202200;0.381668281737791;0.00974139028760612;0.52639132397474;0.387614707065453;5
5204018;0.872615522127293;0.755231909631385;0.847875694219677;-0.13863038076912;5
5204104;0.62964944920305;0.604779157059151;0.549377040514269;0.616508854192741;5
5204107;0.509138181624416;0.435390454481004;0.349281252114986;0.458656574635975;5
5204120;-1.54904230841036;-3.46422200071204;-0.457956521911453;-2.02737224834302;5
5204140;-0.475034205842388;-5.39313670692878;0.149029489611594;-3.45087653941755;5
5204181;0.0422005259268838;-0.0194386020922861;-0.0247885459635109;0.0215598360962692;5
5204190;-0.260429334265498;-0.447842019804061;0.220727481570254;-0.617859097816515;5
5204195;-0.0569231553408547;-0.669649587036413;0.122979362388507;0.232163385012402;5
5204210;0.0343974965393675;-2.31852554629067;0.449077465177109;-1.18672118020309;5
5204250;-0.246428425263979;-0.255868446798423;-0.278218394210644;-0.290582011132686;5
5204255;-0.185847455801499;-0.215554595493054;-0.228632085644813;-0.218928447919102;5
5204301;0.780415425759235;0.811412098409155;0.674418205729639;0.775917310422483;5
5204302;-0.790093280138464;-1.11145264175144;-0.0253744231347395;-1.22334792126187;5
5204401;0.339895488128175;-0.517178485695541;0.767705632429203;0.551946104861132;5
5204402;-0.0116860773592518;-0.508019721150847;0.383693655002031;0.183040645072721;5
5204452;0.014289004824556;-0.0302708050477722;-0.0493026993421346;-0.0318226389141609;5
5224500;0.185527507911788;0.440904435275711;0.383278318645412;0.336439599714146;5
5226300;0.239044743700142;0.402199964135796;0.448675421320282;0.57031798716938;5
5302100;0.428872755491001;-0.28442062521345;0.560542648566149;0.469293217289424;5
5302110;-2.03949974985076;-0.553707130357046;-0.351635409814157;-2.56843750387495;5
5302229;0.290521044535651;0.307622970204491;0.238333236978623;0.37001882191972;5
5302242;0.750098781056766;0.659003051285323;0.788588918659263;0.274100715896154;5
5302245;0.788489729672725;0.620988690289219;0.844416818270296;0.464613398120319;5
5302265;0.0387770799030207;0.269941246817348;-0.00190111148163896;0.215635628221172;5
5302270;0.367444546692667;-6.78843913123459;0.276639735991962;-0.058785032768055;5
5302320;-0.0276424301262967;0.0594854746408155;-0.0471397719757507;0.0317629906099851;5
5302365;-0.591887998971375;-1.071751704934;-0.0957392202704861;0.126763336890625;5
5302400;0.459844502507842;0.305891463415624;0.487242913619977;0.488956798670667;5
5304019;0.657321417028156;0.6111579716199;0.552789952143257;0.613698235613035;5
5304035;0.378183566023725;0.585498620136853;0.608868940621501;0.655971604148217;5
5304040;0.658230686104504;-1.04363037524463;0.720087198809177;0.671811763235166;5
5304069;-0.322222901343161;-0.835776075110415;-0.0283589780802769;-0.322467203630277;5
5304070;0.206606306428816;-4.60763586546562;0.330585333716457;0.40375610282674;5
5304095;-2.36705539127883;-24.3472902494701;-3.28646714495112;-5.09782631793562;5
5304150;0.18654279700669;0.210339460802264;0.0889797403351591;0.170347052837503;5
5402390;0.102941167822561;-0.361613376540339;0.190158538504739;0.339220269546198;5
5404265;-0.230377159091947;-0.0123477456451151;-0.203518456901693;-0.161011404106762;5
5405050;0.145473802024097;0.423958650946583;0.182002686128289;0.182214662248394;5
5405130;0.115993542194438;0.483256066647082;0.128496766953599;0.14794190683891;5
5410100;0.136385264357737;0.0730917280113347;0.0879713268989908;0.0687566368054439;5
5606042;0.103053775584855;0.530758867480474;0.197198468939068;-0.0437683540366165;5
5606130;0.040070325637117;0.552651854714061;0.0845697708604455;-0.0187731049966393;5
5606140;0.25723407394755;0.0917371309321731;0.331643012186054;0.293910322753058;5
5607080;-0.12308032198692;-0.212218948795101;-0.0774423657207883;-0.125864244432287;5
5608091;-5.18931373112723;-22.1818274654679;-12.2421452313893;-1.53521765410294;5
5608095;-6.58269630605041;-14.925996751072;-40.1496066255338;-2.46719044496107;5
5608096;-4.03209032992399;-8.29806100477941;-12.6051406132408;-1.32035300947225;5
5608400;-30.1668816032248;-82.9190089353512;-41.0102181854347;-8.75511577993579;5
5708126;-1.63753060775184;-1.17770810989959;-4.30728614546282;-0.880178985104315;5
5708130;0.000927957865710871;0.120921149410542;0.274543354192922;0.00491843931257185;5
5708145;0.740671039111951;0.792049075458129;0.800075895054985;0.613143835138145;5
5708160;0.362659596251249;0.243712364044793;0.0513335412939511;0.57219043988523;5
5708185;0.689081716465798;0.538113972200073;0.50414656739121;0.81668086318686;5
5708200;0.791837597506748;0.693264000154735;0.763587917312818;0.775763146224532;5
5708220;0.709134048158115;0.221620311728338;0.664393792222501;0.75233281083789;5
5709100;0.314171179221514;0.565358289242175;0.636031775809552;0.354892401052147;5
5709110;0.346556945573863;-0.0783415299154127;-0.139259816338522;0.581644336112245;5
5709111;-0.454122998950598;-3.85366097658198;-2.43347128564743;0.496235388303305;5
5709112;0.488337547242083;-0.659424287480794;-0.155786883218166;0.761732329176126;5
6118165;0.225166763313109;0.392658306104903;0.26064220837283;0.523168029491937;6
6119020;0.719465312125121;0.568075578885631;0.292752023830437;0.376774742519437;6
6122145;0.612152330561298;0.676727308777766;0.200819187913919;0.680903214626641;6
6139825;0.460523166111125;0.545833116662157;0.706920138433594;0.75696914718672;6
6142110;0.636101879784261;0.147949292711596;0.583501160084556;0.23852113219177;6
6142520;0.751302587397855;0.666111625892698;0.809430032402494;0.598584349760506;6
6142620;0.531190713638604;0.592462096954741;0.750751557459556;0.420621206945597;6
6142640;0.42250979223404;0.59185109499203;0.643776161201117;0.561226116617898;6
6142660;0.817091901574245;0.779162390733797;0.623051396317832;0.545853190818698;6
6196080;NA;NA;NA;NA;6
6220204;0.262274843908402;0.210111944606516;0.291670090846006;0.0921180989336353;6
6220502;0.106167975043318;0.0948474979069009;0.120462981498741;0.101536762458721;6
6221110;0.334916498540898;0.293701399818848;0.345331965236855;0.335332508596399;6
6233100;0.665901938145567;0.44664599129251;0.44164490181375;0.685121205406669;6
6233150;0.208739678295281;-0.201405156874452;-0.0918684212634129;0.463497645459658;6
6233160;0.816967171026339;0.654759158114612;0.845036493409942;0.83011799617244;6
6243030;0.48401546259225;0.369953840429899;0.663177699451232;0.622608103104031;6
6335070;0.626755268391216;0.559431530090519;0.715171817332554;0.541791853666189;6
6335302;0.50328183052464;0.359452489241358;0.495907107313555;0.428642060660042;6
6335303;0.555969454879351;0.428056857795984;0.55718726887262;0.50582101087699;6
6335521;0.256070545091583;0.169610023811211;0.2289176706339;0.219298514248735;6
6335620;0.664117597355827;0.528549264961701;0.63540551691799;0.65466487192448;6
6335675;0.589227628282213;0.483202177274276;0.581903201090415;0.529121384749859;6
6335710;0.654485667201375;0.359872842404361;0.921561097721523;0.328549454136528;6
6336050;0.805642465274278;0.695054412564004;0.816618274095929;0.655926118078604;6
6336900;0.68663875313375;0.539041861158649;0.649835083359272;0.554259733347358;6
6337050;0.46990403989795;0.412943884044375;0.430021710858482;0.361148722562481;6
6337350;0.810788632233591;0.459439249112252;0.693385117297823;0.249334846976297;6
6337400;0.506144545014695;0.528260555903237;0.561824877992087;0.497214721116431;6
6337517;0.475527684147255;0.500997410506357;0.536289982572773;0.450870640902931;6
6337518;0.480306515801786;0.505802272005572;0.528691473567896;0.457622324226947;6
6337519;0.498659061532834;0.525179204255823;0.553609367180405;0.483281632879437;6
6337550;0.440511379803412;0.359764880060251;0.389724207025112;0.318604889988078;6
6338100;0.534899479937879;0.476023585798115;0.522615685067218;0.439960993723994;6
6338110;0.632214164777779;0.528157136536461;0.615448298676396;0.490939427441953;6
6338120;0.612527273428945;0.494281825185811;0.584788955013661;0.460196351879378;6
6338130;0.622833885734325;0.511146164721231;0.604984143024073;0.477647534630846;6
6338140;0.512627645190334;0.454368452612562;0.501997244940178;0.42320572572442;6
6338150;0.551272791106253;0.440804263609204;0.5107527129096;0.412818568522234;6
6338201;0.689641717239546;0.619619818598556;0.714093787060947;0.661094566286577;6
6338210;0.526073919588727;0.513970583218637;0.550429902271016;0.483018417858566;6
6340050;0.184268199408478;0.156137670007566;0.199327559425164;0.167221667353396;6
6340110;0.503442906171877;0.266506872583709;0.48960327372704;0.295308979453119;6
6340120;0.564804689314826;0.396287010635538;0.537536491732189;0.291557659072225;6
6340130;0.555792160193722;0.370377001899023;0.535398451506595;0.292449984065529;6
6340140;0.507996575076089;0.327923240100458;0.503560441950483;0.285595730948048;6
6340150;0.506646452705471;0.29522922275139;0.490067720710845;0.273376455033585;6
6340160;0.505185372022345;0.321871913133339;0.500366290677496;0.286092617490423;6
6340170;0.551354409655569;0.366474535950514;0.542605844051935;0.304571574941205;6
6340180;0.510137514213343;0.329393501941429;0.505348454271933;0.288995754022881;6
6340190;0.567630945466044;0.39414136231396;0.544849820777451;0.294927307700496;6
6340200;0.290399862181111;0.222050930430786;0.294711999010867;0.144874368988525;6
6340210;0.399111078721918;0.42528385424711;0.434983492596278;0.34559513296672;6
6340220;-0.155979154307899;-0.0728090825201142;-0.167013487533914;-0.309330978451257;6
6340300;0.344887411779866;0.215871686390511;0.331801293312604;0.212190957649959;6
6340301;0.374337625719174;0.252429006494166;0.364238380711764;0.277639271220463;6
6340302;0.735297083969598;0.736259299070869;0.766167122869295;0.802788158543584;6
6340315;0.68783980933816;0.715520958552022;0.692368637857848;0.227868690012898;6
6340320;0.478051184828317;0.484387379163322;0.517762586504956;0.499429519202034;6
6340350;0.0548959204310314;-0.0307115929931265;0.0177802694668581;0.00827982444310182;6
6340420;0.53099949086089;0.442099389766506;0.497610617030205;0.524139367592907;6
6340610;-0.171852770187459;-0.239686106923312;-0.184857692705309;-0.210309449344666;6
6340670;-0.0755651976543115;0.714647029505501;0.273680034576452;0.678571209360065;6
6340700;0.282767379776699;0.161163232108749;0.266368199607143;0.234504295782333;6
6340800;0.443367576454519;0.2398334526384;0.422799819858343;0.310687931201434;6
6340810;0.548723355705874;0.357889733345411;0.509187666246065;0.468605602067092;6
6341500;0.473212746229057;0.310848942065331;0.409732622505903;0.370671137520404;6
6342130;0.572328194065997;0.38360469710044;0.539748128995282;0.49125188329165;6
6342200;0.779203274791381;0.790946290071705;0.615218193391421;0.682823289171838;6
6342512;0.658125526545629;0.517919283124944;0.596228070008435;0.617630631180662;6
6342520;0.577908940896639;0.41359835998864;0.560849913839355;0.57440163756957;6
6342521;0.469830085192982;0.345556458143805;0.470200758590352;0.508191698420319;6
6342525;0.186503538743393;0.244155605778167;0.212878060926399;0.336217732839256;6
6342610;0.698050573863477;0.519475238884509;0.672395781156844;0.541179997683699;6
6342620;0.58850171375956;0.661980253148174;0.686525978799849;0.570267825603672;6
6342675;0.315572379868571;0.1611886925197;0.260718968590731;0.196899470794602;6
6342920;0.603160128572958;0.437880817897508;0.60225012308961;0.531827808437833;6
6343100;0.594833894340108;0.455416025557956;0.768014898741864;0.677786253596705;6
6343500;0.624546277655912;0.545885619448131;0.764831480996126;0.680306656547666;6
6343535;0.588404497418678;0.678595108148397;0.439645641061014;0.648431000050324;6
6343900;0.627034131645815;0.509553989945016;0.790446826942253;0.692133106455679;6
6348201;0.401040214233378;0.724378004921931;0.447491409191209;0.369905047755827;6
6357020;0.426786548807536;0.202899845270694;0.403547166022931;0.36038393634925;6
6357500;0.671795013005917;0.246869001496783;0.613584416669674;0.195077389087325;6
6357502;0.742364640596769;0.529423137828025;0.748565331595683;0.330086365314503;6
6357510;0.534381673274408;0.279722854888693;0.513000744619332;0.4588822816965;6
6421500;0.686905625680882;0.658632947462437;0.786249885242853;0.57633066128904;6
6435060;0.572139862171598;0.510168130052844;0.645616513506518;0.48983546902906;6
6442300;0.0767828355696222;0.0772163524334047;0.0301000700072549;0.0219502557523505;6
6442450;0.6484739011413;0.487792962093219;0.722512279913013;0.520662608559877;6
6442500;0.62905662594388;0.470114373065315;0.745395668344137;0.536639708907204;6
6444100;0.612471850021995;0.352142599266438;0.650151413804465;0.599145279693655;6
6444110;0.598135191117802;0.19563421287106;0.689556394443669;0.741566762657577;6
6444350;-0.532285036636402;0.412240670062298;-0.106791924568438;0.457142031542474;6
6444380;-1.40467793931883;0.65150080898073;-0.272109519468614;0.503517775504003;6
6444600;0.682242271185098;0.277347623339869;0.699688133435659;0.592643825471604;6
6502141;0.568471813916547;0.820704401101034;0.67219928481533;0.699504170030359;6
6502160;-0.193606559129931;-0.122381708978216;-0.165516294377153;-0.157886871044407;6
6502171;0.565737702202056;0.795474917419147;0.684685179902747;0.948250869635416;6
6503100;0.64160878326137;0.463666459070011;0.534769341769466;0.887482123161497;6
6503151;0.923068381489565;0.607152522409128;0.819984783096419;0.927545858387614;6
6503280;0.600263210129883;0.636301493156809;0.765344946571572;0.85125631145926;6
6503281;0.604309029504121;0.78659794685885;0.763624471467265;0.838832737642852;6
6503282;0.806611597682109;0.579962888997584;0.941787714711344;0.847455345166243;6
6503351;0.686620063948001;0.870350459605667;0.780145711812258;0.681153082908286;6
6503353;0.649868885190212;0.844131597538741;0.748441761620437;0.741094859132076;6
6503354;0.794432062562169;0.721501521193314;0.850679870292131;0.785553047891621;6
6503410;0.829115494676089;0.671846608793813;0.776589650576431;0.846343311178606;6
6503501;0.862300256128085;0.384439971870002;0.880301569016343;0.867873716427516;6
6542200;0.519580575613108;0.460044843689645;0.66423426019128;0.495502811405997;6
6545501;0.304217031687882;-0.191440059792475;-0.155371223914632;-0.508101407079794;6
6545700;0.713184769230142;0.673106964031238;0.145586289785738;0.697733548682858;6
6545800;0.865989329055845;0.618190391342886;0.539246892149556;0.761379395472838;6
6547500;0.803540020064257;0.530039867920542;-0.32350006631131;-0.183464978305975;6
6603300;0.670735301951798;0.589080358864161;0.787469963305331;0.773902860496207;6
6603500;0.815098532185601;0.709087631661522;0.874564300123249;0.823440801774935;6
6604201;0.612701456708865;0.56474395886328;0.746302353651328;0.795847757299821;6
6604280;0.703309015555868;0.317772789991919;0.764673962439168;0.765256817026388;6
6604500;0.790113646185007;0.626597308654433;0.861070139098172;0.840782940560981;6
6605300;0.610692641032342;0.496231528338389;0.793745215504697;0.803101370458034;6
6605330;0.569785555854386;0.603012985923726;0.778902997397755;0.791424505513955;6
6605420;0.451175090206478;0.617566148541164;0.647749509633691;0.711656573787568;6
6605440;0.518595054302915;0.0156604345554666;0.615375084432448;0.35016418464481;6
6605550;0.729699850493018;0.548309479126946;0.770021950308535;0.791233097059723;6
6605565;0.246827680412327;0.552037076101385;0.359711380856467;0.408225701446567;6
6605570;0.511866030472306;0.634709188301095;0.655860097402591;0.68449009964815;6
6605590;0.609809227282009;0.21614385403462;0.70191898646213;0.627327488859449;6
6605730;0.552517406844955;0.48366689919145;0.685709567094782;0.673365255341236;6
6607210;0.590780610221945;0.639449082302012;0.75540680587541;0.686609383493322;6
6607710;0.76030651419772;0.876907225430507;0.810528718947769;0.673699401309867;6
6607760;0.762354954932108;0.606722228030992;0.735788895085474;0.758022912454711;6
6607851;0.683143994310248;0.599594593138165;0.748779921494885;0.717850275243408;6
6608200;0.870921983410206;0.483129850041299;0.831381342415562;0.901707497719852;6
6608300;0.876248828040682;0.230083629556908;0.795090906598179;0.86746430461266;6
6608501;0.6434861411872;0.622787285943498;0.795721781783693;0.718921782410821;6
6609100;0.483172336108305;0.671843276771245;0.630553892677519;0.640560317479732;6
6609110;0.318276848712003;0.598302546336689;0.482372179852923;0.441783543380311;6
6609560;0.40707156947998;0.298780648117024;0.397830362954266;0.30857854876403;6
6730100;0.690669768208802;0.725165463312605;0.315702878121177;0.809096077298882;6
6730501;0.684988277553491;0.86783858980377;0.284091631631256;0.48134418110345;6
6731020;0.434347175257869;0.474380033167393;0.615929495721677;0.626585839997734;6
6742201;0.638106314242673;0.558158868066555;0.80904716175451;0.641072363159664;6
6742500;0.657232572988809;0.530821145399491;0.8163570015145;0.629798049280149;6
6742600;0.625431853105741;0.404964389312561;0.590209406994307;0.526872840145048;6
6742701;0.625293462768913;0.415878212803698;0.622734947522549;0.568228198449622;6
6742900;0.663514304514337;0.505080803994772;0.814118479634549;0.597516986418414;6
6744100;0.540690421843406;0.588222072321317;0.327991068444489;0.61528584656246;6
6744201;0.695283510367196;0.365594831680089;0.722549635276377;0.731544398300258;6
6744500;0.712569718861402;0.443620699088261;0.756764275540227;0.730943654090833;6
6744600;0.608398964842262;0.668662593652525;0.750103865268665;0.693828181936266;6
6830104;0.878916978021949;0.884365547042006;0.16428549963627;0.149370519824996;6
6830510;0.705358108252351;0.894732427742057;0.472995014348582;0.568167919069494;6
6854101;0.418007632657397;0.641905485682648;0.292856198630513;0.608434004856392;6
6854102;0.304977954208972;0.223008840737931;0.348723193468191;0.226020642699143;6
6854104;0.631787080144441;0.765543376174136;0.469619235122697;0.708710275662469;6
6854105;0.661132845957232;0.638389124695084;0.625291436673965;0.666080959339294;6
6854106;-0.218552354074274;0.247721259583818;-0.539480426919152;0.292722799529608;6
6854107;0.130683591202503;0.144635578021769;-0.0316781757611302;-0.050155617655403;6
6854108;0.123710463159775;0.133772936119565;-0.300992274059127;0.0584164115805854;6
6854151;-0.255828669732116;0.0731987398001716;-0.379103132766869;0.34666437630276;6
6854200;-0.119783999699112;0.469950123239611;-0.397898894392789;0.346901881101504;6
6854590;0.377439201271309;0.55214929614904;0.731850796929539;0.436373641992919;6
6854592;0.812730397201045;0.726117652700025;0.224303135116709;0.681163433667283;6
6854601;0.77707883233307;0.303742704634558;-0.0831875555788066;0.665711448012123;6
6854610;0.892388406309437;0.281015318936702;-0.197187322180755;0.798805696929024;6
6854702;0.675973141545143;0.630947678158587;-0.091041522047967;0.447568506955428;6
6854705;0.751484722360618;0.297611099663125;-0.539837514863709;0.0606498318552392;6
6854707;0.807869294290938;0.714875563677436;0.0554078678936135;0.716456909991377;6
6854709;0.76422158701152;0.318109602699762;-0.788179355046669;0.209092424303524;6
6854710;0.889913867825224;0.604964195968528;-0.196737264454007;0.597394109811717;6
6854712;0.662065390990801;0.456564514921112;-0.334866615231614;0.150308650127931;6
6854900;-0.216699639308032;0.110857890606632;-0.796647585256578;0.284417524710255;6
6855409;0.572691889914411;0.409241745225396;-0.269446860694998;0.592992513229825;6
6855412;0.836228386675062;0.744095207819059;0.772141387592634;0.789038135592291;6
6934100;0.382522709768496;0.527861028323013;0.478687789067801;0.32226951273943;6
6934500;0.425141118763324;0.340621705273724;0.375997457046591;0.427207064672682;6
6934571;0.529056318316534;0.460175921341663;0.576311559378757;0.559506295676438;6
6934800;0.516952908747743;0.675445105502505;0.642426924444071;0.348309804596079;6
6935054;0.503956634687517;0.554547500251254;0.771450998022656;0.630467042692753;6
6935055;0.31767252352193;0.384201836707536;0.570343108012566;0.474352129150803;6
6935500;0.42305716722535;0.43952484378417;0.623419053786911;0.516289178646077;6
6948100;0.516736259983102;0.65767020975337;0.723997339785032;0.54003896407692;6
6948110;0.385777145354106;0.361869770042202;0.52610070959917;0.329007032233693;6
6970100;0.734354024496678;0.844414120890304;0.403234948775199;0.855337877447857;6
6970250;0.538908473014893;0.859199392871352;0.125558521379546;0.733162126765348;6
6970500;0.61322134548442;0.49600187184695;-0.332353765457118;0.060712278818036;6
6970560;0.679464449097419;0.536644741492787;-0.568147462547754;0.178478470152061;6
6970700;0.837196299712653;0.516804761794092;-0.284468528572521;0.701487457760839;6
