grdc_id,grdc_longitude,grdc_latitude,model_longitude,model_latitude,coordinate_snap_distance_deg,grdc_catchment_area_km2,model_catchment_area_km2,catchment_area_relative_error
1104450,2.82,36.67,2.8500000000000227,36.74999999999999,0.0854400374531751,1912.0,1888.0,0.03
1107700,-1.45,35.15,-1.4499999999999886,35.24999999999999,0.0999999999999943,7245.0,7611.0,0.07
1107800,-1.22,35.07,-1.1499999999999773,35.14999999999999,0.1063014581273548,1118.0,1114.0,0.02
1134030,-8.667,11.683,-8.649999999999977,11.749999999999991,0.0691230786351406,71750.0,70762.0,0.03
1134100,-7.55,12.867,-7.549999999999983,12.949999999999996,0.0829999999999948,120000.0,118012.0,0.03
1134250,-6.05,13.717,-6.049999999999983,13.749999999999991,0.0329999999999923,137000.0,131975.0,0.05
1134300,-5.9,13.217,-5.849999999999966,13.349999999999994,0.1420880009008565,101600.0,101576.0,0.02
1134500,-4.22,14.53,-4.249999999999972,14.649999999999991,0.1236931687685153,281600.0,278394.0,0.03
1134700,-3.383,16.267,-3.549999999999983,16.25,0.1678630394100925,340000.0,343939.0,0.03
1134730,-3.033,16.667,-3.049999999999983,16.749999999999993,0.0847230783198886,342000.0,350228.0,0.04
1147010,15.3,-4.3,15.250000000000028,-4.250000000000007,0.07071067811863,3475000.0,3627180.0,0.06
1159100,17.721,-28.758,17.65000000000002,-28.65000000000001,0.129247823966192,866486.0,792249.0,0.0999999999999999
1159300,21.239,-28.458,21.15000000000002,-28.45000000000001,0.0893588272080403,364560.0,356686.0,0.04
1159301,22.746,-29.652,22.75000000000003,-29.55000000000001,0.1020784012413895,339310.0,331088.0,0.04
1159510,26.613,-27.398,26.650000000000038,-27.35000000000001,0.0606052802980211,7801.0,7878.0,0.02
1159511,26.626,-27.4,26.650000000000038,-27.35000000000001,0.0554616984954534,7794.0,7878.0,0.03
1159520,27.286,-27.356,27.25000000000003,-27.25000000000001,0.1119464157532316,905.0,878.0,0.04
1159601,26.353,-31.001,26.350000000000023,-30.95000000000001,0.0510881590977692,2397.0,2431.0,0.03
1159650,26.716,-30.678,26.75000000000003,-30.55000000000001,0.1324386650491432,37070.0,37665.0,0.03
1159651,27.358,-30.336,27.350000000000023,-30.250000000000007,0.0863712915267461,24745.0,25457.0,0.04
1159660,26.921,-30.831,26.850000000000023,-30.750000000000007,0.1077125805094068,8689.0,8799.0,0.03
1159800,28.063,-26.82,28.050000000000026,-26.750000000000007,0.0711969100452986,38564.0,39312.0,0.03
1159810,28.496,-27.298,28.55000000000001,-27.250000000000007,0.0722495674727573,15522.0,15838.0,0.04
1159900,29.233,-27.169,29.25000000000003,-27.05000000000001,0.1202081528017062,4152.0,4170.0,0.02
1159910,28.884,-26.861,28.850000000000023,-26.85000000000001,0.0357351367703875,2239.0,2210.0,0.03
1160115,19.596,-34.405,19.650000000000038,-34.250000000000014,0.1641371377842309,599.0,613.0,0.04
1160120,20.023,-34.292,19.950000000000017,-34.25000000000001,0.0842199501305777,381.0,408.0,0.09
1160235,18.686,-31.863,18.75000000000003,-31.75000000000001,0.129865314845806,24044.0,24035.0,0.02
1160301,19.267,-33.422,19.25000000000003,-33.35000000000001,0.0739797269527089,753.0,723.0,0.05
1160320,19.535,-32.503,19.55000000000001,-32.45000000000001,0.0550817574156752,6895.0,6955.0,0.02
1160350,20.702,-33.572,20.65000000000002,-33.45,0.132619757200796,2900.0,2890.0,0.02
1160375,21.76,-33.987,21.75000000000003,-33.85000000000001,0.137364478668969,101.0,102.0,0.02
1160460,24.618,-33.731,24.550000000000026,-33.55000000000001,0.1933520105920618,29571.0,29195.0,0.03
1160500,26.078,-33.329,26.050000000000026,-33.35000000000001,0.0349999999999838,1479.0,1551.0,0.06
1160510,26.445,-33.098,26.350000000000023,-32.95,0.175866426585618,23067.0,23274.0,0.02
1160512,25.431,-31.904,25.350000000000023,-31.85000000000001,0.0973498844375048,1717.0,1784.0,0.05
1160545,26.744,-33.507,26.65000000000002,-33.45000000000001,0.1099317970379582,575.0,619.0,0.09
1160580,26.995,-33.238,26.950000000000017,-33.15000000000001,0.0988382517044702,29745.0,30030.0,0.02
1160600,27.391,-33.185,27.350000000000023,-33.05000000000001,0.1410886246300371,2530.0,2493.0,0.03
1160611,27.386,-32.915,27.350000000000023,-32.85000000000001,0.0743034319530201,103.0,103.0,0.01
1160625,26.576,-32.702,26.550000000000026,-32.55000000000001,0.1542076522095926,228.0,208.0,0.0999999999999999
1160630,26.296,-32.713,26.350000000000023,-32.65000000000001,0.0829759001156422,1245.0,1355.0,0.0999999999999999
1160660,27.855,-32.802,27.75000000000003,-32.75000000000001,0.1171708154789124,509.0,519.0,0.03
1160680,29.471,-29.777,29.55000000000001,-29.750000000000007,0.0834865258589759,545.0,536.0,0.03
1160690,26.79,-32.05,26.75000000000003,-31.950000000000003,0.1077032961426739,1414.0,1362.0,0.05
1160700,29.905,-29.744,29.850000000000023,-29.650000000000013,0.108908218239007,1744.0,1828.0,0.06
1160701,30.697,-30.169,30.65000000000002,-30.05000000000001,0.1279453008124779,4358.0,4400.0,0.02
1160705,30.244,-29.862,30.15000000000002,-29.75000000000001,0.1462190138114488,115.0,107.0,0.08
1160709,30.317,-29.749,30.25000000000003,-29.650000000000013,0.1195407880181214,104.0,107.0,0.04
1160715,30.277,-29.382,30.25000000000003,-29.25000000000001,0.1347330694372957,341.0,323.0,0.07
1160730,26.786,-31.923,26.75000000000003,-31.85000000000001,0.0813941029804773,2193.0,1999.0,0.0999999999999999
1160731,26.584,-31.744,26.550000000000026,-31.650000000000013,0.0999599919967773,812.0,843.0,0.05
1160775,29.15,-30.571,29.150000000000038,-30.450000000000003,0.1209999999999986,2483.0,2563.0,0.05
1160780,29.529,-31.496,29.450000000000017,-31.35000000000001,0.1660030120208498,108.0,105.0,0.04
1160785,29.422,-30.568,29.450000000000017,-30.450000000000003,0.1212765434863666,1034.0,960.0,0.09
1160788,30.869,-29.715,30.75000000000003,-29.55000000000001,0.2034354934616606,4084.0,4091.0,0.02
1160790,30.63,-29.162,30.550000000000026,-29.25000000000001,0.1189285499785414,316.0,323.0,0.04
1160810,30.148,-28.31,30.150000000000038,-28.15000000000001,0.1600124995117503,312.0,327.0,0.06
1160850,30.373,-28.059,30.350000000000023,-27.950000000000003,0.1114001795330627,5887.0,5803.0,0.03
1160851,29.942,-27.602,29.950000000000017,-27.450000000000003,0.1522103807235219,1533.0,1646.0,0.09
1196100,30.741,-24.331,30.65000000000002,-24.250000000000007,0.1218277472499392,42714.0,42081.0,0.03
1196102,29.389,-24.926,29.350000000000023,-24.85000000000001,0.0854224794769891,16622.0,16148.0,0.04
1196140,30.672,-24.009,30.65000000000002,-24.05000000000001,0.0465295604965279,841.0,789.0,0.08
1196150,30.433,-24.035,30.350000000000023,-23.85000000000001,0.202765874840894,323.0,338.0,0.06
1196170,30.103,-24.912,30.150000000000038,-24.85000000000001,0.0778010282708518,445.0,448.0,0.02
1196210,31.237,-22.838,31.15000000000002,-22.85000000000001,0.0878236870098063,696.0,683.0,0.03
1196310,30.528,-22.908,30.450000000000017,-22.85000000000001,0.0972008230417638,104.0,113.0,0.0999999999999999
1196320,30.539,-22.771,30.450000000000017,-22.65000000000001,0.1502065244921006,326.0,342.0,0.06
1196330,30.389,-23.112,30.350000000000023,-23.15000000000001,0.0544518135602363,918.0,908.0,0.03
1196350,27.761,-25.777,27.75000000000003,-25.65000000000001,0.1274754878398124,1171.0,1112.0,0.07
1196360,28.09,-24.283,28.150000000000038,-24.250000000000007,0.0684762732631071,1801.0,1800.0,0.02
1196400,27.974,-22.951,27.850000000000023,-23.05000000000001,0.1586726189359606,98160.0,97471.0,0.02
1196500,29.579,-23.067,29.550000000000026,-22.950000000000003,0.1205404496424247,6731.0,7028.0,0.06
1196551,29.99,-22.226,29.950000000000017,-22.150000000000013,0.0858836422143147,201001.0,203999.0,0.03
1196561,28.475,-24.665,28.450000000000017,-24.55000000000001,0.1176860229593829,120.0,112.0,0.08
1196570,28.399,-23.982,28.450000000000017,-23.85000000000001,0.1415097169808463,638.0,677.0,0.08
1196600,29.254,-26.006,29.25000000000003,-25.85000000000001,0.1560512736250403,3256.0,3328.0,0.04
1197001,31.782,-25.682,31.850000000000023,-25.650000000000013,0.0751531769122382,8864.0,8783.0,0.02
1197300,30.997,-26.036,30.850000000000023,-25.95000000000001,0.1703085435320019,5540.0,5559.0,0.02
1197500,31.956,-25.364,31.950000000000017,-25.25000000000001,0.1141577855426283,10379.0,10275.0,0.03
1197501,31.088,-25.47,31.150000000000038,-25.35000000000001,0.1350703520392309,5131.0,5137.0,0.02
1197502,30.712,-25.449,30.65000000000002,-25.35000000000001,0.1168118144709521,1512.0,1452.0,0.05
1197510,31.622,-25.278,31.550000000000026,-25.15000000000001,0.1468604780054678,623.0,671.0,0.09
1197550,30.698,-25.49,30.65000000000002,-25.35000000000001,0.1479999999999841,1557.0,1452.0,0.08
1197700,31.126,-25.031,31.050000000000026,-24.95000000000001,0.1110720486891031,762.0,784.0,0.04
1197710,31.13,-25.076,31.050000000000026,-25.15000000000001,0.1089770618065862,216.0,223.0,0.05
1197740,31.388,-24.753,31.450000000000017,-24.65000000000001,0.12022063050908,1077.0,1011.0,0.08
1199100,30.594,-26.28,30.550000000000026,-26.250000000000007,0.0532541078227538,906.0,887.0,0.04
1199200,30.854,-27.528,30.75000000000003,-27.45000000000001,0.1299999999999699,953.0,986.0,0.05
1199410,30.634,-26.483,30.450000000000017,-26.45000000000001,0.1869358178626911,108.0,110.0,0.03
1257100,19.767,-17.9,19.75000000000003,-17.750000000000014,0.150960259671194,104058.0,104145.0,0.02
1257101,21.433,-18.033,21.350000000000023,-17.85000000000001,0.2009427779244467,244572.0,232857.0,0.06
1257200,17.1,-21.217,17.050000000000026,-21.150000000000013,0.0836002392340817,4971.0,5301.0,0.08
1258200,15.467,-20.417,15.550000000000011,-20.35000000000001,0.1066677083282512,14290.0,15073.0,0.07
1258202,16.133,-20.2,16.050000000000026,-20.150000000000013,0.0968968523740284,7729.0,8125.0,0.07
1258400,16.417,-22.283,16.450000000000017,-22.15000000000001,0.1370328427786559,8986.0,8937.0,0.02
1258502,16.4,-22.967,16.450000000000017,-22.85000000000001,0.1272360011946287,1918.0,1824.0,0.06
1259450,18.7,-23.117,18.75000000000003,-22.950000000000003,0.1743244102241629,8308.0,7901.0,0.06
1259451,18.833,-22.15,18.75000000000003,-22.05000000000001,0.129957685421034,4630.0,4703.0,0.03
1291100,24.3,-17.483,24.25000000000003,-17.35000000000001,0.1420880009008329,339521.0,334701.0,0.03
1425500,-7.59,4.38,-7.549999999999983,4.549999999999997,0.174642491965731,28800.0,29756.0,0.05
1426380,-4.75,5.88,-4.849999999999966,5.949999999999996,0.1220655561573067,95500.0,96938.0,0.03
1428400,-3.72,6.62,-3.749999999999972,6.749999999999986,0.1334166406412429,67400.0,70195.0,0.06
1428500,-3.49,6.29,-3.549999999999983,6.449999999999989,0.1708800749063339,69900.0,71915.0,0.04
1526300,-1.633,5.167,-1.6499999999999773,5.249999999999993,0.0847230783198891,22714.0,22612.0,0.02
1531050,-2.917,10.633,-2.9499999999999744,10.65,0.0371214223865183,93820.0,101909.0,0.0999999999999999
1531100,-2.033,8.15,-2.049999999999983,8.25,0.1014347080638543,134200.0,139259.0,0.05
1531450,-1.08,9.7,-1.049999999999983,9.749999999999991,0.0583095189484563,92950.0,96623.0,0.05
1531550,-0.85,10.583,-0.9499999999999886,10.65,0.1203702621082031,63350.0,59919.0,0.07
1547300,30.967,-10.183,30.950000000000017,-10.050000000000011,0.1340820644232341,6418.0,6456.0,0.02
1547310,28.75,-11.967,28.650000000000038,-11.850000000000009,0.1539123126978193,123072.0,123587.0,0.02
1547400,31.07,-10.95,31.150000000000038,-10.850000000000009,0.1280624847486708,34745.0,33967.0,0.04
1591001,23.25,-16.117,23.25000000000003,-16.050000000000004,0.0669999999999966,284538.0,290134.0,0.03
1591002,23.233,-14.383,23.15000000000002,-14.350000000000009,0.0893196506934289,206531.0,214296.0,0.05
1591237,24.417,-11.533,24.25000000000003,-11.350000000000009,0.2477458375028483,632.0,606.0,0.06
1591404,25.917,-14.933,25.950000000000017,-14.850000000000009,0.089319650693448,96239.0,96910.0,0.02
1591406,27.617,-13.65,27.650000000000038,-13.550000000000011,0.105304320899002,23065.0,23628.0,0.04
1591441,27.35,-12.917,27.350000000000023,-12.750000000000014,0.1669999999999856,2668.0,2655.0,0.02
1591470,27.82,-13.4,27.850000000000023,-13.250000000000014,0.1529705854077743,18509.0,18932.0,0.04
1591480,28.25,-12.88,28.25000000000003,-12.750000000000014,0.1299999999999865,9088.0,9423.0,0.05
1591820,22.683,-14.967,22.65000000000002,-14.850000000000009,0.1215647975361157,34621.0,33178.0,0.06
1634200,-10.75,10.033,-10.749999999999972,10.04999999999999,0.0169999999999905,3180.0,3412.0,0.09
1634400,-9.867,10.65,-9.849999999999966,10.75,0.101434708063863,18000.0,17768.0,0.03
1733600,2.45,6.9,2.450000000000017,7.049999999999997,0.1499999999999968,46990.0,47405.0,0.02
1749100,18.58,4.37,18.650000000000038,4.449999999999996,0.1063014581273667,500000.0,492113.0,0.03
1837410,8.834,11.797,8.650000000000034,11.849999999999994,0.1914810695603788,16380.0,16598.0,0.03
2182250,111.474,33.289,111.45000000000002,33.349999999999994,0.065551506466278,3418.0,3498.0,0.04
2469049,102.177,19.787,102.25,19.75,0.081841309862434,6100.0,5932.0,0.04
2587100,141.546,43.12,141.55,43.24999999999999,0.1300615239031089,12697.0,12731.0,0.02
2588250,135.94,33.75,135.95000000000005,33.849999999999994,0.100498756211208,2251.0,2356.0,0.06
2588300,137.04,35.43,137.05,35.55,0.120415945787922,4632.0,4813.0,0.05
2588320,137.81,34.85,137.85000000000002,34.95,0.1077032961426924,4880.0,5028.0,0.05
2589200,132.287,34.995,132.35000000000002,35.05,0.0836301381082326,3807.0,3853.0,0.03
2589400,137.207,36.698,137.25000000000006,36.85,0.1579651860379482,2688.0,2687.0,0.02
2589500,138.81,37.31,138.85000000000002,37.35,0.0565685424949326,9719.0,10318.0,0.08
2589550,139.272,37.736,139.35000000000002,37.74999999999999,0.0792464510246659,6997.0,7066.0,0.02
2590100,130.497,33.316,130.45000000000002,33.349999999999994,0.0580086200490855,2315.0,2273.0,0.03
2590300,130.66,32.46,130.55,32.55,0.1421267040355051,1856.0,1879.0,0.03
2591800,134.2,34.06,134.15000000000003,34.14999999999999,0.1029563014098384,2810.0,2872.0,0.04
2677300,127.647,37.296,127.65000000000003,37.35,0.0540832691319563,11104.4,11020.0,0.02
2903600,132.02,63.32,131.95000000000002,63.45,0.1476482306023267,696000.0,693660.0,0.02
2906201,119.97,53.42,119.95000000000002,53.55,0.1315294643796518,200000.0,196757.0,0.03
2907400,107.48,52.03,107.45000000000002,52.05,0.0360555127546268,440200.0,439537.0,0.02
2910300,84.92,56.5,84.95000000000005,56.55,0.058309518948473,57000.0,57180.0,0.02
2910310,85.15,57.78,85.05000000000001,57.85,0.1220655561573284,131000.0,131483.0,0.02
2910601,82.88,58.3,82.85000000000002,58.35,0.0583095189484365,486000.0,482931.0,0.02
2910606,81.33,53.8,81.35000000000002,53.85,0.0538516480713514,216000.0,211894.0,0.03
2919100,55.1,51.68,55.150000000000034,51.85,0.1772004514666975,82300.0,82022.0,0.02
2964100,100.12,15.67,100.15000000000003,15.749999999999991,0.0854400374531791,110569.0,110871.0,0.02
2964130,100.192,15.166,100.15,15.249999999999991,0.0939148550549788,120693.0,119921.0,0.02
2964160,99.539,15.351,99.55,15.449999999999996,0.0996092365195075,219.0,238.0,0.0999999999999999
2969011,99.363,20.06,99.35000000000002,20.249999999999996,0.1904442175546351,2980.0,3009.0,0.02
2969029,99.843,19.853,99.65000000000003,19.849999999999994,0.1930233146539252,3080.0,3145.0,0.04
2969030,100.192,19.687,100.15,19.849999999999994,0.1683240921555696,5700.0,5478.0,0.05
2969069,101.415,17.703,101.35000000000002,17.849999999999994,0.1607295865732142,4090.0,4242.0,0.05
2969081,101.667,16.133,101.65,16.25,0.1182285921425103,1370.0,1305.0,0.06
2969095,104.803,17.398,104.75000000000004,17.549999999999997,0.1609751533622376,373000.0,372872.0,0.02
2969100,104.737,16.54,104.75,16.64999999999999,0.1107655181001671,391000.0,389529.0,0.02
2969124,104.162,15.335,104.15,15.449999999999989,0.1156243918902806,44600.0,40605.0,0.0999999999999999
2969200,104.862,15.222,104.75,15.249999999999991,0.1154469575172878,104000.0,102827.0,0.03
2969210,105.16,14.69,105.15,14.649999999999991,0.0412310562561821,1410.0,1317.0,0.08
2969220,105.248,15.24,105.25,15.349999999999994,0.1100181803157945,116000.0,116894.0,0.02
2998500,153.67,67.37,153.55,67.44999999999999,0.1442220510185309,361000.0,368054.0,0.03
2998510,158.72,68.73,158.75000000000006,68.85,0.1236931687685345,526000.0,527710.0,0.02
2998702,164.17,68.1,164.15000000000003,68.25,0.151327459504215,30000.0,30228.0,0.02
2998720,161.17,68.15,161.25000000000006,68.14999999999999,0.0800000000000693,49600.0,50074.0,0.02
2999150,114.057,71.98,114.05000000000004,72.04999999999998,0.0703491293478215,78800.0,78685.0,0.02
3269300,-57.68,-29.83,-57.64999999999998,-29.750000000000007,0.0854400374531749,10056.0,9931.0,0.03
3275100,-68.63,-31.52,-68.74999999999999,-31.45000000000001,0.1389244398944844,25000.0,26267.0,0.07
3275130,-69.68,-31.92,-69.84999999999998,-31.85000000000001,0.183847763108475,4790.0,4952.0,0.05
3275140,-69.68,-31.88,-69.64999999999998,-31.75000000000001,0.1334166406412551,8500.0,8721.0,0.04
3275700,-69.73,-37.1,-69.64999999999998,-37.05,0.0943398113205871,15300.0,15866.0,0.05
3275800,-69.42,-38.53,-69.44999999999999,-38.45000000000001,0.0854400374531624,30200.0,30299.0,0.02
3276100,-71.17,-42.1,-71.14999999999998,-41.95,0.1513274595042174,1200.0,1198.0,0.02
3308600,-58.58,5.85,-58.649999999999984,5.849999999999994,0.069999999999986,66600.0,68357.0,0.04
3309300,-58.53,5.31,-58.64999999999998,5.349999999999987,0.1264911064067086,2460.0,2340.0,0.06
3512400,-54.43,4.98,-54.44999999999998,5.04999999999999,0.0728010988927902,60930.0,62574.0,0.04
3618120,-69.378,0.209,-69.54999999999998,0.3499999999999943,0.2224072840533612,4198.0,4327.0,0.05
3618500,-61.124,1.821,-61.149999999999984,1.9499999999999889,0.1315940728148351,124980.0,125388.0,0.02
3618710,-60.471,4.631,-60.44999999999999,4.749999999999986,0.1208387355114116,3075.0,3326.0,0.0999999999999999
3618720,-60.571,3.208,-60.54999999999998,3.249999999999993,0.0469574275274957,50985.0,49483.0,0.04
3618721,-61.037,3.438,-61.04999999999998,3.549999999999997,0.1127519401163408,37430.0,36283.0,0.05
3618950,-69.128,0.477,-69.14999999999998,0.54999999999999,0.0762430324685314,40506.0,41038.0,0.03
3618951,-68.539,0.13,-68.54999999999998,0.2499999999999858,0.1205031119929945,44732.0,44377.0,0.02
3620000,-67.936,-3.102,-67.94999999999999,-2.950000000000003,0.1526433752247328,1134540.0,1141920.0,0.02
3621200,-66.6,-1.821,-66.64999999999998,-1.750000000000007,0.0868389313614422,242259.0,251176.0,0.05
3621400,-69.428,-1.395,-69.44999999999999,-1.3500000000000083,0.0500899191454613,197136.0,208175.0,0.07
3623100,-68.75,-3.45,-68.84999999999998,-3.3500000000000085,0.1414213562372895,990781.0,1015650.0,0.04
3624200,-67.892,-4.221,-67.94999999999999,-4.250000000000014,0.0648459713474937,35880.0,36179.0,0.02
3624201,-68.998,-5.383,-69.04999999999998,-5.450000000000003,0.0848115558163987,10257.0,10328.0,0.02
3624400,-65.202,-4.292,-65.24999999999997,-4.250000000000007,0.063780874876383,13708.0,13798.0,0.02
3624500,-63.985,-5.109,-63.94999999999999,-4.950000000000003,0.162806633771477,8078.0,7755.0,0.05
3629000,-55.511,-1.947,-55.54999999999998,-1.8500000000000083,0.1045466403094657,4680000.0,4691910.0,0.02
3629001,-55.513,-1.919,-55.54999999999998,-1.8500000000000083,0.0782943165242388,4680000.0,4691910.0,0.02
3631100,-52.569,-0.568,-52.54999999999998,-0.4500000000000028,0.1195198728245644,51343.0,52287.0,0.03
3649010,-49.322,-15.718,-49.24999999999997,-15.650000000000013,0.0990353472251334,1978.0,1902.0,0.05
3649012,-49.552,-15.275,-49.54999999999998,-15.150000000000006,0.1250159989761259,10538.0,10473.0,0.02
3649031,-49.042,-14.519,-49.04999999999998,-14.45000000000001,0.0694622199472371,34334.0,34705.0,0.03
3649040,-47.929,-13.988,-47.94999999999999,-13.95000000000001,0.0434165866921692,884.0,959.0,0.0999999999999999
3649050,-49.691,-15.496,-49.74999999999999,-15.350000000000009,0.1574706321826253,3650.0,3688.0,0.03
3649120,-46.512,-12.794,-46.44999999999999,-12.750000000000009,0.0760263112349986,1224.0,1205.0,0.03
3649140,-46.649,-13.81,-46.54999999999998,-13.750000000000009,0.1157626882894603,895.0,961.0,0.09
3649150,-46.837,-13.762,-46.74999999999997,-13.650000000000006,0.1418203088418733,22834.0,22386.0,0.03
3649151,-47.047,-14.451,-47.04999999999998,-14.45000000000001,0.003162277660152,7277.0,7766.0,0.08
3649160,-46.491,-14.477,-46.64999999999998,-14.45000000000001,0.1612761606685636,4062.0,4070.0,0.02
3649210,-48.711,-12.388,-48.74999999999999,-12.350000000000009,0.0544518135602327,8690.0,8784.0,0.03
3649211,-48.657,-11.982,-48.64999999999998,-12.050000000000011,0.0683593446428643,13811.0,14092.0,0.04
3649240,-48.295,-11.531,-48.24999999999997,-11.45000000000001,0.0926606712688894,14475.0,14411.0,0.02
3649242,-47.045,-11.611,-47.04999999999998,-11.550000000000004,0.0612045749923922,1930.0,1818.0,0.07
3649311,-47.765,-8.392,-47.74999999999997,-8.350000000000009,0.0445982062419567,2776.0,2689.0,0.05
3649312,-46.965,-8.034,-47.04999999999998,-7.95000000000001,0.1195031380340908,4158.0,4040.0,0.04
3649315,-47.261,-7.963,-47.24999999999997,-7.850000000000008,0.1135341358358743,5069.0,5382.0,0.08
3649321,-47.675,-9.963,-47.74999999999999,-9.850000000000009,0.1356244815658153,18500.0,18736.0,0.03
3649325,-47.813,-9.311,-47.84999999999998,-9.250000000000009,0.0713442359269301,9543.0,9274.0,0.04
3649409,-50.663,-11.618,-50.74999999999999,-11.450000000000005,0.1891903803051235,193923.0,194019.0,0.02
3649411,-52.55,-16.201,-52.54999999999998,-16.150000000000013,0.0509999999999877,19100.0,18214.0,0.06
3649412,-51.828,-15.738,-51.84999999999998,-15.650000000000013,0.0907083237635701,50930.0,50149.0,0.03
3649413,-50.585,-13.21,-50.54999999999998,-13.150000000000013,0.0694622199472477,117580.0,116704.0,0.02
3649416,-49.259,-8.269,-49.24999999999997,-8.250000000000007,0.0210237960416346,320290.0,324036.0,0.03
3649418,-48.542,-6.41,-48.64999999999998,-6.450000000000003,0.1151694403910818,364500.0,368039.0,0.02
3649419,-48.13,-5.634,-48.14999999999998,-5.650000000000006,0.0256124969497149,376660.0,379962.0,0.02
3649420,-53.547,-16.078,-53.54999999999998,-15.950000000000005,0.1280351514233456,4830.0,4980.0,0.05
3649422,-52.228,-15.891,-52.24999999999998,-15.750000000000014,0.1427059914649521,36800.0,36633.0,0.02
3649423,-53.221,-17.302,-53.24999999999998,-17.250000000000007,0.0595399025864015,2070.0,2003.0,0.05
3649424,-50.8,-13.69,-50.84999999999998,-13.650000000000013,0.0640312423743068,92638.0,92342.0,0.02
3649440,-50.996,-16.512,-50.94999999999999,-16.45000000000001,0.0772010362624756,2022.0,2013.0,0.02
3649450,-51.469,-16.302,-51.44999999999999,-16.250000000000007,0.0553624421426629,6471.0,6630.0,0.04
3649455,-51.816,-16.431,-51.84999999999998,-16.450000000000003,0.0389486841882822,1350.0,1302.0,0.05
3649459,-51.853,-15.89,-51.85,-15.850000000000009,0.0401123422402557,12084.0,12088.0,0.02
3649511,-50.172,-15.922,-50.24999999999999,-15.850000000000009,0.1061508360777111,231.0,237.0,0.04
3649515,-50.439,-15.897,-50.44999999999999,-15.850000000000009,0.048270073544578,260.0,237.0,0.0999999999999999
3649614,-53.055,-15.249,-53.149999999999984,-15.150000000000013,0.1372078714942938,17160.0,17058.0,0.02
3649617,-52.355,-14.672,-52.54999999999998,-14.650000000000013,0.196237101486936,24950.0,24823.0,0.02
3649618,-51.696,-14.087,-51.74999999999999,-14.050000000000004,0.0654599113961999,44320.0,40838.0,0.09
3649619,-50.964,-12.292,-50.94999999999999,-12.250000000000009,0.0442718872423535,59163.0,58781.0,0.02
3649850,-48.47,-6.672,-48.44999999999999,-6.750000000000014,0.0805232885568061,3488.0,3435.0,0.03
3649855,-48.62,-7.154,-48.64999999999998,-7.150000000000013,0.0302654919008214,1600.0,1716.0,0.09
3649860,-49.045,-7.614,-49.04999999999998,-7.550000000000004,0.0641950153828103,1386.0,1348.0,0.04
3649900,-49.324,-5.128,-49.24999999999997,-5.150000000000006,0.0772010362625021,731270.0,738251.0,0.02
3649901,-49.124,-5.339,-49.04999999999998,-5.250000000000007,0.1157454102761819,690920.0,696206.0,0.02
3649902,-47.469,-5.789,-47.44999999999999,-5.750000000000007,0.0433820239269665,298559.0,297777.0,0.02
3649904,-47.473,-7.338,-47.54999999999998,-7.250000000000007,0.1169316039400653,276520.0,275178.0,0.02
3649905,-48.111,-8.392,-48.14999999999998,-8.250000000000014,0.1472582765076186,243841.0,244564.0,0.02
3649906,-48.379,-9.568,-48.44999999999999,-9.550000000000004,0.0732461603089099,186834.0,186334.0,0.02
3649950,-49.653,-3.758,-49.64999999999998,-3.750000000000007,0.0085440037453184,742300.0,759200.0,0.04
3649960,-49.221,-5.487,-49.24999999999999,-5.45000000000001,0.0470106370941582,37600.0,37739.0,0.02
3650202,-46.316,-1.801,-46.24999999999997,-1.8500000000000083,0.0822009732302782,31850.0,32087.0,0.02
3650205,-46.877,-3.341,-46.94999999999999,-3.3500000000000085,0.0735527021937204,14240.0,13193.0,0.09
3650280,-46.933,-4.696,-46.94999999999999,-4.650000000000013,0.0490407993409407,5600.0,5664.0,0.03
3650285,-45.458,-3.661,-45.44999999999999,-3.550000000000012,0.1112879148874559,34030.0,36118.0,0.08
3650321,-46.144,-5.822,-46.14999999999998,-5.750000000000007,0.072249567472745,4160.0,4178.0,0.02
3650330,-45.983,-5.767,-46.14999999999998,-5.650000000000006,0.2039068414742187,4410.0,4301.0,0.04
3650335,-44.765,-4.219,-44.74999999999997,-4.150000000000013,0.0706116137756328,27650.0,25718.0,0.08
3650355,-43.358,-4.865,-43.35,-4.8500000000000085,0.0169999999999939,32700.0,33076.0,0.03
3650359,-44.379,-3.628,-44.44999999999999,-3.450000000000003,0.191637678967362,49500.0,50950.0,0.04
3650360,-43.586,-5.706,-43.74999999999997,-5.750000000000014,0.1697998822143065,4970.0,4548.0,0.0999999999999999
3650380,-43.697,-3.581,-43.64999999999998,-3.5500000000000043,0.0563027530410558,4240.0,4193.0,0.03
3650385,-43.899,-3.459,-43.94999999999999,-3.3500000000000085,0.1203411816461717,12450.0,13202.0,0.08
3650410,-46.03,-7.53,-46.14999999999998,-7.550000000000011,0.1216552506059426,8800.0,8927.0,0.03
3650415,-46.036,-7.534,-46.14999999999998,-7.550000000000011,0.115117331449243,8800.0,8927.0,0.03
3650455,-42.544,-7.233,-42.54999999999998,-7.150000000000013,0.083216584885452,35000.0,34362.0,0.03
3650470,-42.697,-5.202,-42.64999999999998,-5.150000000000013,0.0700927956355077,50000.0,51931.0,0.05
3650471,-41.737,-5.223,-41.74999999999999,-5.150000000000013,0.0741484996476509,19300.0,19460.0,0.02
3650475,-42.23,-3.903,-42.24999999999999,-3.850000000000009,0.0566480361530623,11000.0,11093.0,0.02
3650477,-41.974,-3.724,-41.94999999999999,-3.550000000000012,0.1756473740196434,24100.0,22317.0,0.09
3650481,-42.37,-3.454,-42.44999999999999,-3.3500000000000085,0.1312097557348418,322823.0,298696.0,0.09
3650488,-45.667,-8.281,-45.64999999999998,-8.150000000000006,0.1320984481362271,26000.0,26483.0,0.03
3650511,-40.822,-3.122,-40.84999999999998,-3.1500000000000057,0.0395979797464347,3720.0,3949.0,0.08
3650520,-39.834,-3.364,-39.84999999999998,-3.250000000000014,0.1151173314492478,2800.0,2837.0,0.03
3650526,-40.549,-4.378,-40.54999999999998,-4.3500000000000085,0.0280178514522348,1550.0,1602.0,0.05
3650610,-40.162,-6.324,-40.24999999999999,-6.150000000000006,0.1949871790656904,5960.0,5534.0,0.09
3650630,-39.381,-5.595,-39.35,-5.450000000000003,0.1482767682410143,5200.0,5044.0,0.04
3650640,-39.509,-6.558,-39.64999999999998,-6.550000000000004,0.1412267680009473,3700.0,3559.0,0.05
3650649,-38.198,-5.228,-38.24999999999999,-5.150000000000013,0.0937443331620447,48200.0,49635.0,0.04
3650690,-38.361,-4.501,-38.35,-4.45000000000001,0.0521727898429735,2000.0,1971.0,0.03
3650710,-37.684,-5.593,-37.74999999999999,-5.550000000000004,0.0787718223732197,6480.0,6270.0,0.05
3650730,-37.928,-7.204,-37.94999999999999,-7.050000000000011,0.1555634918610277,4710.0,4658.0,0.03
3650740,-38.201,-6.111,-38.14999999999998,-6.050000000000004,0.0795110055275483,2050.0,2212.0,0.09
3650745,-38.867,-6.407,-38.85,-6.450000000000003,0.0462385120867912,12000.0,11901.0,0.02
3650750,-37.352,-6.378,-37.35,-6.3500000000000085,0.0280713376952281,21350.0,21967.0,0.04
3650811,-35.421,-5.63,-35.54999999999998,-5.550000000000004,0.1517926216915534,2450.0,2338.0,0.06
3650840,-35.221,-6.445,-35.349999999999994,-6.3500000000000085,0.1602061172365083,3590.0,3561.0,0.02
3650875,-36.434,-7.398,-36.44999999999999,-7.250000000000014,0.1488623525274117,3140.0,3188.0,0.03
3650881,-36.502,-7.728,-36.54999999999998,-7.650000000000013,0.0915860251348211,5120.0,5389.0,0.07
3650885,-35.047,-7.13,-35.14999999999998,-7.050000000000004,0.1304185569617883,19244.0,19124.0,0.02
3650920,-36.058,-8.013,-36.04999999999998,-7.95000000000001,0.0635059052372218,2750.0,2816.0,0.04
3650924,-35.634,-7.943,-35.64999999999998,-7.850000000000008,0.0943663075466959,5110.0,5020.0,0.03
3650925,-35.452,-7.879,-35.54999999999998,-7.850000000000008,0.10220078277585,5360.0,5510.0,0.04
3650930,-35.995,-8.299,-36.14999999999998,-8.250000000000007,0.1625607578722275,2009.0,2079.0,0.05
3650940,-35.577,-8.679,-35.64999999999998,-8.550000000000011,0.148222805262868,4740.0,5012.0,0.07
3650941,-35.915,-8.498,-35.94999999999999,-8.350000000000009,0.1520822146077461,2610.0,2567.0,0.03
3650970,-35.86,-9.467,-35.849999999999994,-9.350000000000009,0.1174265728018928,3900.0,3785.0,0.04
3651300,-43.823,-20.024,-43.74999999999997,-19.95000000000001,0.1039471019317175,1550.0,1508.0,0.04
3651309,-44.714,-17.595,-44.74999999999999,-17.450000000000003,0.1494021418855764,26500.0,26571.0,0.02
3651400,-46.571,-17.503,-46.54999999999998,-17.45000000000001,0.0570087712549532,7760.0,7421.0,0.06
3651408,-45.383,-16.907,-45.44999999999999,-16.85000000000001,0.0879659024849807,41300.0,40764.0,0.03
3651410,-46.88,-16.349,-46.94999999999999,-16.250000000000007,0.1212476803901694,5360.0,5350.0,0.02
3651520,-44.483,-14.424,-44.64999999999998,-14.450000000000005,0.1690118339051842,2380.0,2510.0,0.07
3651530,-44.459,-14.314,-44.64999999999998,-14.350000000000009,0.194363062334361,6030.0,6092.0,0.03
3651535,-44.152,-14.26,-44.14999999999998,-14.150000000000006,0.110018180315795,16300.0,17109.0,0.06
3651550,-44.286,-13.56,-44.34999999999998,-13.450000000000005,0.1272635061594515,9550.0,9235.0,0.05
3651650,-45.122,-12.411,-45.14999999999998,-12.350000000000009,0.0671192967781817,6350.0,6031.0,0.07
3651660,-45.103,-12.136,-45.14999999999998,-12.050000000000004,0.0980051019079968,5410.0,5559.0,0.04
3651670,-45.086,-12.431,-45.04999999999998,-12.350000000000009,0.0886397202161627,4810.0,4821.0,0.02
3651678,-43.846,-11.355,-43.84999999999998,-11.350000000000009,0.0064031242374162,46300.0,42419.0,0.0999999999999999
3651680,-43.949,-11.236,-44.04999999999998,-11.150000000000013,0.1326536844569153,22100.0,22215.0,0.02
3651720,-42.306,-11.323,-42.24999999999997,-11.250000000000009,0.0920054346221021,3100.0,3148.0,0.03
3651805,-43.932,-14.757,-43.94999999999999,-14.750000000000009,0.0193132079158126,202000.0,201970.0,0.02
3651806,-43.439,-13.257,-43.44999999999999,-13.250000000000009,0.0130384048103916,271000.0,271041.0,0.02
3651807,-43.282,-11.558,-43.24999999999997,-11.450000000000005,0.1126410227226339,345000.0,346081.0,0.02
3651860,-37.973,-7.868,-38.04999999999998,-7.850000000000008,0.0790759128938593,4970.0,5146.0,0.05
3651870,-38.166,-8.527,-38.14999999999998,-8.45000000000001,0.0786447709641205,2260.0,2446.0,0.0999999999999999
3652030,-39.633,-10.973,-39.64999999999998,-10.850000000000009,0.1241692393469381,11825.0,12021.0,0.03
3652039,-37.803,-11.735,-37.84999999999998,-11.650000000000013,0.0971287804926846,35150.0,35456.0,0.02
3652080,-38.322,-12.421,-38.44999999999999,-12.350000000000009,0.1463728116830277,3300.0,3384.0,0.04
3652089,-38.067,-12.512,-38.24999999999997,-12.350000000000009,0.2444033551324263,4860.0,4713.0,0.05
3652110,-41.329,-12.757,-41.34999999999998,-12.650000000000006,0.1090412765882619,9282.0,9541.0,0.04
3652115,-41.322,-12.841,-41.34999999999998,-12.750000000000009,0.0952102935611339,2517.0,2408.0,0.06
3652130,-39.848,-12.516,-39.74999999999997,-12.45000000000001,0.1181524439019526,31488.0,31257.0,0.02
3652200,-41.445,-14.015,-41.54999999999998,-13.850000000000009,0.1955760721560634,3248.0,3368.0,0.05
3652210,-41.138,-14.613,-41.24999999999997,-14.650000000000006,0.1179533806213052,6980.0,6931.0,0.02
3652230,-39.296,-14.815,-39.34999999999998,-14.850000000000009,0.0643506021727734,3695.0,3702.0,0.02
3652320,-39.308,-15.559,-39.34999999999998,-15.550000000000004,0.0429534631898087,30360.0,31713.0,0.06
3652350,-40.233,-15.241,-40.24999999999999,-15.150000000000013,0.0925742944882499,2810.0,2867.0,0.04
3652419,-42.063,-16.85,-42.04999999999998,-16.750000000000014,0.1008414597276236,16230.0,15806.0,0.04
3652450,-40.307,-16.139,-40.34999999999998,-16.050000000000004,0.0988433103451985,63300.0,62836.0,0.02
3652455,-39.524,-15.948,-39.54999999999998,-15.850000000000009,0.1013903348450801,67769.0,68303.0,0.02
3652660,-41.162,-19.492,-41.24999999999999,-19.35000000000001,0.1670568765420792,8810.0,8839.0,0.02
3652850,-43.373,-21.966,-43.35,-21.85000000000001,0.1182581921052339,3645.0,3790.0,0.05
3652870,-42.696,-21.389,-42.74999999999999,-21.25000000000001,0.1491207564358314,5858.0,5646.0,0.05
3652879,-42.181,-21.542,-42.14999999999998,-21.45000000000001,0.0970824391947365,8245.0,8063.0,0.04
3652890,-41.3,-21.753,-41.34999999999998,-21.65000000000001,0.1144945413545866,55500.0,55130.0,0.02
3653120,-48.592,-24.586,-48.64999999999998,-24.550000000000004,0.0682641926634827,12450.0,12565.0,0.02
3653180,-47.613,-24.206,-47.64999999999998,-24.05000000000001,0.160327789231919,2470.0,2486.0,0.02
3653250,-49.081,-26.48,-49.14999999999998,-26.35000000000001,0.1471767644704636,796.0,775.0,0.04
3653352,-49.065,-26.918,-49.04999999999998,-26.75000000000001,0.1686683135624335,11803.0,11788.0,0.02
3653620,-51.833,-28.849,-51.84999999999998,-28.65000000000001,0.1997248106770844,1829.0,1848.0,0.03
3653710,-53.489,-30.961,-53.54999999999998,-30.85000000000001,0.126657017176294,4069.0,3926.0,0.05
3659105,-47.801,-16.538,-47.74999999999997,-16.45000000000001,0.1017103731189763,4688.0,4755.0,0.03
3662300,-53.051,-21.614,-53.149999999999984,-21.450000000000003,0.1915646105103858,13590.0,13496.0,0.02
3664100,-52.933,-25.774,-52.94999999999998,-25.65000000000001,0.1251598977308554,6696.0,6549.0,0.04
3664150,-53.031,-25.539,-52.94999999999999,-25.45000000000001,0.1203411816461852,45824.0,46499.0,0.03
3664160,-54.433,-25.683,-54.44999999999998,-25.55000000000001,0.1340820644232341,67317.0,67550.0,0.02
3664600,-50.878,-26.384,-50.85,-26.35000000000001,0.0440454310910878,2614.0,2543.0,0.04
3664800,-49.889,-25.548,-49.94999999999999,-25.55000000000001,0.0610327780786546,3662.0,3682.0,0.02
3664802,-51.08,-26.228,-51.04999999999998,-26.150000000000013,0.0835703296630997,24211.0,24782.0,0.04
3664804,-53.933,-25.567,-53.94999999999998,-25.450000000000003,0.1182285921425048,65680.0,65431.0,0.02
3664905,-49.801,-26.11,-49.74999999999997,-26.050000000000004,0.0787464284904561,3379.0,3327.0,0.03
3666050,-57.702,-16.076,-57.74999999999998,-16.050000000000004,0.0545893762558057,32774.0,32490.0,0.02
3666250,-54.151,-17.208,-54.14999999999998,-17.05000000000001,0.1580031645252586,2872.0,2837.0,0.03
3666300,-56.542,-16.315,-56.54999999999998,-16.150000000000006,0.1651938255504673,2660.0,2853.0,0.09
3666500,-55.206,-16.608,-55.14999999999998,-16.550000000000004,0.0806225774830007,21800.0,23738.0,0.0999999999999999
3667400,-57.304,-22.224,-57.44999999999999,-22.150000000000013,0.1636826197248633,11100.0,11116.0,0.02
3669520,-54.738,-28.181,-54.64999999999998,-28.05000000000001,0.157813180691605,9426.0,9245.0,0.03
3669600,-56.055,-29.309,-56.04999999999998,-29.250000000000007,0.0592114853723452,42498.0,42737.0,0.02
3669630,-55.787,-29.769,-55.74999999999999,-29.750000000000007,0.0415932686861786,5942.0,6089.0,0.04
3669700,-51.904,-27.461,-51.85,-27.35000000000001,0.1234382436686409,41267.0,41372.0,0.02
4101200,-163.677,67.875,-163.64999999999998,67.94999999999999,0.079711981533513,1825.9,1841.0,0.02
4101451,-148.82,69.01,-148.85,68.94999999999999,0.0670820393250089,4817.0,4838.0,0.02
4101501,-152.12,69.36,-152.14999999999998,69.44999999999999,0.0948683298050325,35820.0,35816.0,0.02
4101900,-160.134,66.973,-160.14999999999998,67.04999999999998,0.0786447709641095,24656.8,24337.0,0.03
4102100,-158.103,61.87,-158.14999999999998,61.95,0.0927846970140915,80549.0,80990.0,0.02
4102740,-157.475,59.348,-157.54999999999998,59.45,0.1266056870760458,25511.5,26269.0,0.04
4103200,-162.883,61.934,-162.95,62.05,0.1339589489358478,831390.0,818722.0,0.03
4103550,-149.72,65.875,-149.75,65.85,0.0390512483795377,508417.0,501048.0,0.03
4103600,-149.094,64.565,-149.04999999999998,64.65,0.0957131129992245,66304.0,66591.0,0.02
4103615,-144.945,64.45,-144.85,64.55,0.1379311422413323,1753.4,1810.0,0.05
4103630,-147.703,64.845,-147.64999999999998,64.94999999999999,0.1176180258293794,5167.0,5330.0,0.05
4103631,-147.23,64.8,-147.14999999999998,64.85,0.0943398113205751,3781.4,3974.0,0.07
4103633,-146.359,64.902,-146.35,65.05,0.1482733961302536,2426.8,2502.0,0.05
4103820,-141.405,64.309,-141.45,64.44999999999999,0.1480067566025158,15229.2,15141.0,0.02
4113303,-96.784,46.861,-96.85,47.05,0.2001924074484306,17612.0,17172.0,0.04
4113310,-96.784,46.468,-96.75,46.45,0.0384707681233642,5387.2,5135.0,0.06
4113320,-96.809,47.8,-96.85,47.95,0.1555024115568608,14711.2,14880.0,0.03
4113321,-96.609,47.776,-96.54999999999998,47.85,0.0946414285606469,13649.3,13968.0,0.04
4113330,-96.579,46.152,-96.54999999999998,46.35,0.2001124683771552,4869.2,4904.0,0.02
4113340,-97.053,46.905,-97.04999999999998,47.05,0.1450310311622962,3833.2,3966.0,0.05
4113350,-97.917,48.914,-97.95,48.95,0.0488364617882861,8676.5,8980.0,0.05
4113351,-97.557,48.99,-97.75,49.05,0.2021113554454403,8831.9,9386.0,0.08
4113360,-98.716,47.806,-98.64999999999998,47.85,0.0793221280602199,5361.3,4892.0,0.0999999999999999
4113401,-100.73,48.16,-100.74999999999996,48.25,0.0921954445729251,29267.0,28576.0,0.04
4113402,-101.371,48.246,-101.34999999999998,48.35,0.1060990103629576,27454.0,26100.0,0.06
4113410,-103.077,48.981,-103.14999999999998,49.05,0.1004489920307631,4636.1,4604.0,0.02
4113420,-101.57,48.371,-101.75,48.55,0.2538523192724374,2432.0,2446.0,0.02
4113600,-93.549,48.396,-93.45,48.45,0.1127696767752883,4351.2,4469.0,0.04
4114615,-79.095,49.985,-79.04999999999998,50.05,0.0790569415042166,11200.0,10921.0,0.04
4115081,-122.616,46.51,-122.54999999999998,46.65,0.1547772593115744,3626.0,3654.0,0.02
4115082,-121.679,46.613,-121.75,46.55,0.0949210198006637,743.3,681.0,0.0999999999999999
4115100,-123.043,44.944,-123.14999999999998,45.05,0.1506154042586369,18855.2,18758.0,0.02
4115101,-122.668,45.519,-122.75,45.64999999999999,0.1545477272559995,29008.0,28507.0,0.03
4115105,-122.771,44.07,-122.85,44.05,0.0814923309275118,2799.8,2767.0,0.03
4115106,-122.471,44.125,-122.45,44.24999999999999,0.1267517258265103,2408.7,2480.0,0.04
4115210,-121.21,45.757,-121.25,45.85,0.1012373448881325,3359.2,3085.0,0.0999999999999999
4115220,-120.007,44.794,-119.95,44.95,0.1660873264280014,13183.0,13268.0,0.02
4115221,-120.409,45.588,-120.35,45.64999999999999,0.0855862138431196,19632.2,19988.0,0.03
4115223,-119.432,44.814,-119.45,44.95,0.137186005117134,6526.8,6653.0,0.03
4115224,-119.141,44.889,-119.04999999999998,44.95,0.1095536398300084,1333.9,1317.0,0.03
4115231,-120.424,47.499,-120.45,47.65,0.1532220610747614,3369.6,3407.0,0.03
4115240,-119.327,45.903,-119.35,45.85,0.0577754273026196,5931.1,6398.0,0.09
4115260,-119.478,46.254,-119.64999999999998,46.35,0.1969771560359054,14542.9,14739.0,0.03
4115261,-120.467,46.534,-120.45,46.65,0.1172390719854105,9010.6,9700.0,0.09
4115262,-120.48,46.863,-120.54999999999998,47.05,0.1996722314193842,4128.5,4196.0,0.03
4115300,-119.462,48.632,-119.45,48.64999999999999,0.0216333076527867,18803.4,18787.0,0.02
4115301,-119.704,48.281,-119.75,48.35,0.0829276793356637,20927.2,20754.0,0.02
4115310,-118.766,48.981,-118.75,49.05,0.0708307842678591,5698.0,5945.0,0.06
4115311,-118.216,48.984,-118.25,49.05,0.0742428447730745,9842.0,9980.0,0.03
4115330,-114.01,48.495,-113.95,48.55,0.0813941029805104,2921.5,2879.0,0.03
4115340,-113.757,46.9,-113.75,47.05,0.1501632445041057,5931.1,5641.0,0.06
4115344,-112.743,46.398,-112.75,46.45,0.0524690384893709,2577.1,2653.0,0.04
4115345,-115.087,47.302,-115.04999999999998,47.45,0.1525549081478546,27736.3,27243.0,0.03
4115347,-114.856,47.43,-114.95,47.55,0.1524335920983241,51691.2,51594.0,0.02
4115349,-113.932,46.877,-113.84999999999998,46.95,0.1097861557756834,15537.4,15694.0,0.03
4115350,-116.324,47.555,-116.25,47.64999999999999,0.1204200979903282,3167.6,3242.0,0.04
4115351,-116.253,47.569,-116.25,47.74999999999999,0.1810248601711835,2318.0,2407.0,0.05
4115400,-117.841,47.837,-117.75,47.95,0.1450861812854683,15591.8,16262.0,0.06
4115401,-117.449,47.659,-117.35,47.75,0.1344693273575834,11111.1,11357.0,0.04
4115410,-116.189,47.275,-116.25,47.35,0.0966747123088477,2667.7,2685.0,0.02
4115451,-114.141,45.972,-114.14999999999998,46.15,0.1782273828568397,2716.9,2839.0,0.06
4116150,-117.727,45.62,-117.64999999999998,45.55,0.1040624812312494,621.6,608.0,0.04
4116191,-111.219,43.351,-111.15,43.45,0.1206731121667113,13532.8,13545.0,0.02
4116192,-110.715,43.654,-110.65,43.85,0.2064969733434317,4343.4,4177.0,0.05
4116193,-110.695,44.089,-110.65,44.24999999999999,0.1671705715728647,1258.7,1239.0,0.03
4116200,-118.149,46.758,-118.04999999999998,46.85,0.1351480669488173,6475.0,5981.0,0.09
4116201,-116.951,46.915,-116.95,47.05,0.1350037036528978,821.0,843.0,0.04
4116300,-116.827,46.449,-116.85,46.55,0.1035857133006267,24786.3,24136.0,0.04
4116301,-116.257,46.478,-116.25,46.55,0.0723394774656248,14452.2,14474.0,0.02
4116311,-115.651,46.84,-115.65,46.95,0.1100045453606273,3522.4,3727.0,0.07
4116320,-115.514,46.087,-115.45,46.14999999999999,0.0898053450525046,4946.9,5065.0,0.04
4116325,-115.587,46.151,-115.54999999999998,46.35,0.2024104740372837,3056.2,2810.0,0.0999999999999999
4116330,-116.324,45.75,-116.35,45.85,0.1033247308247094,35094.5,35181.0,0.02
4116332,-113.895,45.184,-113.95,45.24999999999999,0.0859127464349649,9738.4,9710.0,0.02
4116335,-114.596,45.294,-114.75,45.24999999999999,0.1601624175641553,7329.7,7539.0,0.04
4116350,-115.72,42.771,-115.75,42.85,0.0845044377532812,6811.7,6774.0,0.02
4116351,-115.674,41.933,-115.65,42.05,0.1194361754243667,989.4,1013.0,0.04
4116400,-116.925,44.042,-116.85,44.14999999999999,0.13148764200486,8391.6,8841.0,0.07
4116401,-116.443,43.93,-116.35,44.05,0.15181897114656,6941.2,7509.0,0.0999999999999999
4116402,-116.197,43.942,-116.14999999999998,44.05,0.1177837000607543,5775.7,6090.0,0.07
4116452,-115.989,41.861,-115.95,41.85,0.0405215991787254,1012.7,922.0,0.0999999999999999
4116460,-116.279,43.66,-116.25,43.74999999999999,0.0945568612000205,7252.0,7686.0,0.07
4116461,-115.727,43.659,-115.75,43.74999999999999,0.0938616002420482,2149.7,1960.0,0.0999999999999999
4118400,-119.177,43.715,-119.14999999999998,43.85,0.137673526867002,2419.0,2399.0,0.02
4118420,-118.868,42.791,-118.85,42.85,0.0616846820531623,518.0,545.0,0.07
4118850,-112.04,39.375,-111.95,39.45,0.1171537451386106,13377.4,13637.0,0.03
4119080,-92.647,45.407,-92.64999999999998,45.55,0.1430314650697531,16161.6,16213.0,0.02
4119090,-94.041,44.111,-94.04999999999998,44.14999999999999,0.0400249921923704,2874.9,2757.0,0.06
4119100,-93.106,44.934,-93.14999999999998,44.95,0.0468187996428616,95312.0,94879.0,0.02
4119101,-93.707,46.541,-93.84999999999998,46.65,0.179805450417935,15902.6,15628.0,0.03
4119150,-91.262,42.74,-91.25,42.85,0.1106526095489783,4001.6,4246.0,0.08
4119200,-90.182,41.56,-90.24999999999996,41.64999999999999,0.1128007092176015,24731.9,25179.0,0.03
4119201,-89.071,42.609,-89.04999999999998,42.74999999999999,0.1425552524461941,8650.6,9100.0,0.07
4119210,-89.62,42.303,-89.64999999999998,42.45,0.1500299970005928,3434.3,3451.0,0.02
4119220,-88.999,42.194,-89.04999999999998,42.24999999999999,0.0757429864739809,2846.4,2747.0,0.05
4119230,-90.158,41.489,-90.14999999999998,41.55,0.0615223536610911,2597.8,2589.0,0.02
4119250,-91.182,41.178,-91.14999999999998,41.24999999999999,0.0787908624143749,32375.0,31900.0,0.03
4119251,-91.541,41.657,-91.54999999999998,41.85,0.1932097306038153,8471.9,8872.0,0.06
4119260,-91.667,41.971,-91.64999999999998,42.05,0.0808084154033534,16860.9,16835.0,0.02
4119261,-92.334,42.495,-92.25,42.45,0.0952942810456276,13328.1,13080.0,0.03
4119264,-91.285,41.41,-91.35,41.45,0.0763216876123663,20168.3,19233.0,0.06
4119265,-92.583,42.712,-92.64999999999998,42.85,0.1534046935396524,4522.1,4589.0,0.03
4119270,-91.278,40.754,-91.35,40.85,0.1199999999999903,11168.1,11104.0,0.02
4119271,-92.657,41.356,-92.64999999999998,41.45,0.0942602779541793,4234.7,4044.0,0.06
4119280,-91.96,40.728,-91.95,40.85,0.122409149984788,36358.4,37749.0,0.05
4119283,-94.192,42.724,-94.14999999999998,42.85,0.1328156617270747,3387.7,3509.0,0.05
4119285,-93.95,41.534,-93.95,41.64999999999999,0.1159999999999925,8912.2,9068.0,0.03
4119286,-94.377,41.988,-94.45,42.14999999999999,0.1776879286839609,4193.2,4192.0,0.02
4119288,-93.804,42.434,-93.75,42.55,0.127953116413793,2185.9,2266.0,0.05
4119290,-91.409,39.612,-91.54999999999998,39.64999999999999,0.1460308186650773,6423.2,6946.0,0.0999999999999999
4119295,-90.984,39.016,-90.95,39.14999999999999,0.1382461572702785,2338.8,2492.0,0.08
4119300,-91.374,40.394,-91.34999999999998,40.45,0.0609261848469148,308210.0,308761.0,0.02
4119310,-88.186,41.347,-88.14999999999998,41.45,0.1091100362019965,13338.5,13307.0,0.02
4119315,-87.823,41.009,-87.85,41.05,0.0490917508345322,5415.7,4957.0,0.0999999999999999
4119317,-88.789,41.385,-88.74999999999999,41.55,0.1695464538113403,6843.4,6494.0,0.07
4119318,-88.931,41.208,-88.94999999999999,41.35,0.1432654878189388,3240.0,3267.0,0.02
4119322,-90.34,40.49,-90.35,40.64999999999999,0.1603121954188029,4236.7,4389.0,0.05
4119325,-89.736,40.132,-89.74999999999997,40.24999999999999,0.1188276062200947,4672.4,4622.0,0.03
4119327,-90.632,40.025,-90.64999999999998,40.14999999999999,0.1262893503031717,3348.9,3107.0,0.09
4119400,-90.645,39.703,-90.54999999999998,39.64999999999999,0.1087841900277963,69267.0,66304.0,0.06
4119410,-89.985,40.124,-89.94999999999999,40.24999999999999,0.1307707918458796,13190.9,13161.0,0.02
4119430,-91.287,44.06,-91.25,44.14999999999999,0.0973087868591504,5387.2,5281.0,0.03
4119440,-91.969,44.628,-91.95,44.74999999999999,0.1234706442843741,23335.9,24270.0,0.06
4119442,-91.261,45.452,-91.35,45.45,0.0890224690738229,4273.5,4300.0,0.02
4119445,-91.933,44.884,-91.84999999999998,45.05,0.1855936421324917,4584.3,4426.0,0.05
4119450,-90.444,43.198,-90.45,43.24999999999999,0.0523450093132005,26936.0,27097.0,0.02
4119451,-89.757,43.606,-89.85,43.74999999999999,0.1714205355259266,20953.1,20899.0,0.02
4119452,-89.825,44.395,-89.74999999999999,44.55,0.1721917535772276,14037.8,14604.0,0.06
4119453,-89.635,44.886,-89.64999999999998,45.05,0.1646845469374626,10411.8,10566.0,0.03
4119460,-93.642,44.693,-93.75,44.74999999999999,0.1221187946222744,41958.0,42059.0,0.02
4119461,-95.734,44.933,-95.64999999999998,45.05,0.1440312466099016,16006.2,17112.0,0.08
4119650,-90.252,41.781,-90.25,41.85,0.069028979421685,221704.0,219830.0,0.02
4120100,-105.179,48.171,-105.15,48.35,0.1813339460773928,8220.7,8531.0,0.05
4120111,-106.771,45.141,-106.75,45.24999999999999,0.1110045044131068,4584.3,4643.0,0.03
4120112,-107.305,44.849,-107.35,44.95,0.1105712440013166,533.5,526.0,0.03
4120200,-106.365,48.13,-106.45,48.24999999999999,0.1470544116985159,57839.9,58028.0,0.02
4120201,-108.294,48.403,-108.35,48.55,0.1573054353797072,28987.3,29923.0,0.05
4120202,-109.696,48.564,-109.84999999999998,48.64999999999999,0.1763859404827749,14983.2,15199.0,0.03
4120210,-109.231,48.651,-109.25,48.85,0.1999049774267666,4203.6,4034.0,0.06
4120220,-109.842,48.527,-109.95,48.55,0.1104219181141028,4675.0,4255.0,0.0999999999999999
4120301,-111.553,47.93,-111.64999999999998,48.05,0.1543016526158923,3385.1,3313.0,0.04
4120320,-107.889,46.995,-107.95,47.05,0.0821340367935187,20321.1,20195.0,0.02
4120321,-108.573,46.428,-108.54999999999998,46.55,0.1241491039033324,10419.6,10136.0,0.04
4120322,-109.841,46.43,-109.95,46.55,0.1621141573089723,2913.8,2892.0,0.02
4120800,-106.358,47.349,-106.34999999999998,47.45,0.101316336293809,6614.9,6721.0,0.03
4120951,-108.467,45.8,-108.54999999999998,45.85,0.096896852374043,30575.0,30573.0,0.02
4120952,-110.566,45.597,-110.54999999999998,45.74999999999999,0.1538343264684382,9197.1,9192.0,0.02
4120953,-110.794,45.112,-110.85,45.24999999999999,0.1489295135290424,6783.2,6850.0,0.02
4120960,-105.353,44.927,-105.34999999999998,44.95,0.0231948270094844,3203.4,3079.0,0.05
4121100,-103.262,47.596,-103.35,47.74999999999999,0.1773696704625618,21522.9,21920.0,0.03
4121101,-103.918,46.298,-103.95,46.35,0.0610573500898793,12017.6,12551.0,0.06
4121102,-103.974,45.547,-104.04999999999998,45.64999999999999,0.1280039061903803,5102.3,4972.0,0.04
4121120,-100.934,46.376,-100.95,46.45,0.075709972922987,10619.0,10673.0,0.02
4121121,-102.552,46.427,-102.64999999999998,46.55,0.1572672883977899,1502.2,1530.0,0.03
4121125,-101.334,46.092,-101.35,46.14999999999999,0.0601664358259559,4532.5,4537.0,0.02
4121130,-102.156,45.198,-102.14999999999998,45.35,0.1521183749584464,6889.4,6876.0,0.02
4121131,-100.843,45.256,-100.95,45.35,0.142425419079586,12639.2,12793.0,0.03
4121142,-102.401,44.081,-102.45,44.24999999999999,0.1759602227777511,33152.0,32788.0,0.03
4121145,-104.941,44.322,-104.95,44.35,0.0294108823396932,4377.1,4352.0,0.02
4121146,-102.566,44.37,-102.54999999999998,44.45,0.0815843122174867,18673.9,18170.0,0.04
4121150,-100.384,44.327,-100.45,44.45,0.1395886814895744,8047.1,7805.0,0.05
4121160,-99.556,43.748,-99.54999999999998,43.85,0.102176318195556,26418.0,26235.0,0.02
4121161,-101.525,43.752,-101.54999999999998,43.85,0.1011385188738557,12950.0,12784.0,0.03
4121162,-102.836,43.013,-102.85,43.14999999999999,0.1377134706555537,3729.6,3445.0,0.09
4121300,-97.636,43.186,-97.64999999999998,43.24999999999999,0.0655133574166259,53491.3,53460.0,0.02
4121301,-98.071,43.974,-98.04999999999998,44.05,0.0788479549512903,45558.1,45956.0,0.02
4121311,-96.924,42.817,-96.84999999999998,42.95,0.1522005256232801,5962.2,5986.0,0.02
4121320,-96.562,42.837,-96.54999999999998,42.74999999999999,0.0878236870098389,21818.2,21590.0,0.03
4121321,-96.749,44.18,-96.64999999999998,44.14999999999999,0.1034456378974195,10095.8,9312.0,0.09
4121330,-96.312,42.577,-96.35,42.64999999999999,0.082298238134232,2294.7,2260.0,0.03
4121340,-95.797,42.472,-95.75,42.55,0.0910659101969579,6475.0,6494.0,0.02
4121341,-95.973,41.964,-96.04999999999998,42.14999999999999,0.2013082213919612,9132.3,8499.0,0.08
4121420,-100.818,45.658,-100.85,45.74999999999999,0.0974063652950783,13908.3,13790.0,0.02
4121430,-100.975,46.834,-101.04999999999998,46.95,0.1381339929199057,8572.9,8715.0,0.03
4121802,-100.821,46.814,-100.85,46.95,0.1390575420464442,482776.0,478737.0,0.02
4122100,-96.284,41.294,-96.35,41.45,0.1693871305619116,17871.0,18515.0,0.05
4122101,-98.028,42.122,-98.14999999999998,42.24999999999999,0.1768275996556851,5698.0,6118.0,0.09
4122120,-107.196,42.458,-107.25,42.55,0.1066770828247494,6026.9,6105.0,0.03
4122131,-103.922,40.322,-103.95,40.45,0.1310267148332649,34162.1,33568.0,0.03
4122134,-105.268,39.209,-105.25,39.24999999999999,0.0447772263544727,4537.7,4602.0,0.03
4122151,-107.058,41.872,-107.04999999999998,41.95,0.0784091831356489,10813.3,10514.0,0.04
4122152,-104.053,41.989,-104.14999999999998,42.14999999999999,0.1879627622695364,57544.6,56448.0,0.03
4122155,-106.513,42.01,-106.54999999999998,42.14999999999999,0.1448067677976292,6055.4,6155.0,0.03
4122160,-95.626,40.633,-95.64999999999998,40.74999999999999,0.1194361754243512,7267.5,7791.0,0.09
4122165,-95.58,40.873,-95.54999999999998,40.95,0.0826377637645201,3434.3,3518.0,0.04
4122170,-95.813,40.392,-95.85,40.55,0.1622744588652125,2051.3,2158.0,0.07
4122180,-95.596,40.036,-95.75,40.14999999999999,0.1916037577919395,3468.0,3590.0,0.05
4122190,-94.704,39.689,-94.74999999999996,39.85,0.1674425274534403,4558.4,4417.0,0.05
4122201,-96.571,39.237,-96.54999999999998,39.35,0.1149347641055521,24967.6,24304.0,0.04
4122211,-96.858,39.776,-96.84999999999998,39.85,0.0744311762637071,8609.2,8397.0,0.04
4122212,-98.067,40.333,-98.04999999999998,40.45,0.1182285921425089,2548.6,2539.0,0.02
4122220,-98.234,38.727,-98.24999999999996,38.85,0.1240362850136953,19632.2,19530.0,0.02
4122222,-97.12,38.907,-97.04999999999998,39.05,0.1592136928784808,49883.4,50245.0,0.02
4122230,-97.874,39.004,-97.84999999999998,39.05,0.0518844870842978,7303.8,7288.0,0.02
4122240,-97.476,38.969,-97.54999999999998,39.05,0.1097132626440256,17534.3,17360.0,0.02
4122250,-93.943,39.927,-93.95,40.05,0.1231990259701726,5827.5,5840.0,0.02
4122251,-93.274,39.64,-93.25,39.74999999999999,0.1125877435602962,17819.2,18097.0,0.03
4122260,-93.197,38.992,-93.24999999999996,39.05,0.0785684415016403,2900.8,2789.0,0.05
4122270,-95.268,38.619,-95.35,38.74999999999999,0.154547727256007,3237.5,3088.0,0.06
4122271,-94.668,38.222,-94.64999999999998,38.35,0.1292594290564493,8365.7,8412.0,0.02
4122280,-91.977,37.93,-91.95,38.05,0.1230000000000008,7355.6,7154.0,0.04
4122281,-91.821,38.389,-91.85,38.35,0.0486004115208961,8236.2,8226.0,0.02
4122300,-92.607,38.191,-92.64999999999998,38.35,0.1647118696390624,36260.0,36076.0,0.02
4122301,-94.146,38.056,-94.25,38.14999999999999,0.1401855912709853,14011.9,14358.0,0.04
4122350,-97.126,39.356,-97.04999999999998,39.45,0.1208801058901017,63563.8,62445.0,0.03
4122351,-100.144,40.285,-100.04999999999998,40.45,0.1898973406870247,37451.4,36929.0,0.03
4122360,-99.555,40.131,-99.64999999999998,40.24999999999999,0.1522694979304543,9945.6,9697.0,0.04
4122620,-96.451,40.966,-96.45,41.05,0.0840059521700656,2719.5,2615.0,0.05
4122639,-98.741,41.031,-98.84999999999998,41.14999999999999,0.1613753388842111,6008.8,5848.0,0.04
4122701,-96.305,39.198,-96.25,39.35,0.1616446720433447,143175.2,141883.0,0.02
4122900,-91.439,38.71,-91.45,38.85,0.1404314779527655,1357678.0,1335930.0,0.03
4122901,-92.754,38.978,-92.85,39.05,0.1199999999999889,1296813.0,1278410.0,0.03
4122902,-94.588,39.112,-94.54999999999998,39.24999999999999,0.1431362986806573,1253819.0,1235510.0,0.03
4123050,-88.741,37.148,-88.74999999999997,37.24999999999999,0.1023962889952432,525770.0,525750.0,0.02
4123061,-86.558,34.572,-86.64999999999998,34.64999999999999,0.1206150902664869,66329.9,67310.0,0.03
4123062,-88.257,35.225,-88.35,35.24999999999999,0.0963016095400154,85832.6,86269.0,0.02
4123080,-88.223,37.022,-88.24999999999997,37.14999999999999,0.1308166656049477,45578.8,45713.0,0.02
4123081,-86.658,36.296,-86.64999999999998,36.35,0.0545893762558232,30233.0,30199.0,0.02
4123082,-84.158,36.744,-84.24999999999997,36.85,0.1403566884761584,4162.1,4158.0,0.02
4123083,-83.356,36.847,-83.54999999999998,36.85,0.1940231944897193,968.7,890.0,0.0999999999999999
4123085,-84.533,36.627,-84.64999999999998,36.64999999999999,0.1192392552811106,2470.9,2289.0,0.09
4123095,-87.743,35.93,-87.74999999999997,35.95,0.0211896201004056,6622.6,6627.0,0.02
4123110,-88.297,38.635,-88.24999999999999,38.64999999999999,0.0493355855341847,2929.3,2882.0,0.03
4123111,-88.16,38.061,-88.14999999999998,38.05,0.0148660687473335,8034.2,8111.0,0.02
4123120,-87.976,38.386,-87.94999999999999,38.55,0.1660481857774986,590.5,579.0,0.03
4123130,-87.753,38.402,-87.85,38.45,0.1082266141020699,74164.7,75299.0,0.03
4123131,-86.897,40.422,-86.94999999999999,40.45,0.0599416382825672,18821.5,18820.0,0.02
4123135,-86.264,40.782,-86.24999999999999,40.95,0.1685823241030922,2043.5,2050.0,0.02
4123136,-86.564,41.157,-86.54999999999998,41.24999999999999,0.0940478601564098,2217.0,2139.0,0.05
4123137,-88.022,38.936,-88.14999999999998,39.05,0.1714059508885036,3926.4,4003.0,0.03
4123140,-87.769,38.083,-87.74999999999999,38.24999999999999,0.1680773631397128,269.4,291.0,0.0999999999999999
4123150,-84.003,35.08,-83.94999999999999,35.14999999999999,0.0878009111570048,1051.5,1113.0,0.07
4123201,-87.011,38.928,-86.94999999999999,39.05,0.1364001466274902,12141.9,12452.0,0.04
4123202,-87.29,38.511,-87.35,38.64999999999999,0.1513968295572778,28813.8,29046.0,0.02
4123205,-85.925,39.2,-85.94999999999999,39.35,0.1520690632574456,4421.1,4474.0,0.03
4123206,-85.899,38.983,-85.84999999999998,39.05,0.0830060238778009,6063.2,6102.0,0.02
4123207,-86.792,38.667,-86.85,38.74999999999999,0.1012570985165865,12760.9,12928.0,0.03
4123209,-85.998,39.361,-86.04999999999998,39.45,0.1030776406404293,1227.7,1238.0,0.02
4123230,-84.572,39.391,-84.54999999999998,39.55,0.1605147968257148,9401.7,9463.0,0.02
4123250,-84.311,38.709,-84.35,38.74999999999999,0.0565862174031642,8547.0,8833.0,0.05
4123251,-84.267,38.598,-84.24999999999999,38.64999999999999,0.0547083174663557,6024.3,6022.0,0.02
4123252,-84.303,38.391,-84.24999999999999,38.45,0.0793095202355992,1608.4,1650.0,0.04
4123255,-83.421,38.804,-83.44999999999999,38.95,0.1488522757635808,1002.3,960.0,0.06
4123260,-82.864,39.212,-82.94999999999999,39.35,0.1626038129934068,13289.3,13351.0,0.02
4123265,-81.712,38.18,-81.84999999999998,38.24999999999999,0.1547384890710538,1012.7,973.0,0.05
4123268,-81.214,38.138,-81.14999999999998,38.24999999999999,0.1289961239727828,21680.9,21767.0,0.02
4123275,-81.01,37.544,-81.04999999999998,37.64999999999999,0.1132960723061354,1023.1,981.0,0.06
4123277,-80.746,36.938,-80.74999999999997,37.05,0.1120714058089691,5703.2,5846.0,0.04
4123278,-80.979,36.647,-81.04999999999998,36.74999999999999,0.1250999600319542,2929.3,2880.0,0.03
4123300,-85.799,38.28,-85.85,38.35,0.0866083136886857,236130.0,236558.0,0.02
4123320,-80.541,40.676,-80.54999999999998,40.85,0.1742326031487709,1284.6,1215.0,0.07
4123330,-80.039,39.15,-80.04999999999998,39.24999999999999,0.1006031808642174,2367.3,2309.0,0.04
4123340,-79.665,39.346,-79.64999999999998,39.35,0.0155241746962874,2432.0,2304.0,0.07
4123341,-79.681,39.123,-79.64999999999998,39.24999999999999,0.1307287267588882,1870.0,2017.0,0.09
4123355,-79.956,41.438,-80.04999999999998,41.55,0.1462190138114569,2662.5,2669.0,0.02
4123370,-83.398,36.425,-83.44999999999999,36.45,0.0576974869469992,3817.7,3759.0,0.03
4123375,-84.558,35.983,-84.54999999999998,36.05,0.0674759216313523,1978.8,1898.0,0.06
4123380,-82.579,35.609,-82.54999999999998,35.64999999999999,0.0502195181179565,2447.6,2518.0,0.04
4123382,-82.624,35.299,-82.54999999999998,35.349999999999994,0.0898721313867724,766.6,807.0,0.07
4123385,-82.457,36.176,-82.44999999999999,36.24999999999999,0.074330343736584,2085.0,2099.0,0.02
4123510,-85.158,39.58,-85.14999999999998,39.64999999999999,0.0704556598152301,1351.9,1423.0,0.07
4125025,-95.431,37.891,-95.45,38.05,0.1601311962111047,9888.6,9979.0,0.02
4125026,-95.11,37.34,-95.14999999999998,37.35,0.0412310562561528,12703.9,12816.0,0.02
4125028,-95.183,36.23,-95.24999999999996,36.35,0.1374372584126831,29873.1,29710.0,0.02
4125050,-95.698,36.307,-95.64999999999998,36.45,0.1508409758653122,16923.1,16815.0,0.02
4125055,-95.954,36.278,-95.95,36.35,0.0721110255092756,2343.9,2384.0,0.03
4125061,-96.912,35.986,-96.95,36.14999999999999,0.1683448840921423,46565.6,42608.0,0.0999999999999999
4125062,-97.915,35.952,-97.84999999999998,36.05,0.1175967686631023,40696.7,37611.0,0.09
4125070,-96.995,37.224,-96.95,37.35,0.1337946187258697,4869.2,4887.0,0.02
4125080,-97.277,36.811,-97.35,36.95,0.157003184681069,4814.8,5115.0,0.08
4125110,-98.015,37.864,-98.04999999999998,37.95,0.0928493403315204,2038.3,2049.0,0.02
4125205,-95.156,34.913,-95.14999999999998,35.05,0.1371313239198122,315.9,303.0,0.06
4125500,-96.006,36.141,-95.95,36.14999999999999,0.0567186036499593,193252.9,191925.0,0.02
4125550,-95.239,35.264,-95.24999999999996,35.349999999999994,0.0867006343690621,123221.8,124983.0,0.03
4125552,-104.494,36.297,-104.45,36.45,0.1592011306492531,7381.5,7136.0,0.05
4125555,-96.206,35.266,-96.24999999999996,35.349999999999994,0.0948261567290195,37011.1,39510.0,0.08
4125560,-100.519,36.822,-100.64999999999998,36.95,0.1831529415542945,20603.5,21052.0,0.04
4125565,-96.069,35.674,-96.04999999999998,35.74999999999999,0.0783390068867339,5226.6,5318.0,0.03
4125803,-104.718,38.272,-104.65,38.35,0.103479466562217,12095.3,12173.0,0.02
4125901,-91.289,35.605,-91.35,35.74999999999999,0.1573086138773016,51437.4,51914.0,0.02
4125911,-91.015,36.991,-91.04999999999998,37.14999999999999,0.1628066337714657,4317.5,4524.0,0.06
4125918,-91.201,36.649,-91.14999999999998,36.74999999999999,0.1131459234793725,2053.9,2076.0,0.03
4125920,-92.746,35.984,-92.84999999999998,36.05,0.1231746727212874,2147.1,2101.0,0.04
4125925,-93.462,36.805,-93.45,36.95,0.1454957044039417,2556.3,2661.0,0.06
4125940,-91.295,35.764,-91.25,35.95,0.1913661412058015,21802.6,22375.0,0.04
4125942,-90.541,36.402,-90.64999999999998,36.45,0.1191007976463433,4529.9,4240.0,0.08
4126300,-95.75,34.027,-95.75,34.14999999999999,0.1229999999999904,5887.1,5909.0,0.02
4126301,-95.912,34.272,-95.84999999999998,34.349999999999994,0.0996393496566621,2815.3,2950.0,0.06
4126350,-98.297,34.053,-98.25,34.14999999999999,0.1077868266533528,8907.0,8418.0,0.07
4126351,-99.143,33.76,-99.14999999999998,33.849999999999994,0.0902718117686745,5402.7,5443.0,0.02
4126701,-92.818,33.596,-92.85,33.74999999999999,0.1572895419282498,13874.6,13800.0,0.02
4126801,-94.041,33.552,-94.04999999999998,33.64999999999999,0.0984123975929768,124397.7,124520.0,0.02
4126802,-95.502,33.875,-95.54999999999998,33.95,0.0890449324779247,115335.3,114901.0,0.02
4126803,-98.532,34.11,-98.54999999999998,34.24999999999999,0.1411523999087429,53276.3,54632.0,0.04
4126805,-97.16,33.728,-97.14999999999998,33.849999999999994,0.1224091499847892,79725.4,79418.0,0.02
4126810,-99.097,34.635,-99.04999999999998,34.74999999999999,0.1242336508358338,10992.0,11909.0,0.0999999999999999
4126851,-99.278,34.179,-99.45,34.24999999999999,0.1860779406592645,9033.9,9714.0,0.09
4127100,-90.592,38.506,-90.64999999999998,38.55,0.0728010988927862,9810.9,9733.0,0.02
4127150,-88.977,35.275,-88.94999999999999,35.349999999999994,0.0797119815335196,3833.2,3846.0,0.02
4127202,-89.089,38.961,-89.04999999999998,39.14999999999999,0.1929818644329009,5024.6,5147.0,0.04
4127310,-90.211,33.651,-90.14999999999998,33.849999999999994,0.2081393763803452,13522.4,13550.0,0.02
4127501,-89.464,37.217,-89.54999999999998,37.35,0.1583824485225434,1847188.0,1824720.0,0.03
4127502,-89.836,37.903,-89.85,38.05,0.147665161768101,1835274.0,1813000.0,0.03
4127503,-90.18,38.629,-90.24999999999996,38.64999999999999,0.0730821455623382,1805230.0,1784480.0,0.03
4127700,-90.697,32.347,-90.74999999999996,32.45,0.1158360910942507,7283.1,7151.0,0.03
4127701,-89.771,33.194,-89.74999999999999,33.349999999999994,0.1574071154681326,2659.9,2681.0,0.02
4131030,-68.595,47.26,-68.54999999999998,47.35,0.1006230589874943,15317.3,15365.0,0.02
4131031,-69.09,47.112,-69.04999999999998,47.24999999999999,0.1436802004452915,6941.2,7192.0,0.05
4132010,-89.616,48.012,-89.74999999999999,48.15,0.1923538406167024,1577.3,1650.0,0.06
4132100,-92.094,46.633,-92.14999999999998,46.74999999999999,0.1297112177107124,1087.8,1105.0,0.03
4132900,-85.27,46.575,-85.24999999999999,46.64999999999999,0.0776208734812917,2046.1,1960.0,0.06
4133100,-87.201,45.755,-87.14999999999998,45.74999999999999,0.0512445119012928,1165.5,1204.0,0.05
4133200,-88.197,44.318,-88.24999999999997,44.35,0.0619112267686279,15565.9,15535.0,0.02
4133260,-88.74,44.392,-88.74999999999997,44.55,0.1583161394172991,5853.4,5597.0,0.06
4133300,-87.909,43.1,-87.94999999999999,43.24999999999999,0.1555024115568501,1802.6,1793.0,0.02
4133450,-86.161,46.031,-86.24999999999997,46.15,0.148600134589423,2849.0,2902.0,0.03
4133500,-86.26,41.829,-86.24999999999999,41.95,0.1214125199474881,9494.9,9859.0,0.05
4133700,-85.665,43.435,-85.74999999999997,43.55,0.1430034964607262,5990.7,6135.0,0.04
4133701,-85.255,43.899,-85.24999999999999,43.95,0.0512445119012716,3711.5,3720.0,0.02
4133800,-85.699,44.436,-85.64999999999998,44.55,0.1240846485267271,2219.6,2199.0,0.02
4134300,-84.236,43.595,-84.24999999999997,43.64999999999999,0.0567538544946356,6216.0,6157.0,0.02
4134350,-84.708,43.626,-84.84999999999998,43.64999999999999,0.1440138882191384,1077.4,1072.0,0.02
4134400,-83.963,43.413,-83.94999999999999,43.55,0.1376154061142874,15695.4,15255.0,0.04
4135100,-83.531,41.961,-83.54999999999998,42.05,0.0910054943396215,2698.8,2663.0,0.03
4135200,-83.713,41.5,-83.84999999999998,41.55,0.1458389522726899,16394.7,16466.0,0.02
4135205,-84.399,41.237,-84.54999999999998,41.35,0.1886001060444899,6003.6,6510.0,0.0999999999999999
4135210,-83.159,41.308,-83.14999999999998,41.35,0.0429534631898296,3240.1,3172.0,0.04
4135400,-83.733,42.286,-83.84999999999998,42.45,0.2014571914824401,1888.1,1913.0,0.03
4135800,-78.935,42.464,-78.94999999999999,42.55,0.0872983390449058,1129.2,1093.0,0.05
4136411,-76.17,43.247,-76.24999999999997,43.35,0.1304185569617837,3579.4,3511.0,0.03
4136500,-75.925,43.986,-75.84999999999998,44.05,0.0985951317256717,4827.8,4996.0,0.05
4143310,-75.379,44.599,-75.34999999999998,44.74999999999999,0.1537595525487776,2553.7,2478.0,0.04
4143710,-73.471,44.682,-73.64999999999998,44.74999999999999,0.1914810695603857,1574.7,1499.0,0.06
4143750,-73.168,44.013,-73.14999999999998,43.95,0.0655209890035349,1626.5,1522.0,0.08
4146115,-123.672,41.05,-123.64999999999998,41.05,0.0220000000000197,7389.3,7488.0,0.03
4146140,-121.879,42.565,-121.85,42.64999999999999,0.0898109124772683,7770.0,7623.0,0.03
4146180,-124.1,40.492,-124.04999999999998,40.55,0.0765767588763138,8062.7,7965.0,0.03
4146210,-122.928,38.508,-122.95,38.64999999999999,0.143694119573476,3465.4,3753.0,0.0999999999999999
4146270,-121.228,38.636,-121.14999999999998,38.74999999999999,0.1381303731986576,4889.9,4997.0,0.04
4146281,-121.598,38.774,-121.64999999999998,38.85,0.092086915465753,55040.1,57465.0,0.06
4146330,-121.769,37.462,-121.75,37.55,0.0900277734924043,199.7,196.0,0.03
4146340,-121.494,37.078,-121.45,37.24999999999999,0.1775387281693702,282.3,295.0,0.06
4146410,-120.228,35.022,-120.14999999999998,35.14999999999999,0.1498932953804168,2294.7,2432.0,0.07
4146630,-119.909,34.597,-120.04999999999998,34.74999999999999,0.2080624906127746,191.7,203.0,0.07
4146920,-117.388,33.237,-117.45,33.349999999999994,0.1288914271780564,1872.6,1752.0,0.08
4147010,-68.649,45.237,-68.64999999999998,45.35,0.1130044246921254,16633.0,17236.0,0.05
4147011,-68.696,44.828,-68.64999999999998,44.95,0.1303840481040535,19463.9,20115.0,0.05
4147030,-68.595,47.26,-68.54999999999998,47.35,0.1006230589874943,15317.3,15365.0,0.02
4147031,-69.09,47.112,-69.04999999999998,47.24999999999999,0.1436802004452915,6941.2,7192.0,0.05
4147050,-69.886,45.052,-69.84999999999998,45.05,0.0360555127546555,7031.9,6933.0,0.03
4147060,-67.317,45.137,-67.35,45.24999999999999,0.1177200067957795,3558.7,3641.0,0.04
4147110,-70.208,44.072,-70.24999999999997,44.14999999999999,0.0885889383613777,8451.2,8528.0,0.02
4147111,-71.19,44.436,-71.14999999999998,44.55,0.1208139064843158,3525.0,3587.0,0.03
4147310,-70.953,43.103,-71.04999999999998,43.14999999999999,0.1077868266533307,474.0,451.0,0.06
4147380,-71.298,42.646,-71.35,42.74999999999999,0.1162755348299786,12004.7,12251.0,0.04
4147381,-71.463,42.948,-71.44999999999999,43.05,0.1028250942134237,8008.3,8159.0,0.03
4147440,-71.833,41.384,-71.85,41.55,0.1668682114724035,764.0,832.0,0.0999999999999999
4147460,-72.605,41.987,-72.64999999999998,42.14999999999999,0.1690976049504965,25019.4,25454.0,0.03
4147461,-72.575,42.579,-72.54999999999998,42.64999999999999,0.0752728370662332,20357.4,21159.0,0.05
4147462,-72.312,43.646,-72.35,43.74999999999999,0.1107248842853227,10598.3,11222.0,0.07
4147463,-71.631,44.75,-71.64999999999998,44.85,0.1017889974407744,2069.4,2097.0,0.03
4147475,-72.514,42.161,-72.54999999999998,42.24999999999999,0.0960052081920432,1784.5,1644.0,0.09
4147490,-73.168,41.384,-73.14999999999998,41.45,0.0684105255059514,3999.0,3957.0,0.03
4147491,-73.49,41.65,-73.44999999999999,41.64999999999999,0.0400000000000062,2580.0,2755.0,0.08
4147500,-73.689,42.752,-73.64999999999998,42.85,0.1054751155486431,20953.0,21443.0,0.04
4147501,-73.596,43.27,-73.74999999999999,43.35,0.1735396208362606,7277.9,7247.0,0.02
4147502,-73.984,43.701,-74.04999999999998,43.85,0.1629631860267729,2051.3,2138.0,0.06
4147510,-74.165,41.686,-74.14999999999998,41.74999999999999,0.0657343137181789,1800.0,1760.0,0.04
4147600,-74.778,40.222,-74.85,40.35,0.1468604780054748,17560.2,17058.0,0.04
4147606,-75.383,42.003,-75.44999999999999,42.14999999999999,0.1615487542508345,1541.1,1647.0,0.08
4147650,-75.652,40.242,-75.64999999999998,40.35,0.1080185169311236,2970.7,2912.0,0.03
4147651,-75.189,39.968,-75.24999999999997,40.14999999999999,0.1919505144561822,4902.9,4893.0,0.02
4147700,-76.886,40.255,-76.84999999999998,40.35,0.101592322544568,62419.0,62911.0,0.02
4147701,-75.803,42.035,-75.85,42.14999999999999,0.1242336508358284,5780.9,5742.0,0.02
4147702,-75.317,42.322,-75.24999999999999,42.45,0.1444749113168068,2543.4,2638.0,0.05
4147703,-76.175,39.657,-76.24999999999997,39.85,0.207060377667953,70189.0,70189.0,0.01
4147704,-75.881,41.251,-75.94999999999999,41.35,0.1206731121667032,25796.4,25831.0,0.02
4147710,-75.848,42.218,-75.85,42.35,0.1320151506456647,3841.0,3819.0,0.02
4147715,-76.635,42.002,-76.74999999999999,42.14999999999999,0.1874273192466677,6490.5,6597.0,0.03
4147720,-77.129,40.478,-77.14999999999998,40.55,0.074999999999988,8686.9,8848.0,0.03
4147721,-78.019,40.485,-78.04999999999998,40.64999999999999,0.1678868666691828,2113.4,2065.0,0.04
4147725,-76.876,40.968,-76.84999999999998,41.05,0.0860232526704276,17733.7,18021.0,0.03
4147726,-77.751,41.325,-77.85,41.35,0.1021077861869382,7705.3,7352.0,0.06
4147810,-75.786,38.997,-75.94999999999999,39.05,0.1723513852569672,292.7,287.0,0.03
4147900,-77.127,38.95,-77.14999999999998,39.05,0.1026109155986731,29940.4,29984.0,0.02
4147901,-78.178,39.698,-78.14999999999998,39.74999999999999,0.0590592922409364,10593.1,10712.0,0.03
4147902,-78.456,39.539,-78.44999999999999,39.64999999999999,0.1111620438818842,8104.1,7751.0,0.06
4147904,-77.13,38.95,-77.14999999999998,39.05,0.1019803902718465,29940.0,29984.0,0.02
4147905,-77.366,39.403,-77.34999999999998,39.55,0.1478681845428562,2116.0,2188.0,0.05
4147907,-78.211,38.914,-78.34999999999998,38.85,0.1530261415575645,4252.8,4456.0,0.06
4147950,-77.529,38.309,-77.54999999999998,38.45,0.1425552524461969,4133.6,4158.0,0.02
4148070,-77.166,36.77,-77.14999999999998,36.95,0.1807097119692186,3680.4,3453.0,0.08
4148091,-78.741,36.915,-78.74999999999997,37.05,0.1352996674053523,7710.4,7484.0,0.04
4148092,-79.295,37.105,-79.35,37.24999999999999,0.1550806241927018,4633.5,4433.0,0.06
4148110,-77.533,35.894,-77.54999999999998,36.05,0.156923548264749,5654.0,5986.0,0.07
4148120,-77.305,35.313,-77.35,35.45,0.1442012482608838,10101.0,10140.0,0.02
4148121,-77.585,35.258,-77.74999999999999,35.349999999999994,0.1889153249474373,6972.3,7523.0,0.09
4148210,-79.116,35.627,-79.14999999999998,35.64999999999999,0.0410487515035228,3714.0,3615.0,0.04
4148230,-78.813,35.406,-78.94999999999999,35.55,0.1987586476106027,8971.8,9018.0,0.02
4148231,-78.824,34.835,-78.85,34.95,0.1179025020938853,12566.7,13057.0,0.05
4148232,-78.294,34.404,-78.35,34.55,0.1563713528751282,13610.5,14379.0,0.07
4148300,-79.548,34.204,-79.54999999999998,34.349999999999994,0.1460136979875452,22869.7,23035.0,0.02
4148310,-79.247,34.057,-79.24999999999997,34.24999999999999,0.193023314653946,7226.1,7221.0,0.02
4148321,-80.387,35.857,-80.34999999999998,36.05,0.1965146304985984,5905.0,6279.0,0.08
4148325,-80.176,35.148,-80.14999999999998,35.24999999999999,0.1052615789355222,3553.5,3531.0,0.02
4148410,-81.422,34.596,-81.44999999999999,34.74999999999999,0.1565247584249802,7226.1,7777.0,0.09
4148530,-81.05,33.993,-81.04999999999998,34.14999999999999,0.1569999999999893,20331.5,20511.0,0.02
4148541,-80.654,34.245,-80.64999999999998,34.349999999999994,0.105076162853425,13131.3,13121.0,0.02
4148545,-80.879,34.836,-80.84999999999998,34.849999999999994,0.0322024843762297,9168.6,9253.0,0.02
4148546,-80.974,34.985,-80.94999999999999,35.05,0.0692892488052831,7899.5,7735.0,0.04
4148570,-80.391,33.028,-80.44999999999999,33.14999999999999,0.1355175265417586,7070.7,7318.0,0.05
4148610,-81.416,32.192,-81.44999999999999,32.349999999999994,0.1616168308066879,6863.5,6948.0,0.03
4148650,-81.269,32.528,-81.35,32.64999999999999,0.1464411144453511,25511.5,25320.0,0.02
4148655,-82.77,33.974,-82.74999999999999,34.05,0.0785875308175571,3703.7,3782.0,0.04
4148720,-81.828,31.655,-81.85,31.749999999999996,0.0975141015443307,35224.0,34984.0,0.02
4148750,-81.867,31.221,-81.84999999999998,31.349999999999994,0.1301153334545907,7226.1,7377.0,0.04
4149120,-89.821,30.793,-89.74999999999999,30.95,0.1723078640109052,17024.1,16619.0,0.04
4149121,-90.088,31.554,-90.14999999999998,31.749999999999996,0.2055723716845134,12931.9,13136.0,0.03
4149122,-90.179,32.281,-90.14999999999998,32.45,0.1714701140140765,8212.9,8314.0,0.03
4149123,-89.336,32.799,-89.35,32.849999999999994,0.0528866712887033,2341.4,2387.0,0.03
4149300,-88.724,30.978,-88.74999999999997,31.049999999999997,0.0765506368360001,17068.1,17014.0,0.02
4149301,-88.641,30.611,-88.64999999999998,30.749999999999996,0.1392910621683866,21248.4,21041.0,0.02
4149350,-88.564,31.148,-88.54999999999998,31.249999999999996,0.1029563014098646,6967.1,7018.0,0.02
4149360,-88.806,31.103,-88.85,31.249999999999996,0.1534438007871194,9052.0,9149.0,0.03
4149401,-87.553,31.611,-87.54999999999998,31.749999999999996,0.1390323703315092,55615.1,55573.0,0.02
4149405,-85.561,33.117,-85.54999999999998,33.24999999999999,0.1334541119636234,4338.3,4120.0,0.07
4149410,-87.878,32.52,-87.84999999999998,32.64999999999999,0.1329812016790271,39847.2,40118.0,0.02
4149413,-88.129,31.759,-88.14999999999998,31.849999999999994,0.0933916484488722,47700.0,48163.0,0.02
4149420,-87.234,30.965,-87.24999999999997,31.049999999999997,0.0864927742646644,9886.0,10432.0,0.07
4149421,-87.267,30.668,-87.35,30.849999999999994,0.2000324973597988,10740.7,10962.0,0.04
4149430,-84.851,34.828,-84.84999999999998,34.95,0.1220040982918126,652.6,709.0,0.0999999999999999
4149440,-86.255,32.614,-86.35,32.74999999999999,0.1658945448168763,26164.2,26028.0,0.02
4149441,-85.257,34.2,-85.24999999999999,34.349999999999994,0.1501632445040986,10463.6,10497.0,0.02
4149510,-86.629,30.753,-86.64999999999998,30.849999999999994,0.0992471662063845,1616.2,1481.0,0.0999999999999999
4149630,-84.859,30.701,-84.94999999999999,30.749999999999996,0.1033537614216248,44548.0,44226.0,0.02
4149631,-85.031,30.425,-85.04999999999998,30.45,0.0314006369361973,45584.0,44758.0,0.03
4149632,-85.016,29.949,-85.04999999999998,29.849999999999994,0.1046756896323111,49728.0,49657.0,0.02
4149681,-84.044,32.298,-84.04999999999998,32.45,0.1521183749584447,7511.0,7571.0,0.02
4149682,-84.233,32.721,-84.34999999999998,32.849999999999994,0.1741551032843821,4791.5,4863.0,0.03
4149690,-85.898,30.451,-85.84999999999998,30.64999999999999,0.204707107839464,11354.6,11513.0,0.03
4149691,-85.828,30.776,-85.85,30.849999999999994,0.0772010362624674,9062.4,9494.0,0.06
4149710,-84.384,30.554,-84.34999999999998,30.749999999999996,0.1989271223337813,2952.6,2966.0,0.02
4149780,-82.928,29.956,-82.94999999999999,30.049999999999997,0.0965401470891696,20409.2,20460.0,0.02
4149850,-82.35,28.989,-82.44999999999999,29.14999999999999,0.1895283619936495,4713.8,4665.0,0.03
4149910,-82.211,27.872,-82.24999999999997,27.95,0.087206651122476,867.7,874.0,0.02
4149950,-81.876,27.222,-81.84999999999998,27.349999999999994,0.1306139349380436,3540.5,3392.0,0.06
4150280,-97.86,28.038,-97.95,28.14999999999999,0.1436802004452808,43149.4,42771.0,0.02
4150281,-98.178,28.427,-98.14999999999998,28.45,0.0362353418639998,39956.0,40592.0,0.03
4150282,-98.557,28.309,-98.75,28.249999999999996,0.201816748561646,20960.9,20912.0,0.02
4150330,-97.385,28.65,-97.54999999999998,28.749999999999996,0.1929378138157254,10155.4,10231.0,0.02
4150331,-98.064,28.952,-98.14999999999998,29.14999999999999,0.2158703314492133,5472.7,5486.0,0.02
4150400,-96.205,29.881,-96.24999999999996,30.05,0.1748885359307366,973.8,962.0,0.03
4150450,-96.104,29.309,-96.14999999999998,29.349999999999994,0.0616198020119947,108788.0,108465.0,0.02
4150451,-97.694,30.245,-97.74999999999996,30.349999999999994,0.1189999999999795,101033.3,100650.0,0.02
4150460,-98.67,30.751,-98.64999999999998,30.849999999999994,0.100999999999998,10870.2,10968.0,0.02
4150461,-99.109,30.661,-99.14999999999998,30.749999999999996,0.0979897953870558,8409.7,8524.0,0.03
4150462,-99.734,30.504,-99.74999999999996,30.549999999999997,0.0487031826475288,4804.5,4797.0,0.02
4150471,-100.711,31.427,-100.84999999999998,31.55,0.1856071119326904,5397.6,5588.0,0.05
4150475,-99.919,31.516,-99.95,31.64999999999999,0.1375390853539373,17026.7,16868.0,0.02
4150500,-95.758,29.582,-95.75,29.649999999999995,0.0684689710744902,116827.1,108656.0,0.08
4150505,-99.225,32.935,-99.24999999999996,33.05,0.1176860229593883,10328.9,10400.0,0.02
4150507,-100.238,33.334,-100.14999999999998,33.349999999999994,0.0894427191000119,13286.7,12515.0,0.07
4150510,-97.568,31.786,-97.64999999999998,31.95,0.1833575741549685,2507.1,2619.0,0.06
4150585,-99.145,28.737,-99.14999999999998,28.849999999999994,0.1131105653774169,8881.0,8837.0,0.02
4150600,-94.851,30.425,-94.84999999999998,30.45,0.0250199920063893,44511.7,43635.0,0.03
4150681,-94.399,31.025,-94.45,31.14999999999999,0.1350037036528886,9417.2,9467.0,0.02
4150700,-93.744,30.304,-93.74999999999996,30.349999999999994,0.046389654018965,24162.1,24110.0,0.02
4151420,-104.9,35.182,-104.95,35.349999999999994,0.1752826289168315,1579.9,1609.0,0.03
4151421,-105.319,35.652,-105.35,35.64999999999999,0.0310644491340104,217.6,201.0,0.09
4151805,-106.461,37.689,-106.45,37.74999999999999,0.0619838688692416,3418.8,3322.0,0.04
4152200,-108.676,32.727,-108.65,32.849999999999994,0.1257179382586269,7327.1,7341.0,0.02
4152201,-108.537,33.061,-108.45,33.14999999999999,0.1244588285337827,4827.8,4645.0,0.05
4152300,-110.921,33.62,-110.84999999999998,33.74999999999999,0.1481249472573832,11152.5,10774.0,0.05
4152460,-109.293,38.81,-109.35,38.85,0.0696347614342003,62419.0,62762.0,0.02
4152465,-111.567,35.926,-111.54999999999998,36.05,0.1251598977308593,68528.8,68822.0,0.02
4152466,-110.044,34.783,-110.04999999999998,34.849999999999994,0.0672681202353604,20906.5,20960.0,0.02
4152500,-110.111,31.38,-110.14999999999998,31.45,0.0801311425102465,1908.8,1903.0,0.02
4152550,-110.151,38.986,-110.15,39.05,0.0640078120232211,116161.5,105792.0,0.0999999999999999
4152553,-110.163,42.193,-110.15,42.24999999999999,0.0584636639289702,10126.9,9794.0,0.05
4152560,-109.688,41.947,-109.65,42.05,0.10978615577567,4454.8,4662.0,0.06
4152570,-109.694,41.546,-109.75,41.64999999999999,0.1181185844818522,8029.0,7957.0,0.02
4152580,-108.424,40.547,-108.34999999999998,40.55,0.0740607858451685,9660.7,9776.0,0.03
4152600,-109.865,37.147,-109.95,37.24999999999999,0.1335440002396131,59570.0,58686.0,0.03
4152601,-109.034,37.006,-109.04999999999998,37.14999999999999,0.1448861622101874,37814.0,38038.0,0.02
4152602,-108.226,36.723,-108.15,36.85,0.1480033783398202,18751.6,18956.0,0.03
4152610,-109.784,40.215,-109.75,40.24999999999999,0.0487954915950299,10999.7,10078.0,0.0999999999999999
4152620,-110.407,38.094,-110.45,38.14999999999999,0.0706045324324029,10771.8,10938.0,0.03
4152660,-109.195,38.797,-109.15,38.85,0.0695269731830738,11862.2,12733.0,0.09
4152700,-108.03,40.503,-108.04999999999998,40.55,0.0510783711564786,8831.9,8743.0,0.03
4152701,-108.525,40.452,-108.54999999999998,40.55,0.1011385188738626,19839.4,20024.0,0.02
4152900,-109.296,33.05,-109.25,33.14999999999999,0.1100727032465396,7163.9,7311.0,0.04
4185050,-66.26,18.409,-66.44999999999999,18.45,0.1943733520830298,538.7,586.0,0.0999999999999999
4185051,-66.238,18.344,-66.24999999999997,18.44999999999999,0.106677082824741,448.1,469.0,0.06
4185300,-66.005,18.34,-66.04999999999998,18.349999999999994,0.046097722286451,541.3,587.0,0.0999999999999999
4185301,-66.009,18.241,-65.94999999999999,18.349999999999994,0.1239435355313064,232.6,234.0,0.02
4185550,-66.137,18.334,-66.14999999999998,18.349999999999994,0.0206155281280695,108.3,117.0,0.0999999999999999
4185600,-66.354,18.081,-66.44999999999999,18.15,0.118224362971419,112.7,117.0,0.05
4185650,-66.374,18.446,-66.44999999999999,18.349999999999994,0.1224418229201132,256.7,234.0,0.0999999999999999
4203050,-139.883,67.564,-139.95,67.65,0.1090183470797432,55400.0,54115.0,0.04
4203051,-137.784,67.44,-137.95,67.55,0.1991381430063031,36000.0,35752.0,0.02
4203080,-138.403,66.427,-138.35,66.55,0.1339328189802535,6730.0,6766.0,0.02
4203152,-139.249,63.282,-139.35,63.45,0.1960229578391255,51000.0,50529.0,0.02
4203160,-135.135,63.488,-135.14999999999998,63.55,0.0637887137352627,30588.0,30297.0,0.02
4203201,-141.198,64.789,-141.14999999999998,64.85,0.0776208734813131,294000.0,287512.0,0.04
4203210,-139.408,64.043,-139.35,64.14999999999999,0.1217086685491052,7800.0,8411.0,0.09
4203220,-139.629,63.771,-139.54999999999998,63.85,0.1117228714274753,2220.0,2133.0,0.05
4203300,-140.553,61.987,-140.54999999999998,62.05,0.0630713881248818,6240.0,6283.0,0.02
4203340,-137.016,62.569,-136.95,62.65,0.1044844486036064,1730.0,1717.0,0.02
4203400,-136.272,62.096,-136.25,62.25,0.1555634918610426,81800.0,80844.0,0.03
4203410,-136.279,62.05,-136.25,62.14999999999999,0.1041201229349958,6370.0,6530.0,0.04
4203420,-134.833,61.873,-134.75,61.95,0.1132166065557498,6760.0,6822.0,0.02
4203425,-134.371,61.386,-134.35,61.55,0.1653390456002416,515.0,533.0,0.05
4203500,-136.581,62.83,-136.64999999999998,62.95,0.1384232639407039,49000.0,49118.0,0.02
4203501,-133.378,62.222,-133.45,62.35,0.1468604780054818,22100.0,22426.0,0.03
4203510,-132.378,61.994,-132.35,62.14999999999999,0.1584929020492619,7250.0,7645.0,0.07
4203530,-135.51,62.893,-135.64999999999998,62.95,0.1511588568360968,13800.0,13288.0,0.05
4203755,-135.014,59.838,-134.95,59.85,0.0651152823844186,240.0,249.0,0.05
4203770,-133.302,60.484,-133.35,60.55,0.08160882305241,30300.0,30207.0,0.02
4203780,-132.545,60.343,-132.54999999999998,60.45,0.1071167587261596,8030.0,8119.0,0.03
4203785,-133.054,60.785,-133.25,60.95,0.2562049960480843,372.0,360.0,0.05
4203820,-140.611,64.397,-140.64999999999998,64.44999999999999,0.0658027355054272,16600.0,16374.0,0.03
4204010,-131.674,56.739,-131.64999999999998,56.85,0.1135649593844895,9350.0,9797.0,0.06
4204100,-131.154,57.901,-131.14999999999998,58.05,0.1490536816049785,29300.0,28715.0,0.03
4207220,-122.678,54.096,-122.64999999999998,54.25,0.1565247584249922,4300.0,3947.0,0.0999999999999999
4207250,-122.888,53.311,-122.95,53.35,0.0732461603089029,12400.0,12277.0,0.02
4207310,-122.442,52.53,-122.45,52.55,0.0215406592285326,114000.0,113483.0,0.02
4207321,-121.571,52.616,-121.54999999999998,52.65,0.0399624824053831,5930.0,5865.0,0.03
4207380,-119.004,52.982,-118.95,53.05,0.086833173384378,1700.0,1715.0,0.02
4207750,-122.799,50.336,-122.85,50.45,0.1248879497789843,2160.0,2353.0,0.0999999999999999
4207800,-121.394,50.357,-121.35,50.55,0.197952014387326,54900.0,55430.0,0.02
4207810,-121.226,50.33,-121.25,50.45,0.1223764683262217,7280.0,7122.0,0.04
4207830,-120.241,51.041,-120.25,51.15,0.1093709284956479,19600.0,19721.0,0.02
4207860,-119.74,50.765,-119.75,50.85,0.0855862138431111,16200.0,16288.0,0.02
4207900,-121.451,49.381,-121.54999999999998,49.45,0.1206731121667014,217000.0,215798.0,0.02
4208005,-121.357,61.869,-121.45,61.95,0.123328828746556,1270000.0,1289860.0,0.03
4208040,-134.883,67.249,-134.95,67.35,0.121202310208993,70600.0,70602.0,0.02
4208065,-133.082,66.79,-133.04999999999998,66.94999999999999,0.1631686244349539,18600.0,18600.0,0.01
4208220,-124.07,61.263,-124.14999999999998,61.35,0.1181905241548441,33400.0,33143.0,0.02
4208221,-125.795,61.636,-125.85,61.75,0.126574088975582,14600.0,14203.0,0.04
4208225,-125.411,61.53,-125.54999999999998,61.55,0.1404314779527536,8560.0,8631.0,0.02
4208240,-128.151,59.951,-128.25,60.14999999999999,0.2222656068760849,9450.0,9420.0,0.02
4208247,-125.069,59.375,-125.25,59.55,0.2517657641538914,1780.0,1807.0,0.03
4208251,-129.212,59.189,-129.25,59.24999999999999,0.0718679344353234,6940.0,7019.0,0.03
4208252,-128.597,59.858,-128.64999999999998,59.95,0.1061743848581025,14500.0,14579.0,0.02
4208256,-127.534,59.098,-127.54999999999998,59.15,0.0544058820349346,11200.0,11271.0,0.02
4208258,-127.845,59.064,-127.85,59.15,0.0861452262171253,6580.0,7138.0,0.0999999999999999
4208260,-126.951,59.691,-127.04999999999998,59.85,0.1873018953454431,9190.0,9249.0,0.02
4208265,-129.128,59.758,-129.25,59.85,0.1528005235593186,1700.0,1688.0,0.02
4208270,-126.097,59.413,-126.14999999999998,59.55,0.146894519979468,104000.0,103462.0,0.02
4208271,-121.224,61.747,-121.25,61.85,0.1062308806326951,275000.0,270665.0,0.03
4208272,-124.476,59.742,-124.54999999999998,59.74999999999999,0.074431176263697,119000.0,117811.0,0.02
4208274,-127.228,59.701,-127.25,59.85,0.150615404258654,61600.0,61249.0,0.02
4208275,-128.9,60.05,-128.95,60.14999999999999,0.1118033988749767,33400.0,32112.0,0.05
4208280,-123.479,60.243,-123.45,60.35,0.1108602724153199,222000.0,217399.0,0.04
4208285,-127.096,59.609,-127.14999999999998,59.65,0.0678011799307127,3780.0,3619.0,0.06
4208289,-125.936,59.335,-125.95,59.35,0.0205182845286658,1190.0,1206.0,0.03
4208290,-129.119,60.474,-129.14999999999998,60.55,0.0820792300158735,12800.0,12773.0,0.02
4208307,-122.719,58.03,-122.75,58.05,0.0368917334913843,332.0,328.0,0.03
4208311,-125.298,63.925,-125.45,64.05,0.1967968495682692,15400.0,15502.0,0.02
4208325,-125.38,58.856,-125.45,58.95,0.11720068259186,2570.0,2637.0,0.04
4208326,-124.701,59.188,-124.75,59.24999999999999,0.0790253124005092,6900.0,6934.0,0.02
4208345,-121.612,61.894,-121.64999999999998,61.95,0.0676756972627425,2050.0,2226.0,0.0999999999999999
4208346,-121.296,61.877,-121.25,62.05,0.1790111728356642,701.0,693.0,0.03
4208360,-122.659,58.788,-122.64999999999998,58.95,0.1622498073958801,20300.0,19931.0,0.03
4208365,-122.638,58.671,-122.64999999999998,58.74999999999999,0.0799061950038813,22800.0,22655.0,0.02
4208376,-113.523,62.491,-113.65,62.64999999999999,0.2034944716693704,3630.0,3704.0,0.04
4208383,-123.319,58.894,-123.35,59.05,0.1590503065070894,273.0,254.0,0.08
4208440,-115.858,60.743,-115.95,60.74999999999999,0.0922659200354986,52300.0,51640.0,0.03
4208441,-117.634,59.149,-117.64999999999998,59.25,0.1022594738887262,36900.0,36509.0,0.03
4208460,-117.258,55.628,-117.25,55.75,0.1222620137246239,537.0,556.0,0.05
4208461,-118.333,58.597,-118.35,58.55,0.0499799959984017,10400.0,10955.0,0.07
4208465,-118.493,58.591,-118.45,58.65,0.0730068489937776,819.0,777.0,0.07
4208472,-112.698,60.05,-112.75,60.14999999999999,0.1127120224288344,3330.0,3298.0,0.02
4208480,-122.356,56.459,-122.35,56.55,0.0911975876873884,2200.0,2179.0,0.02
4208485,-123.933,56.467,-123.95,56.64999999999999,0.1837879212570747,2220.0,2362.0,0.08
4208487,-124.899,57.191,-125.04999999999998,57.14999999999999,0.1564672489692187,1700.0,1732.0,0.03
4208491,-125.25,57.128,-125.25,57.25,0.1219999999999998,16000.0,15494.0,0.05
4208500,-124.564,55.919,-124.54999999999998,56.05,0.1317459676802305,5490.0,5336.0,0.04
4208505,-124.643,56.244,-124.64999999999998,56.35,0.1062308806326979,2980.0,3009.0,0.02
4208507,-124.796,56.126,-124.85,56.25,0.1352479205015709,1960.0,2066.0,0.07
4208510,-125.111,56.727,-125.25,56.85,0.1856071119326904,4200.0,4313.0,0.04
4208520,-123.036,54.996,-123.04999999999998,55.14999999999999,0.1546350542406092,3690.0,3711.0,0.02
4208527,-122.6,54.529,-122.64999999999998,54.45,0.0934933152690582,311.0,288.0,0.09
4208536,-121.347,56.093,-121.45,56.15,0.1177200067957791,1520.0,1526.0,0.02
4208540,-121.204,55.556,-121.14999999999998,55.65,0.1084066418629503,5620.0,5594.0,0.02
4208541,-121.017,55.065,-121.04999999999998,55.15,0.091181138400435,2410.0,2423.0,0.02
4208565,-120.7,56.28,-120.75,56.35,0.0860232526704108,15600.0,15216.0,0.04
4208570,-121.208,55.72,-121.25,55.85,0.1366162508634963,12100.0,12320.0,0.03
4208580,-120.562,55.957,-120.75,55.95,0.1881302740124396,3570.0,3574.0,0.02
4208588,-118.698,55.644,-118.75,55.75,0.1180677771451617,538.0,557.0,0.05
4208590,-122.905,55.078,-122.85,55.15,0.0906035319399863,4900.0,5200.0,0.08
4208610,-117.659,56.511,-117.85,56.64999999999999,0.2362244695199724,2010.0,1970.0,0.03
4208628,-119.145,55.285,-119.14999999999998,55.35,0.0651920240520227,130.0,140.0,0.09
4208635,-118.594,54.372,-118.75,54.35,0.1575436447464563,3300.0,3254.0,0.03
4208637,-118.963,54.516,-119.04999999999998,54.64999999999999,0.1597654530866929,844.0,860.0,0.03
4208638,-119.389,54.843,-119.35,54.95,0.1138859078200567,498.0,498.0,0.01
4208641,-119.161,53.946,-119.14999999999998,54.05,0.1045801128322223,3840.0,3592.0,0.08
4208645,-117.161,55.457,-117.25,55.55,0.1287245120402348,11100.0,11126.0,0.02
4208647,-117.179,54.74,-117.14999999999998,54.74999999999999,0.0306757233003764,3010.0,3031.0,0.02
4208649,-118.175,55.142,-118.14999999999998,55.25,0.1108557621416241,5050.0,5002.0,0.02
4208650,-117.128,56.056,-117.04999999999998,56.15,0.1221474518768316,1960.0,1930.0,0.03
4208657,-119.436,55.189,-119.35,55.24999999999999,0.105437185091415,1610.0,1618.0,0.02
4208658,-119.64,55.316,-119.75,55.35,0.1151347037169775,662.0,634.0,0.06
4208715,-116.963,54.013,-117.14999999999998,54.14999999999999,0.2318145810771875,4740.0,5036.0,0.08
4208730,-111.4,56.781,-111.45,56.95,0.1762413118425905,133000.0,132348.0,0.02
4208733,-116.062,54.207,-116.25,54.35,0.2362054190741476,19600.0,19467.0,0.02
4208734,-117.571,53.423,-117.75,53.45,0.1810248601711801,9780.0,10062.0,0.04
4208740,-111.356,56.705,-111.34999999999998,56.74999999999999,0.0453982378512612,914.0,888.0,0.04
4208755,-114.904,54.364,-115.04999999999998,54.55,0.2364571842850118,1660.0,1716.0,0.05
4208757,-115.842,54.032,-115.75,54.05,0.0937443331620765,134.0,145.0,0.0999999999999999
4208770,-115.408,55.317,-115.34999999999998,55.45,0.14509651959989,1900.0,1841.0,0.05
4208771,-115.47,54.802,-115.65,54.85,0.1862900963551118,156.0,142.0,0.0999999999999999
4208773,-115.334,55.218,-115.45,55.35,0.1757270610918938,138.0,140.0,0.03
4208780,-116.492,55.447,-116.54999999999998,55.35,0.1130176977291571,1163.0,1131.0,0.04
4208797,-114.236,55.156,-114.25,55.14999999999999,0.0152315462117137,2600.0,2559.0,0.03
4208821,-115.389,57.875,-115.45,57.85,0.0659241988953935,35800.0,36254.0,0.03
4208827,-116.249,58.138,-116.25,58.05,0.088005681634768,136.0,131.0,0.05
4208830,-116.433,56.487,-116.45,56.64999999999999,0.1638841053915723,881.0,880.0,0.02
4208835,-113.068,58.322,-113.25,58.35,0.1841412501315094,9860.0,10326.0,0.06
4208850,-112.776,54.82,-112.75,54.95,0.13257450735341,1450.0,1358.0,0.08
4208854,-113.079,54.653,-113.25,54.64999999999999,0.1710263137648631,222.0,215.0,0.05
4208855,-112.503,54.936,-112.45,55.05,0.1257179382586295,4860.0,5022.0,0.05
4208858,-111.854,55.011,-111.84999999999998,55.14999999999999,0.1390575420464384,3080.0,3032.0,0.03
4208864,-111.1,55.674,-111.14999999999998,55.74999999999999,0.0909725233243383,1290.0,1325.0,0.04
4208865,-110.867,55.839,-110.84999999999998,55.95,0.1122942563090391,4860.0,4933.0,0.03
4208881,-110.928,56.661,-110.84999999999998,56.74999999999999,0.1183427226321972,17000.0,16866.0,0.02
4208915,-111.52,57.661,-111.65,57.64999999999999,0.1304645545732596,274.0,264.0,0.05
4208920,-118.057,52.91,-118.04999999999998,52.95,0.0406078810084963,3900.0,3833.0,0.03
4208940,-116.629,53.47,-116.75,53.64999999999999,0.2168893727225765,2560.0,2733.0,0.08
4208941,-116.162,53.697,-116.14999999999998,53.74999999999999,0.0543415126767708,7150.0,7436.0,0.05
4208947,-115.838,54.013,-115.85,54.14999999999999,0.1375245432640959,9100.0,9113.0,0.02
4208960,-115.004,53.605,-115.15,53.55,0.1560160248179527,4430.0,4659.0,0.07
4208962,-113.992,54.451,-114.04999999999998,54.45,0.0580086200490713,13100.0,13156.0,0.02
4209580,-107.101,66.81,-107.04999999999998,66.85,0.064815121692403,1530.0,1522.0,0.02
4209600,-104.14,67.708,-104.14999999999998,67.75,0.0431740662898419,16900.0,16955.0,0.02
4209810,-104.491,65.011,-104.54999999999998,65.14999999999999,0.1510033112219624,14500.0,14362.0,0.02
4213010,-113.48,49.352,-113.54999999999998,49.35,0.0700285656000254,657.0,648.0,0.03
4213011,-113.696,49.099,-113.65,49.05,0.0672086303981902,319.0,324.0,0.03
4213021,-111.591,50.855,-111.54999999999998,50.95,0.103469802357986,3720.0,3394.0,0.0999999999999999
4213025,-94.206,56.519,-94.34999999999998,56.64999999999999,0.1946715182043628,3290.0,3461.0,0.07
4213030,-116.469,52.002,-116.54999999999998,52.14999999999999,0.1687157372623992,1920.0,1903.0,0.02
4213031,-113.484,53.538,-113.54999999999998,53.64999999999999,0.1299999999999895,28000.0,28360.0,0.03
4213044,-113.442,50.824,-113.54999999999998,50.85,0.1110855526159798,15700.0,15553.0,0.02
4213045,-115.569,51.175,-115.75,51.35,0.2517657641538914,2210.0,2233.0,0.03
4213047,-111.591,50.046,-111.54999999999998,50.15,0.1117899816620467,25300.0,24336.0,0.05
4213050,-114.931,52.272,-114.95,52.35,0.0802807573456991,859.0,832.0,0.05
4213055,-113.117,50.127,-113.14999999999998,50.24999999999999,0.1273499116607304,2780.0,2601.0,0.08
4213070,-114.569,50.948,-114.75,50.95,0.1810110493864777,790.0,780.0,0.03
4213090,-114.213,50.196,-114.25,50.25,0.0654599113962096,163.0,158.0,0.05
4213091,-113.537,49.794,-113.54999999999998,49.95,0.1565407295242967,2290.0,2380.0,0.05
4213095,-114.144,49.488,-114.25,49.55,0.1228006514640518,823.0,804.0,0.04
4213100,-114.183,49.814,-114.15,49.95,0.1399464183178685,1450.0,1509.0,0.06
4213102,-112.875,49.708,-112.84999999999998,49.75,0.0488773976394112,17000.0,16915.0,0.02
4213103,-111.8,49.919,-111.85,50.05,0.1402176878999214,27500.0,27043.0,0.03
4213110,-113.313,49.003,-113.35,49.05,0.0598163857149454,1210.0,1219.0,0.02
4213130,-114.497,50.406,-114.54999999999998,50.45,0.0688839603971631,774.0,708.0,0.0999999999999999
4213134,-113.82,50.783,-113.85,50.85,0.0734098086089259,3990.0,3924.0,0.03
4213170,-113.762,53.655,-113.75,53.74999999999999,0.0957548954362062,1910.0,1826.0,0.06
4213193,-98.278,49.031,-98.45,49.15,0.2091530540058979,7510.0,7442.0,0.02
4213232,-110.397,53.491,-110.45,53.64999999999999,0.167600715988911,7270.0,6693.0,0.09
4213250,-110.678,50.043,-110.65,50.15,0.1106028932713795,56500.0,58154.0,0.04
4213265,-101.138,52.258,-101.14999999999998,52.35,0.0927793080379337,2110.0,2188.0,0.05
4213300,-109.611,53.517,-109.54999999999998,53.55,0.0693541635376147,57000.0,56176.0,0.03
4213325,-109.106,49.899,-109.04999999999998,49.95,0.0757429864740014,253.0,239.0,0.07
4213340,-108.479,49.844,-108.45,49.95,0.1098954048174875,1430.0,1437.0,0.02
4213341,-107.659,50.494,-107.65,50.65,0.1562593997172646,3730.0,3736.0,0.02
4213345,-113.516,53.414,-113.54999999999998,53.55,0.1401855912709908,643.0,663.0,0.05
4213370,-106.835,49.437,-106.95,49.55,0.1612265486822772,257.0,240.0,0.08
4213435,-97.514,51.356,-97.54999999999998,51.45,0.1006578362572828,1720.0,1859.0,0.0999999999999999
4213440,-105.768,53.203,-105.85,53.24999999999999,0.0945145491445524,131000.0,129887.0,0.02
4213460,-105.611,53.394,-105.54999999999998,53.55,0.167502238791015,903.0,952.0,0.07
4213465,-104.499,52.057,-104.54999999999998,52.25,0.199624647776766,588.0,604.0,0.04
4213530,-102.074,51.998,-102.04999999999998,52.05,0.0572712842531113,1920.0,1889.0,0.03
4213531,-101.06,52.196,-101.25,52.24999999999999,0.197524682002005,4230.0,4327.0,0.04
4213563,-113.816,52.277,-113.85,52.35,0.0805294977011434,11600.0,11276.0,0.04
4213571,-101.916,51.565,-101.84999999999998,51.64999999999999,0.1076150547089074,13000.0,13194.0,0.03
4213576,-101.436,50.81,-101.45,50.74999999999999,0.0616116872030024,19300.0,18764.0,0.04
4213594,-100.958,48.996,-100.95,49.15,0.1542076522096067,43700.0,42887.0,0.03
4213645,-110.575,51.969,-110.54999999999998,52.05,0.0847702778100929,1440.0,1449.0,0.02
4213681,-96.932,50.108,-96.95,50.14999999999999,0.045694638635173,278000.0,264106.0,0.06
4213690,-96.996,49.189,-96.95,49.25,0.07640026177966,5150.0,5277.0,0.04
4213780,-95.956,49.939,-95.95,49.95,0.0125299640861447,3700.0,3769.0,0.03
4213840,-93.448,57.026,-93.45,57.14999999999999,0.124016127983408,2280.0,2292.0,0.02
4213875,-115.01,52.93,-115.04999999999998,53.05,0.1264911064067257,551.0,597.0,0.0999999999999999
4213880,-92.725,48.85,-92.64999999999998,48.85,0.075000000000017,4870.0,4850.0,0.02
4213890,-92.178,48.383,-92.14999999999998,48.45,0.0726154253585296,13400.0,13592.0,0.03
4213900,-113.011,51.293,-113.04999999999998,51.35,0.0690651865993167,3580.0,3781.0,0.07
4213910,-91.458,49.875,-91.45,49.85,0.0262488094968217,6230.0,6738.0,0.0999999999999999
4213935,-104.161,53.587,-104.25,53.75,0.185714835164012,4650.0,4809.0,0.05
4213940,-113.685,49.976,-113.84999999999998,50.05,0.1808341781854094,440.0,476.0,0.0999999999999999
4213945,-93.1,50.908,-93.04999999999998,51.05,0.1505456741324704,2370.0,2400.0,0.03
4213956,-93.397,49.956,-93.34999999999998,49.95,0.0473814309619547,6370.0,6714.0,0.07
4213975,-102.37,51.636,-102.34999999999998,51.74999999999999,0.1157410903698367,8740.0,8696.0,0.02
4214090,-95.852,63.653,-95.95,63.74999999999999,0.1378876354137523,72300.0,68861.0,0.06
4214100,-93.91,64.314,-93.95,64.35,0.0538144961882898,30100.0,29904.0,0.02
4214105,-96.275,58.892,-96.25,59.05,0.1599656213065768,48100.0,47653.0,0.02
4214200,-111.001,54.708,-110.95,54.85,0.1508807476121473,725.0,783.0,0.09
4214210,-110.217,54.354,-110.25,54.45,0.1015135458941242,14500.0,14376.0,0.02
4214285,-103.159,56.193,-103.24999999999996,56.35,0.1814662503056494,63300.0,64145.0,0.03
4214287,-103.711,57.089,-103.75,57.15,0.0724016574395849,10200.0,10400.0,0.03
4214290,-106.561,56.244,-106.54999999999998,56.35,0.1065692263273003,3680.0,3736.0,0.03
4214295,-109.386,55.71,-109.54999999999998,55.85,0.2156293115510829,2330.0,2296.0,0.03
4214297,-108.04,55.408,-107.95,55.55,0.168119005469346,4730.0,4661.0,0.03
4214300,-107.811,54.819,-107.85,54.85,0.0498196748283094,45000.0,44225.0,0.03
4214301,-108.604,54.296,-108.54999999999998,54.35,0.076367532368155,20500.0,20241.0,0.03
4214305,-111.186,54.467,-111.15,54.55,0.0904709898254731,4910.0,4892.0,0.02
4214351,-92.099,55.85,-92.14999999999998,55.95,0.1122541758688564,65500.0,65403.0,0.02
4214420,-90.189,52.581,-90.14999999999998,52.65,0.0792590688817412,5960.0,5534.0,0.09
4214440,-88.325,55.375,-88.35,55.45,0.0790569415042027,94300.0,91047.0,0.05
4214507,-88.931,50.867,-88.84999999999998,51.05,0.2001249609619018,11200.0,10548.0,0.07
4214530,-83.263,49.617,-83.44999999999999,49.55,0.1986403785739289,8940.0,9367.0,0.06
4214531,-82.117,50.583,-82.24999999999999,50.55,0.1370328427786387,22900.0,24003.0,0.06
4214551,-81.458,50.743,-81.44999999999999,50.85,0.1072986486401319,60100.0,63119.0,0.07
4214560,-80.767,51.083,-80.85,51.05,0.0893196506934494,6680.0,6793.0,0.03
4214610,-78.109,48.601,-78.14999999999998,48.64999999999999,0.0638905313798361,3680.0,3619.0,0.03
4214621,-77.614,49.753,-77.54999999999998,49.85,0.1162110149684685,22200.0,22171.0,0.02
4214655,-77.187,49.858,-77.24999999999997,49.95,0.1115033631779619,31900.0,32683.0,0.04
4214670,-76.388,50.746,-76.34999999999998,50.85,0.1107248842853324,9820.0,9881.0,0.02
4214680,-76.866,51.449,-77.04999999999998,51.45,0.1840027173712221,40900.0,40229.0,0.03
4214830,-73.984,54.849,-74.04999999999998,54.95,0.1206523932626214,21000.0,20180.0,0.05
4215185,-118.974,49.17,-119.04999999999998,49.35,0.1953867958691021,1870.0,1923.0,0.04
4215230,-117.294,49.047,-117.25,49.15,0.112004464196751,1230.0,1129.0,0.0999999999999999
4215260,-117.564,49.461,-117.64999999999998,49.65,0.2076463339430709,3320.0,3343.0,0.02
4215270,-116.952,49.907,-116.95,50.05,0.1430139853301076,453.0,477.0,0.07
4215300,-116.568,48.997,-116.75,49.15,0.2377666923687908,251.0,243.0,0.05
4215660,-117.179,51.483,-117.14999999999998,51.55,0.0730068489937859,9710.0,9887.0,0.03
4215670,-116.944,51.298,-116.85,51.45,0.17871765441612,1850.0,1853.0,0.02
4215680,-115.862,50.324,-115.84999999999998,50.35,0.0286356421265554,891.0,868.0,0.04
4215700,-115.736,49.911,-115.75,50.05,0.1397032569412693,7120.0,7635.0,0.09
4215706,-115.634,49.612,-115.64999999999998,49.74999999999999,0.1389244398944864,11400.0,11311.0,0.02
4215900,-114.476,49.001,-114.54999999999998,49.15,0.1663640586184344,1110.0,1129.0,0.03
4220410,-109.23,49.005,-109.15,48.95,0.0970824391947521,174.0,162.0,0.08
4220420,-109.717,49.005,-109.75,49.15,0.1487077671138868,2140.0,2173.0,0.03
4220432,-110.052,49.425,-110.25,49.55,0.234155930951987,305.0,320.0,0.06
4231200,-68.596,47.258,-68.54999999999998,47.35,0.1028591269649921,14700.0,15365.0,0.06
4231250,-68.956,47.206,-69.04999999999998,47.35,0.1719651127409094,1350.0,1418.0,0.07
4231601,-67.59,46.47,-67.54999999999998,46.55,0.0894427190999992,34200.0,34292.0,0.02
4231620,-67.683,46.792,-67.64999999999998,46.85,0.0667308024828198,4330.0,4119.0,0.06
4231621,-67.211,47.173,-67.14999999999998,47.35,0.1872164522684904,2230.0,2263.0,0.03
4231630,-66.831,45.962,-66.85,46.05,0.0900277734923983,39900.0,40198.0,0.02
4231650,-66.611,46.126,-66.64999999999998,46.24999999999999,0.1299884610263415,1450.0,1366.0,0.07
4231680,-66.683,45.674,-66.74999999999997,45.74999999999999,0.1013163362937797,557.0,518.0,0.09
4231800,-65.366,46.072,-65.34999999999998,46.14999999999999,0.0796241169495704,668.0,684.0,0.04
4232010,-89.616,48.012,-89.74999999999999,48.15,0.1923538406167024,1550.0,1650.0,0.08
4232600,-88.377,48.904,-88.44999999999999,48.95,0.086284413424432,2980.0,2911.0,0.04
4232750,-85.742,48.655,-85.64999999999998,48.85,0.2156130793806404,4170.0,4481.0,0.09
4234100,-82.509,46.213,-82.44999999999999,46.35,0.1491643389017615,1350.0,1362.0,0.02
4234300,-79.542,44.857,-79.54999999999998,44.95,0.0933434518324613,5820.0,5724.0,0.03
4234701,-81.115,44.12,-81.04999999999998,44.24999999999999,0.1453444185374876,2150.0,2217.0,0.05
4234900,-81.66,43.072,-81.74999999999997,43.14999999999999,0.1190965994476489,865.0,900.0,0.06
4235100,-80.267,43.132,-80.35,43.24999999999999,0.1442671133696053,5210.0,5549.0,0.08
4235101,-80.317,43.353,-80.35,43.45,0.1024597481941028,3520.0,3751.0,0.08
4235190,-81.853,42.83,-81.84999999999998,42.95,0.1200374941424531,730.0,723.0,0.02
4235191,-82.009,42.65,-82.04999999999998,42.74999999999999,0.1080786750473812,1160.0,1086.0,0.08
4235301,-81.332,42.963,-81.24999999999999,43.05,0.1195533353779836,3110.0,3152.0,0.03
4235500,-80.455,43.191,-80.54999999999998,43.35,0.1852187895435948,1030.0,987.0,0.06
4236600,-77.778,44.371,-77.85,44.45,0.1068877916321472,9090.0,9147.0,0.02
4236700,-77.419,44.254,-77.44999999999999,44.35,0.1008811181539876,2620.0,2551.0,0.04
4243070,-76.564,45.497,-76.74999999999999,45.55,0.1934037228183497,2380.0,2508.0,0.07
4243080,-75.754,47.084,-75.74999999999999,47.24999999999999,0.1660481857774927,6840.0,7397.0,0.0999999999999999
4243141,-75.091,45.792,-75.04999999999998,45.85,0.0710281634283194,1330.0,1371.0,0.05
4243215,-74.69,45.736,-74.64999999999998,45.85,0.1208139064843158,5460.0,5454.0,0.02
4243240,-73.259,45.398,-73.24999999999999,45.45,0.0527730992078301,22000.0,22428.0,0.03
4243250,-72.859,45.954,-72.84999999999998,46.05,0.096420952079927,342.0,343.0,0.02
4243300,-72.679,46.616,-72.74999999999997,46.64999999999999,0.0787210264160415,42000.0,42315.0,0.02
4243360,-71.216,46.588,-71.14999999999998,46.64999999999999,0.0905538513813798,5820.0,5925.0,0.03
4244450,-60.977,54.624,-61.04999999999998,54.75,0.1456193668438281,8930.0,8992.0,0.02
4244460,-61.429,54.132,-61.44999999999998,54.25,0.119854077944806,4480.0,4399.0,0.03
4244610,-61.322,52.228,-61.34999999999999,52.35,0.1251718818265403,4540.0,4502.0,0.02
4244730,-57.362,49.241,-57.34999999999998,49.15,0.091787798753433,2110.0,2199.0,0.06
4244810,-64.699,48.98,-64.74999999999997,49.15,0.1774852106514733,645.0,647.0,0.02
4244840,-66.887,47.832,-66.84999999999998,47.95,0.1236648697084193,2270.0,2330.0,0.04
4244860,-65.694,47.656,-65.74999999999997,47.65,0.056320511361284,363.0,333.0,0.0999999999999999
4244995,-65.37,43.838,-65.34999999999998,43.95,0.1137717012266222,495.0,532.0,0.09
4351710,-99.833,25.179,-99.95,25.14999999999999,0.1205404496424255,1691.0,1679.0,0.02
4355410,-107.529,25.333,-107.54999999999998,25.45,0.1188696765369487,1018.0,1003.0,0.03
4355700,-106.571,23.956,-106.64999999999998,23.95,0.0792275204710886,6166.0,6202.0,0.02
4357110,-107.083,29.733,-107.04999999999998,29.749999999999996,0.0371214223865514,4154.0,4095.0,0.03
4358510,-98.266,21.167,-98.25,21.14999999999999,0.0233452350598782,1269.0,1270.0,0.02
4358520,-98.133,21.034,-98.14999999999998,21.14999999999999,0.1172390719853993,1493.0,1501.0,0.02
4358600,-97.458,20.547,-97.54999999999998,20.549999999999997,0.0920489000477306,1600.0,1622.0,0.03
4362110,-93.55,16.7,-93.64999999999998,16.749999999999993,0.1118033988749688,2551.0,2488.0,0.04
4362600,-91.483,17.433,-91.45,17.349999999999994,0.0893196506934612,47697.0,48071.0,0.02
5101020,143.048,-12.661,143.05,-12.550000000000011,0.1110180165558609,1313.0,1326.0,0.02
5101040,143.397,-14.174,143.35000000000005,-14.050000000000011,0.1326084461864757,470.0,479.0,0.03
5101050,143.845,-15.227,143.85000000000002,-15.150000000000013,0.0771621668954308,984.0,953.0,0.05
5101070,144.838,-15.282,144.85000000000002,-15.150000000000006,0.1325443322062441,2302.0,2500.0,0.0999999999999999
5101080,145.281,-16.181,145.25000000000003,-16.05000000000001,0.1346179779969818,911.0,831.0,0.0999999999999999
5101100,145.61,-16.801,145.55000000000004,-16.650000000000006,0.1624838453508368,1945.0,1891.0,0.04
5101101,145.639,-16.819,145.65000000000003,-16.650000000000006,0.1693576098083528,1970.0,2010.0,0.04
5101161,146.142,-18.636,146.05000000000004,-18.450000000000003,0.2075090359478126,8581.0,8700.0,0.03
5101163,145.936,-18.489,145.95000000000005,-18.35000000000001,0.1397032569412715,7486.7,7528.0,0.02
5101170,146.633,-19.238,146.55000000000004,-19.150000000000013,0.1209669376317045,256.0,233.0,0.0999999999999999
5101200,147.24,-19.765,147.25000000000006,-19.750000000000007,0.0180277563773409,129900.0,130777.0,0.02
5101205,148.325,-20.918,148.35000000000002,-20.85000000000001,0.0724499827467229,1103.0,1154.0,0.06
5101290,150.665,-22.835,150.65000000000003,-22.65000000000001,0.1856071119326976,212.0,228.0,0.09
5101301,150.107,-23.089,150.05000000000004,-22.950000000000003,0.1502331521335894,135757.0,136109.0,0.02
5101303,149.584,-24.339,149.55000000000004,-24.250000000000007,0.0952732911155902,2473.0,2483.0,0.02
5101305,149.33,-25.745,149.25000000000003,-25.650000000000013,0.1241974234837229,6039.0,6020.0,0.02
5101307,148.881,-23.498,148.85000000000005,-23.45000000000001,0.0571401785086115,776.0,792.0,0.04
5101308,148.694,-24.842,148.65000000000003,-24.85000000000001,0.0447213595499525,3027.0,3135.0,0.05
5101320,151.098,-23.985,151.05000000000004,-23.85000000000001,0.1432794472350971,1288.0,1242.0,0.05
5101380,152.702,-26.324,152.75000000000006,-26.35000000000001,0.0545893762558795,2105.0,2101.0,0.02
5101381,152.496,-25.953,152.55,-25.85000000000001,0.1162970334961229,4755.0,4987.0,0.06
5101390,152.527,-25.768,152.45000000000002,-25.750000000000007,0.0790759128938459,6845.0,6992.0,0.04
5101400,152.84,-26.84,152.75000000000003,-26.750000000000007,0.1272792206135557,101.6,110.0,0.0999999999999999
5101440,153.158,-27.998,153.15000000000003,-27.95000000000001,0.0486621002423693,102.2,109.0,0.08
5101470,151.98,-25.134,151.95000000000002,-25.050000000000004,0.0891964124838981,32455.0,32541.0,0.02
5101500,152.668,-27.44,152.65000000000003,-27.35000000000001,0.0917823512446575,10170.0,10123.0,0.02
5104223,149.472,-26.847,149.45000000000002,-26.65000000000001,0.1982246200652126,1475.0,1438.0,0.04
5104230,146.586,-25.795,146.65000000000003,-25.65000000000001,0.1584960567332878,8070.0,8496.0,0.07
5104245,144.786,-28.689,144.75000000000003,-28.55000000000001,0.1435862110371149,21446.0,22065.0,0.04
5109110,139.253,-18.642,139.15000000000003,-18.65000000000001,0.1033102124670652,12690.0,13073.0,0.05
5109151,140.857,-18.165,140.85000000000005,-18.150000000000013,0.0165529453572125,106300.0,97424.0,0.0999999999999999
5109170,142.875,-18.204,142.95000000000005,-18.150000000000013,0.0924175308045259,10987.0,11585.0,0.07
5109200,142.377,-15.951,142.35000000000005,-15.850000000000009,0.1045466403094625,45872.0,47599.0,0.05
5109210,139.883,-18.257,139.85000000000005,-18.35000000000001,0.098681305220384,23660.0,23284.0,0.03
5109240,142.92,-13.418,142.95000000000005,-13.350000000000009,0.0743236167042631,2928.0,3126.0,0.08
5110030,144.081,-23.216,144.05000000000004,-23.05000000000001,0.168869772309888,2700.0,2737.0,0.03
5135100,101.198,-0.016,101.25,0.04999999999999,0.0840238061503963,3431.0,3709.0,0.0999999999999999
5202030,153.055,-28.865,152.95000000000005,-28.75000000000001,0.1557241150239366,1790.0,1847.0,0.05
5202040,152.725,-29.973,152.65000000000003,-29.85000000000001,0.1440624864424867,1660.0,1604.0,0.05
5202043,152.566,-28.886,152.55000000000004,-28.75000000000001,0.1369379421489703,4550.0,4233.0,0.08
5202044,152.683,-29.508,152.65000000000003,-29.35000000000001,0.1614094173212774,16690.0,17013.0,0.03
5202046,152.218,-28.933,152.15000000000003,-28.85000000000001,0.1072986486401038,236.0,216.0,0.0999999999999999
5202049,152.81,-29.723,152.85000000000002,-29.650000000000013,0.0832406150866247,1790.0,1713.0,0.06
5202055,152.856,-30.64,152.85000000000005,-30.550000000000004,0.09019977827023,431.0,425.0,0.03
5202067,152.781,-30.426,152.65000000000003,-30.35000000000001,0.1514496616040823,433.0,426.0,0.03
5202070,152.713,-31.008,152.55,-30.85000000000001,0.2270088104016919,9980.0,9990.0,0.02
5202075,152.471,-31.422,152.45000000000002,-31.35000000000001,0.0749999999999886,1610.0,1583.0,0.03
5202080,152.312,-31.918,152.25000000000003,-31.75000000000001,0.1790754031127472,6560.0,6523.0,0.02
5202095,151.957,-32.478,151.95000000000002,-32.35000000000001,0.1281912633528427,974.0,941.0,0.05
5202100,151.215,-31.916,151.25000000000006,-31.75000000000001,0.1696496389621833,764.0,735.0,0.05
5202102,151.404,-32.663,151.25000000000006,-32.55000000000001,0.191010470917115,17320.0,17044.0,0.03
5202103,151.17,-32.562,151.05,-32.45,0.1641462762294445,16400.0,16627.0,0.03
5202107,151.687,-32.319,151.65000000000003,-32.150000000000006,0.1730028901492611,196.3,209.0,0.08
5202120,150.281,-33.121,150.25000000000003,-33.050000000000004,0.0774725757929753,1010.0,1036.0,0.04
5202135,150.683,-33.748,150.65000000000003,-33.750000000000014,0.0330605505095927,11000.0,11554.0,0.07
5202145,150.245,-33.947,150.25000000000006,-33.85000000000001,0.0971287804927015,713.0,718.0,0.02
5202160,150.239,-35.468,150.25000000000006,-35.35000000000001,0.1185116028074887,859.0,908.0,0.07
5202200,149.659,-37.072,149.65000000000003,-36.95,0.1223315167894161,764.0,790.0,0.05
5204018,148.052,-36.319,148.05000000000004,-36.25000000000001,0.0690289794216834,1257.3,1290.0,0.04
5204104,148.574,-35.001,148.55000000000004,-34.95000000000001,0.0563648826841449,13100.0,13079.0,0.02
5204107,149.1,-35.54,149.15000000000003,-35.55000000000001,0.0509901951359692,5158.2,5202.0,0.02
5204120,149.597,-34.114,149.65000000000003,-34.050000000000004,0.0830963296421798,1629.7,1534.0,0.07
5204140,149.349,-35.616,149.35000000000002,-35.45,0.1660030120208636,563.7,602.0,0.08
5204181,149.847,-29.426,149.85000000000002,-29.35000000000001,0.0760591874792161,12960.0,13284.0,0.04
5204190,151.144,-31.341,150.95000000000005,-31.250000000000007,0.2142825237857333,407.0,422.0,0.05
5204195,151.126,-31.06,151.15000000000003,-31.15000000000001,0.0931450481775744,907.0,950.0,0.06
5204210,148.949,-32.679,148.95000000000005,-32.750000000000014,0.0710070419043195,1620.0,1659.0,0.04
5204250,145.114,-30.532,145.05000000000004,-30.45000000000001,0.1040192289915371,489300.0,468255.0,0.06
5204255,145.939,-30.086,145.85000000000005,-30.050000000000004,0.0960052081919998,386000.0,392800.0,0.03
5204301,147.991,-33.411,148.05,-33.35000000000001,0.0848645980371016,19000.0,18976.0,0.02
5204302,148.936,-33.983,148.95000000000005,-33.85000000000001,0.1337348122217921,8290.0,8076.0,0.04
5204401,149.081,-32.633,149.05000000000004,-32.45,0.1856071119326971,13980.0,13896.0,0.02
5204402,149.43,-33.137,149.45000000000005,-33.050000000000004,0.0892692556258921,4580.0,4744.0,0.05
5204452,148.689,-29.353,148.65000000000003,-29.35000000000001,0.0391152144311743,64800.0,65317.0,0.02
5224500,102.43,3.45,102.45000000000005,3.549999999999997,0.1019803902718603,19000.0,19113.0,0.02
5226300,101.36,3.8,101.35000000000002,3.9499999999999886,0.1503329637837163,1090.0,1110.0,0.03
5302100,149.52,-37.416,149.55,-37.35000000000001,0.0724982758415572,837.0,787.0,0.07
5302110,147.87,-37.673,147.95000000000005,-37.55000000000001,0.1467276388415086,2681.0,2657.0,0.02
5302229,148.362,-37.661,148.35000000000005,-37.55000000000001,0.1116467643955543,13421.0,13869.0,0.05
5302242,147.375,-37.764,147.35000000000005,-37.650000000000006,0.1167090399240641,3903.0,4130.0,0.07
5302245,147.167,-37.49,147.15000000000003,-37.35000000000001,0.14102836594103,1979.0,1969.0,0.02
5302265,146.006,-37.867,145.85000000000002,-37.85000000000001,0.1569235482647285,106.0,97.0,0.0999999999999999
5302270,145.992,-38.582,145.95000000000002,-38.45,0.1385207565673722,1067.0,1163.0,0.0999999999999999
5302320,144.278,-38.09,144.25000000000003,-37.95,0.1427725463805913,1114.0,1075.0,0.05
5302365,142.626,-38.334,142.65000000000003,-38.25000000000001,0.0873613186713705,8355.0,8999.0,0.09
5302400,141.281,-37.925,141.25000000000003,-37.85000000000001,0.0811541742610748,11914.0,11974.0,0.02
5304019,147.606,-36.946,147.65000000000003,-36.85000000000001,0.1056030302595595,1518.7,1481.0,0.04
5304035,146.631,-36.806,146.55000000000004,-36.85000000000001,0.0921791733527404,182.0,197.0,0.0999999999999999
5304040,146.207,-37.23,146.25000000000006,-37.250000000000014,0.0474236228055821,373.9,393.0,0.07
5304069,143.79,-37.3,143.75000000000003,-37.150000000000006,0.1552417469625826,308.0,295.0,0.06
5304070,144.058,-37.109,144.05000000000004,-37.05,0.0595399025864079,1088.0,1183.0,0.0999999999999999
5304095,145.564,-37.414,145.55000000000004,-37.45,0.0386264158316402,105.8,98.0,0.09
5304150,142.978,-36.641,143.05,-36.55,0.1160387866189546,596.0,594.0,0.02
5402390,140.776,-37.094,140.65000000000003,-37.05,0.1334616049655996,1550.0,1476.0,0.06
5404265,139.084,-33.843,138.95000000000005,-33.650000000000006,0.2349574429550761,541.4,515.0,0.06
5405050,138.773,-34.562,138.85000000000002,-34.45,0.1359154148726439,701.1,713.0,0.03
5405130,136.698,-35.957,136.75000000000006,-35.85000000000001,0.1189663818059684,187.3,200.0,0.08
5410100,140.843,-27.7,140.75000000000003,-27.650000000000013,0.1055888251662616,230000.0,224214.0,0.04
5606042,116.788,-34.906,116.85000000000002,-34.750000000000014,0.1678689965419416,4509.0,4805.0,0.08
5606130,116.084,-32.772,116.15000000000003,-32.75000000000001,0.0695701085237309,6757.6,6861.0,0.03
5606140,116.428,-32.993,116.45000000000005,-32.95000000000001,0.0483011387029482,1408.3,1451.0,0.05
5607080,118.973,-22.722,118.95000000000002,-22.650000000000013,0.0755843899227711,1369.5,1255.0,0.0999999999999999
5608091,127.6,-17.426,127.55000000000004,-17.35000000000001,0.0909725233243197,552.2,589.0,0.08
5608095,128.855,-17.373,128.85000000000005,-17.250000000000014,0.1231015840677778,19513.1,19189.0,0.03
5608096,128.69,-15.56,128.55,-15.450000000000005,0.1780449381476363,51028.0,51028.0,0.01
5608400,127.179,-16.317,127.15000000000003,-16.250000000000007,0.0730068489937568,4088.0,3906.0,0.06
5708126,129.735,-15.932,129.75000000000006,-15.750000000000014,0.182617085728571,10204.0,10436.0,0.04
5708130,132.412,-15.086,132.25000000000006,-15.150000000000006,0.1741838109583788,6290.0,6550.0,0.06
5708145,130.734,-13.832,130.75000000000006,-13.750000000000009,0.0835463942968246,47100.0,47996.0,0.03
5708160,131.234,-12.91,131.25000000000006,-12.850000000000009,0.0620966987850443,4325.0,4574.0,0.07
5708185,131.647,-12.907,131.65000000000003,-12.850000000000009,0.0570788927713151,5700.0,5773.0,0.03
5708200,133.044,-12.783,133.05,-12.850000000000009,0.0672681202353776,260.0,241.0,0.09
5708220,133.335,-12.715,133.35000000000002,-12.750000000000014,0.0380788655293385,2384.0,2289.0,0.05
5709100,134.418,-14.698,134.35000000000005,-14.550000000000011,0.16287418457199,47400.0,43193.0,0.0999999999999999
5709110,136.085,-16.453,136.05000000000004,-16.35000000000001,0.1087841900277604,10400.0,10413.0,0.02
5709111,135.758,-16.778,135.65000000000003,-16.750000000000007,0.1115706054478251,3885.0,4021.0,0.05
5709112,136.318,-16.08,136.35000000000002,-15.950000000000005,0.1338805437694346,15700.0,15271.0,0.04
6118165,0.581,48.748,0.5500000000000256,48.85,0.1066067540074162,149.0,162.0,0.0999999999999999
6119020,-0.597,43.188,-0.549999999999983,43.14999999999999,0.0604400529450664,488.0,452.0,0.09
6122145,4.018,49.894,4.050000000000011,50.05,0.1592482338991562,258.0,238.0,0.09
6139825,6.103,45.72,6.150000000000034,45.74999999999999,0.0557584074378283,249.0,259.0,0.06
6142110,16.86,48.8,16.850000000000023,48.95,0.1503329637837261,12283.0,12285.0,0.02
6142520,18.174,48.524,18.15000000000002,48.65,0.1282653499585856,2094.0,2036.0,0.04
6142620,17.883,48.162,17.850000000000023,48.25,0.0939840411984854,11218.0,11248.0,0.02
6142640,18.913,49.069,18.850000000000023,49.14999999999999,0.1026157882588998,827.0,812.0,0.03
6142660,18.648,48.407,18.650000000000038,48.45,0.0430464865000626,3821.0,3834.0,0.02
6196080,32.575,34.708,32.550000000000026,34.74999999999999,0.0488773976393833,110.0,101.0,0.0999999999999999
6220204,3.388,50.729,3.3500000000000227,50.75,0.0434165866921652,5227.0,5127.0,0.03
6220502,4.606,50.711,4.550000000000026,50.75,0.068242215673271,310.1,313.0,0.02
6221110,5.168,50.568,5.050000000000011,50.74999999999999,0.2169055093813791,305.1,313.0,0.04
6233100,12.31,57.24,12.250000000000028,57.35,0.1252996408613965,2160.2,2188.0,0.03
6233150,13.124,56.716,13.150000000000034,56.85,0.1364990842460122,259.7,270.0,0.05
6233160,13.816,55.645,13.850000000000025,55.75,0.11036756769994,262.3,278.0,0.07
6243030,11.397,47.276,11.350000000000025,47.35,0.0876641317757527,5792.0,5566.0,0.05
6335070,7.392,50.443,7.350000000000023,50.55,0.1149478142462829,139549.0,139041.0,0.02
6335302,9.604,50.01,9.650000000000034,50.15,0.1473634961583206,17914.0,17905.0,0.02
6335303,10.755,49.93,10.650000000000034,50.05,0.1594521871909958,12010.0,12040.0,0.02
6335521,9.774,49.492,9.650000000000034,49.45,0.1309198227923925,1013.0,1050.0,0.05
6335620,9.129,49.346,8.950000000000017,49.24999999999999,0.2031181921935956,155.0,161.0,0.05
6335675,9.261,48.959,9.350000000000025,48.95,0.0894538987412193,506.0,488.0,0.05
6335710,8.297,48.819,8.350000000000023,48.85,0.0614003257320499,468.8,489.0,0.06
6336050,7.168,50.143,7.250000000000028,50.24999999999999,0.1348072698336516,27088.0,26954.0,0.02
6336900,6.648,49.409,6.550000000000026,49.55,0.1717119681326681,6983.0,6946.0,0.02
6337050,8.474,52.828,8.450000000000017,52.85,0.0325576411921811,1313.0,1276.0,0.04
6337350,10.722,50.496,10.750000000000028,50.55,0.060827625302991,256.0,235.0,0.0999999999999999
6337400,9.641,51.426,9.650000000000034,51.55,0.1243261838873832,12442.0,12617.0,0.03
6337517,9.113,52.594,8.950000000000017,52.55,0.168834238233821,19910.0,20169.0,0.03
6337518,8.922,52.249,8.850000000000023,52.35,0.1240362850136813,19162.0,19565.0,0.04
6337519,9.52,51.625,9.550000000000011,51.64999999999999,0.0390512483795368,12996.0,12770.0,0.03
6337550,8.903,52.601,8.850000000000023,52.75,0.1581455026233686,1014.0,977.0,0.05
6338100,7.24,52.74,7.250000000000028,52.85,0.1104536101718675,8369.0,8230.0,0.03
6338110,7.248,52.596,7.250000000000028,52.65,0.0540370243444282,4981.0,4554.0,0.0999999999999999
6338120,7.603,52.094,7.650000000000034,52.15,0.073109506905757,2842.0,2741.0,0.05
6338130,7.434,52.288,7.450000000000017,52.45,0.1627882059609977,3740.0,3725.0,0.02
6338140,7.242,52.733,7.250000000000028,52.85,0.1172731853408946,8469.0,8230.0,0.04
6338150,7.898,51.973,7.950000000000017,52.05,0.0929139386744611,1499.0,1522.0,0.03
6338201,6.966,52.499,7.050000000000011,52.45,0.0972471079261616,708.0,681.0,0.05
6338210,6.774,52.081,6.850000000000023,52.15,0.1026498904042417,351.1,380.0,0.0999999999999999
6340050,10.464,53.15,10.550000000000011,53.25,0.1318938967503886,1434.0,1338.0,0.08
6340110,10.889,53.232,10.850000000000025,53.35,0.124277914369356,131950.0,131093.0,0.02
6340120,13.739,51.06,13.65000000000002,51.14999999999999,0.1265740889755666,53096.0,54106.0,0.03
6340130,12.647,51.862,12.450000000000015,51.95,0.2157614423385056,61879.0,61407.0,0.02
6340140,11.883,51.99,11.850000000000025,52.05,0.0684762732630643,94060.0,93941.0,0.02
6340150,11.76,52.991,11.750000000000028,53.05,0.0598414572015014,123532.0,122491.0,0.02
6340160,11.978,52.547,11.950000000000015,52.55,0.0281602556806402,97780.0,98019.0,0.02
6340170,12.059,51.863,12.050000000000026,51.95,0.087464278422673,70093.0,69948.0,0.02
6340180,11.644,52.135,11.650000000000034,52.15,0.0161554944214166,94942.0,94472.0,0.02
6340190,13.011,51.559,12.950000000000015,51.74999999999999,0.2005043640422723,55211.0,56110.0,0.03
6340200,11.685,51.227,11.65000000000002,51.35,0.127882758806643,6218.0,6262.0,0.02
6340210,10.087,53.656,10.050000000000026,53.74999999999999,0.1010198000393832,320.5,292.0,0.0999999999999999
6340220,10.892,51.257,10.850000000000025,51.35,0.1020441081101568,374.3,386.0,0.05
6340300,11.812,51.922,11.750000000000028,51.95,0.0680294054067528,23719.0,23383.0,0.03
6340301,11.955,51.595,11.850000000000025,51.64999999999999,0.1185326959112734,17979.0,18267.0,0.03
6340302,11.334,50.717,11.350000000000025,50.75,0.0366742416417957,2678.0,2672.0,0.02
6340315,10.784,51.507,10.750000000000028,51.65,0.1469863939281398,303.6,306.0,0.02
6340320,11.579,51.072,11.450000000000015,51.14999999999999,0.1507481343167935,894.3,935.0,0.06
6340350,12.433,51.376,12.450000000000015,51.45,0.0759275970909148,315.0,308.0,0.04
6340420,13.994,51.022,14.050000000000011,51.15,0.1397139935725886,227.0,232.0,0.04
6340610,13.997,52.368,13.850000000000025,52.45,0.1683240921555563,6171.0,5961.0,0.05
6340670,12.259,50.325,12.350000000000025,50.24999999999999,0.117923704148087,171.0,158.0,0.09
6340700,13.395,51.519,13.350000000000025,51.65,0.1385135372445523,3184.0,3005.0,0.07
6340800,14.37,51.577,14.350000000000025,51.74999999999999,0.1741522322567162,2092.0,2007.0,0.06
6340810,14.575,51.406,14.650000000000034,51.45,0.0869540108333419,639.0,618.0,0.05
6341500,13.316,53.793,13.150000000000034,53.95,0.2284841351166155,1403.0,1392.0,0.02
6342130,10.692,48.783,10.65000000000002,48.95,0.1722004645754375,1578.0,1620.0,0.04
6342200,10.317,47.73,10.350000000000025,47.75,0.0385875627631703,954.6,918.0,0.05
6342512,10.799,47.697,10.750000000000028,47.75,0.0721803297304527,1713.9,1672.0,0.04
6342520,11.197,48.889,11.250000000000028,48.95,0.0808084154033614,1400.0,1376.0,0.03
6342521,11.478,49.028,11.450000000000015,49.15,0.1251718818265468,2475.0,2347.0,0.07
6342525,11.441,49.107,11.350000000000025,49.24999999999999,0.1694992625352516,152.3,161.0,0.07
6342610,11.936,49.118,11.950000000000015,49.24999999999999,0.1327403480483536,5426.0,5449.0,0.02
6342620,12.129,49.128,12.150000000000034,49.24999999999999,0.1237941840313982,2658.0,2746.0,0.05
6342675,12.356,48.453,12.350000000000025,48.55,0.0971853898484674,318.0,328.0,0.05
6342920,12.747,48.88,12.750000000000028,48.95,0.0700642562224078,37687.0,37391.0,0.02
6343100,12.234,48.059,12.250000000000028,48.24999999999999,0.1916689854932173,11983.0,11905.0,0.02
6343500,12.834,48.159,12.850000000000025,48.15,0.0183575597507061,6649.0,6679.0,0.02
6343535,12.65,47.82,12.650000000000034,47.85,0.029999999999994,182.0,166.0,0.0999999999999999
6343900,13.444,48.562,13.450000000000015,48.55,0.0134164078650063,26084.0,25924.0,0.02
6348201,7.9,44.51,7.950000000000017,44.64999999999999,0.1486606874731845,1522.0,1502.0,0.03
6357020,14.159,52.693,14.250000000000028,52.74999999999999,0.1073778375643898,737.0,675.0,0.0999999999999999
6357500,14.688,52.153,14.65000000000002,52.35,0.2006315030098633,52033.0,52081.0,0.02
6357502,14.993,51.161,14.950000000000015,51.15,0.0443846820423287,1621.0,1480.0,0.0999999999999999
6357510,14.944,51.064,14.850000000000025,51.14999999999999,0.1274048664690419,162.0,155.0,0.06
6421500,5.72,50.87,5.750000000000028,50.95,0.0854400374531837,21301.0,21511.0,0.02
6435060,6.11,51.84,6.050000000000026,51.95,0.1252996408613978,160800.0,159222.0,0.02
6442300,18.317,46.45,18.150000000000038,46.45,0.166999999999966,2119.0,2132.0,0.02
6442450,18.33,47.73,18.350000000000023,47.85,0.1216552506059658,171720.0,170297.0,0.02
6442500,18.95,47.78,18.850000000000023,47.95,0.1972308292331436,183533.0,181799.0,0.02
6444100,20.167,46.25,20.15000000000002,46.35,0.1014347080638488,138408.0,138895.0,0.02
6444110,20.483,46.217,20.450000000000017,46.35,0.1370328427786482,30149.0,31349.0,0.05
6444350,20.733,48.4,20.65000000000002,48.55,0.1714322023424898,1496.0,1388.0,0.09
6444380,20.84,48.11,20.75000000000003,48.24999999999999,0.1664331697709114,6440.0,6387.0,0.02
6444600,22.683,47.833,22.75000000000003,47.95,0.1348258135521651,15283.0,15687.0,0.04
6502141,-7.828,53.27,-7.749999999999972,53.35,0.1117318217877211,1162.8,1253.0,0.09
6502160,-7.758,53.563,-7.84999999999998,53.65,0.1266214831693093,1098.8,1171.0,0.08
6502171,-8.35,53.966,-8.349999999999966,54.05,0.083999999999996,519.9,509.0,0.04
6503100,-9.055,53.27,-9.049999999999985,53.45,0.1800694310536841,3136.1,3154.0,0.02
6503151,-9.157,54.104,-9.149999999999975,54.25,0.146167711892882,1974.8,2033.0,0.04
6503280,-7.696,52.352,-7.749999999999972,52.35,0.0540370243443971,2143.7,2104.0,0.03
6503281,-7.923,52.459,-7.949999999999974,52.45,0.0284604989414934,1582.7,1575.0,0.02
6503282,7.997,52.459,7.950000000000017,52.64999999999999,0.1966977376585554,1090.3,1131.0,0.05
6503351,-6.981,52.7,-6.949999999999989,52.74999999999999,0.0588302643203283,2419.4,2375.0,0.03
6503353,-7.07,53.162,-7.049999999999983,53.24999999999999,0.0902441133814256,1063.6,1035.0,0.04
6503354,-7.193,53.162,-7.249999999999972,53.24999999999999,0.1048475083156282,405.5,370.0,0.0999999999999999
6503410,-6.414,53.856,-6.549999999999983,54.05,0.2369219280691293,309.1,289.0,0.08
6503501,-8.516,52.145,-8.549999999999983,52.25,0.1103675676999279,1256.7,1288.0,0.04
6542200,19.08,45.53,19.050000000000026,45.55,0.0360555127546149,251593.0,251472.0,0.02
6545501,14.852,45.464,14.750000000000028,45.64999999999999,0.2121320343559444,460.0,433.0,0.07
6545700,19.644,43.375,19.650000000000038,43.55,0.1751028269332035,3160.0,3073.0,0.04
6545800,19.618,44.981,19.550000000000026,45.05,0.0968762096698446,87966.0,84163.0,0.06
6547500,21.12,44.58,21.150000000000038,44.55,0.042426406871217,34345.0,36935.0,0.09
6603300,-6.547,54.977,-6.449999999999989,54.95,0.1006876357851459,5209.8,5225.0,0.02
6603500,-5.947,54.555,-6.049999999999983,54.65,0.1401213759566907,491.6,502.0,0.04
6604201,-4.068,55.797,-4.049999999999983,55.85,0.0559732078766288,1704.2,1673.0,0.03
6604280,-3.8,55.275,-3.84999999999998,55.45,0.1820027472320048,471.0,491.0,0.06
6604500,-3.268,55.022,-3.34999999999998,55.14999999999999,0.1520131573252624,925.0,986.0,0.08
6605300,-1.941,54.95,-2.049999999999983,55.05,0.1479222768888957,2175.6,2192.0,0.02
6605330,-1.632,55.334,-1.7499999999999716,55.35,0.1190798051728043,569.8,562.0,0.03
6605420,-0.886,54.019,-0.9499999999999744,54.05,0.0711125867902205,1586.0,1444.0,0.0999999999999999
6605440,-1.985,53.907,-2.049999999999983,54.05,0.1570795976567229,282.3,290.0,0.04
6605550,-1.359,53.92,-1.4499999999999744,54.05,0.1586852230045197,758.9,725.0,0.06
6605565,-1.351,54.154,-1.549999999999983,54.35,0.2793152340993767,1363.0,1368.0,0.02
6605570,-1.135,53.991,-1.049999999999983,54.05,0.1034698023579952,3315.0,3321.0,0.02
6605590,-1.601,54.518,-1.7499999999999716,54.64999999999999,0.1990602923739164,818.4,787.0,0.05
6605730,-1.59,54.734,-1.6499999999999773,54.74999999999999,0.0620966987850157,657.8,642.0,0.04
6607210,-3.392,50.843,-3.4499999999999744,50.95,0.1217086685491028,226.1,233.0,0.05
6607710,-1.785,51.172,-1.84999999999998,51.35,0.1894967018182544,323.7,308.0,0.06
6607760,-2.523,51.493,-2.549999999999983,51.45,0.0507740090991406,148.9,154.0,0.05
6607851,0.447,51.251,0.450000000000017,51.45,0.1990226117806701,1256.1,1315.0,0.06
6608200,-4.562,52.045,-4.549999999999983,52.14999999999999,0.105683489722843,893.6,910.0,0.03
6608300,-2.949,51.745,-2.9499999999999744,51.85,0.1050047617967837,911.7,913.0,0.02
6608501,-2.686,51.796,-2.6499999999999773,51.85,0.0648999229583601,4010.0,4095.0,0.04
6609100,-2.591,52.313,-2.6499999999999773,52.45,0.1491643389017478,1134.4,1129.0,0.02
6609110,-2.326,51.908,-2.249999999999972,51.85,0.0956033472217638,293.0,306.0,0.06
6609560,-1.513,52.341,-1.549999999999983,52.45,0.1151086443322028,347.0,376.0,0.0999999999999999
6730100,29.321,69.701,29.25000000000003,69.85,0.1650515071121631,2947.1,2965.0,0.02
6730501,28.016,70.07,27.850000000000023,70.15,0.1842715387681827,14161.4,14197.0,0.02
6731020,7.782,62.474,7.850000000000023,62.55,0.1019803902718712,1099.4,1091.0,0.02
6742201,21.379,44.815,21.350000000000023,44.95,0.1380796871375302,570896.0,558314.0,0.04
6742500,25.354,43.627,25.350000000000023,43.74999999999999,0.1230650234631979,658400.0,638142.0,0.05
6742600,26.812,48.241,26.75000000000003,48.35,0.1253993620398264,9074.0,9039.0,0.02
6742701,26.946,46.726,26.950000000000017,46.85,0.1240644993541623,11899.0,12084.0,0.03
6742900,28.717,45.217,28.65000000000002,45.35,0.1489227987918437,807000.0,781057.0,0.05
6744100,21.518,46.628,21.450000000000017,46.74999999999999,0.139671042095332,3702.0,3558.0,0.05
6744201,23.582,46.038,23.650000000000038,46.15,0.1310267148332925,18055.0,17606.0,0.04
6744500,22.877,47.787,22.850000000000023,47.85,0.0685419579527614,15385.0,15354.0,0.02
6744600,24.193,47.863,24.25000000000003,47.85,0.0584636639290013,1547.0,1577.0,0.03
6830104,26.925,68.889,26.950000000000017,68.94999999999999,0.0659241988953976,5160.0,5314.0,0.04
6830510,27.0,69.784,27.05000000000001,69.85,0.0828009661779353,1520.0,1505.0,0.02
6854101,22.114,61.337,21.950000000000017,61.45,0.1991607391028486,26117.0,25704.0,0.03
6854102,23.75,61.308,23.650000000000038,61.45,0.1736778627228928,8641.0,8727.0,0.02
6854104,23.911,61.854,23.850000000000023,61.95,0.113740933704611,6102.0,5810.0,0.06
6854105,22.691,61.139,22.75000000000003,61.15,0.0600166643525228,2652.0,2887.0,0.0999999999999999
6854106,22.468,61.381,22.450000000000017,61.45,0.0713091859440196,688.0,648.0,0.07
6854107,24.039,62.28,24.05000000000001,62.45,0.1703555106241015,546.0,571.0,0.06
6854108,23.061,61.898,23.150000000000038,62.05,0.1761391495380973,444.0,405.0,0.0999999999999999
6854151,22.41,60.872,22.450000000000017,60.95,0.0876584280032485,197.0,180.0,0.0999999999999999
6854200,22.698,63.361,22.75000000000003,63.45,0.1030776406404544,3949.0,3998.0,0.03
6854590,29.584,64.19,29.650000000000038,64.35,0.1730780170905694,2045.0,1977.0,0.05
6854592,29.503,64.127,29.55000000000001,64.25,0.1316738394670794,3444.0,3491.0,0.03
6854601,28.069,65.144,28.050000000000026,65.25,0.1076893680917379,1313.0,1351.0,0.04
6854610,25.291,65.619,25.150000000000038,65.65,0.1443675863897116,1279.0,1266.0,0.03
6854702,25.54,66.424,25.450000000000017,66.44999999999999,0.0936803074290207,47425.0,47474.0,0.02
6854705,27.785,67.198,27.850000000000023,67.25,0.0832406150866488,8538.0,8594.0,0.02
6854707,24.844,67.879,24.75000000000003,68.05,0.1951332877804098,4488.0,4546.0,0.03
6854709,26.22,66.622,26.05000000000001,66.65,0.1722904524342428,3017.0,3103.0,0.04
6854710,25.42,66.795,25.450000000000017,66.94999999999999,0.1578765340384595,12303.0,12288.0,0.02
6854712,25.747,67.13,25.75000000000003,67.15,0.020223748416171,1198.0,1242.0,0.05
6854900,21.884,63.092,21.950000000000017,63.15,0.0878635305459676,4833.0,4885.0,0.03
6855409,31.029,63.097,31.05000000000001,63.15,0.0570087712549585,596.0,556.0,0.08
6855412,28.303,61.835,28.25000000000003,61.95,0.1266254318847359,788.0,813.0,0.05
6934100,8.72,55.95,8.750000000000028,56.05,0.104403065089108,1040.0,1106.0,0.08
6934500,12.22,55.33,12.15000000000002,55.45,0.1389244398944861,131.0,140.0,0.08
6934571,11.68,55.3,11.550000000000011,55.45,0.1984943324127833,753.0,702.0,0.08
6934800,8.83,55.06,8.850000000000023,55.15,0.0921954445729301,292.0,282.0,0.05
6935054,8.33,47.57,8.350000000000023,47.64999999999999,0.0824621125123501,14718.0,14923.0,0.03
6935055,8.626,47.682,8.550000000000026,47.75,0.1019803902718347,11887.0,12332.0,0.05
6935500,9.641,47.383,9.550000000000026,47.45,0.1130044246921084,6119.0,6506.0,0.08
6948100,9.009,46.194,9.050000000000011,46.35,0.1612978611141459,1515.0,1533.0,0.03
6948110,10.08,46.295,10.050000000000026,46.45,0.1578765340384587,169.0,170.0,0.02
6970100,38.483,63.833,38.45000000000002,63.95,0.1215647975361208,55770.0,55612.0,0.02
6970250,41.917,64.15,41.85000000000002,64.25,0.1203702621081969,348000.0,347209.0,0.02
6970500,45.617,65.033,45.550000000000026,65.04999999999998,0.0691230786351099,56400.0,56295.0,0.02
6970560,45.033,65.817,44.95000000000002,65.85,0.0893196506934362,12000.0,11914.0,0.02
6970700,52.2,67.6,52.15000000000002,67.75,0.1581138830084189,312000.0,309414.0,0.02
