grdc_no,wmo_reg
1104150,1
1104200,1
1104300,1
1104450,1
1104480,1
1104500,1
1104530,1
1104600,1
1104700,1
1104800,1
1107700,1
1107800,1
1112100,1
1112110,1
1112200,1
1112300,1
1112320,1
1112330,1
1112340,1
1112350,1
1112400,1
1112480,1
1112500,1
1134020,1
1134030,1
1134040,1
1134050,1
1134060,1
1134080,1
1134100,1
1134110,1
1134150,1
1134200,1
1134220,1
1134250,1
1134300,1
1134310,1
1134320,1
1134350,1
1134400,1
1134420,1
1134450,1
1134460,1
1134480,1
1134500,1
1134505,1
1134600,1
1134620,1
1134630,1
1134650,1
1134700,1
1134705,1
1134730,1
1134850,1
1134900,1
1147010,1
1147011,1
1147012,1
1147013,1
1150200,1
1150201,1
1159100,1
1159103,1
1159105,1
1159110,1
1159120,1
1159125,1
1159130,1
1159131,1
1159290,1
1159300,1
1159301,1
1159302,1
1159304,1
1159305,1
1159310,1
1159320,1
1159321,1
1159325,1
1159330,1
1159333,1
1159335,1
1159337,1
1159400,1
1159403,1
1159405,1
1159410,1
1159413,1
1159415,1
1159417,1
1159419,1
1159450,1
1159490,1
1159500,1
1159510,1
1159511,1
1159512,1
1159513,1
1159520,1
1159525,1
1159530,1
1159535,1
1159540,1
1159545,1
1159546,1
1159547,1
1159548,1
1159549,1
1159550,1
1159555,1
1159560,1
1159570,1
1159580,1
1159600,1
1159601,1
1159650,1
1159651,1
1159653,1
1159655,1
1159660,1
1159670,1
1159673,1
1159675,1
1159800,1
1159805,1
1159810,1
1159811,1
1159813,1
1159815,1
1159820,1
1159825,1
1159830,1
1159850,1
1159855,1
1159860,1
1159880,1
1159890,1
1159900,1
1159910,1
1160091,1
1160095,1
1160100,1
1160101,1
1160102,1
1160110,1
1160111,1
1160113,1
1160115,1
1160120,1
1160200,1
1160210,1
1160220,1
1160230,1
1160235,1
1160240,1
1160245,1
1160250,1
1160255,1
1160256,1
1160257,1
1160260,1
1160263,1
1160265,1
1160266,1
1160270,1
1160271,1
1160275,1
1160276,1
1160280,1
1160281,1
1160285,1
1160286,1
1160287,1
1160290,1
1160295,1
1160300,1
1160301,1
1160302,1
1160303,1
1160304,1
1160305,1
1160310,1
1160315,1
1160317,1
1160318,1
1160320,1
1160324,1
1160325,1
1160327,1
1160328,1
1160330,1
1160331,1
1160332,1
1160340,1
1160341,1
1160343,1
1160345,1
1160346,1
1160347,1
1160348,1
1160350,1
1160351,1
1160352,1
1160353,1
1160360,1
1160361,1
1160365,1
1160367,1
1160368,1
1160370,1
1160373,1
1160375,1
1160376,1
1160378,1
1160380,1
1160385,1
1160390,1
1160391,1
1160393,1
1160395,1
1160396,1
1160398,1
1160400,1
1160403,1
1160405,1
1160410,1
1160415,1
1160417,1
1160419,1
1160420,1
1160425,1
1160427,1
1160430,1
1160435,1
1160441,1
1160443,1
1160450,1
1160453,1
1160455,1
1160456,1
1160457,1
1160458,1
1160459,1
1160460,1
1160470,1
1160480,1
1160481,1
1160485,1
1160487,1
1160490,1
1160493,1
1160495,1
1160500,1
1160505,1
1160510,1
1160511,1
1160512,1
1160520,1
1160523,1
1160525,1
1160527,1
1160528,1
1160529,1
1160530,1
1160533,1
1160535,1
1160537,1
1160540,1
1160545,1
1160550,1
1160580,1
1160600,1
1160601,1
1160602,1
1160605,1
1160607,1
1160610,1
1160611,1
1160612,1
1160615,1
1160617,1
1160620,1
1160621,1
1160625,1
1160630,1
1160631,1
1160635,1
1160640,1
1160641,1
1160650,1
1160660,1
1160670,1
1160671,1
1160675,1
1160680,1
1160682,1
1160684,1
1160685,1
1160687,1
1160688,1
1160690,1
1160693,1
1160695,1
1160700,1
1160701,1
1160703,1
1160704,1
1160705,1
1160706,1
1160707,1
1160708,1
1160709,1
1160710,1
1160715,1
1160717,1
1160720,1
1160721,1
1160723,1
1160725,1
1160730,1
1160731,1
1160740,1
1160743,1
1160745,1
1160750,1
1160751,1
1160752,1
1160755,1
1160756,1
1160760,1
1160763,1
1160765,1
1160770,1
1160772,1
1160773,1
1160774,1
1160775,1
1160777,1
1160780,1
1160785,1
1160788,1
1160790,1
1160793,1
1160795,1
1160798,1
1160800,1
1160810,1
1160815,1
1160820,1
1160825,1
1160830,1
1160840,1
1160842,1
1160850,1
1160851,1
1160880,1
1160881,1
1160882,1
1160883,1
1160884,1
1160885,1
1160890,1
1160891,1
1160892,1
1160893,1
1160894,1
1160895,1
1160900,1
1160910,1
1160911,1
1160913,1
1160915,1
1160919,1
1160920,1
1160930,1
1160940,1
1160950,1
1160955,1
1160957,1
1160960,1
1160965,1
1160970,1
1160971,1
1160974,1
1160975,1
1160979,1
1160981,1
1160983,1
1160985,1
1196100,1
1196101,1
1196102,1
1196103,1
1196104,1
1196105,1
1196106,1
1196110,1
1196120,1
1196130,1
1196140,1
1196141,1
1196142,1
1196150,1
1196160,1
1196170,1
1196175,1
1196180,1
1196190,1
1196200,1
1196205,1
1196210,1
1196213,1
1196215,1
1196220,1
1196300,1
1196310,1
1196320,1
1196330,1
1196340,1
1196350,1
1196360,1
1196370,1
1196380,1
1196390,1
1196400,1
1196405,1
1196410,1
1196413,1
1196415,1
1196420,1
1196423,1
1196425,1
1196430,1
1196435,1
1196440,1
1196441,1
1196443,1
1196445,1
1196447,1
1196450,1
1196455,1
1196500,1
1196540,1
1196550,1
1196551,1
1196560,1
1196561,1
1196562,1
1196563,1
1196564,1
1196565,1
1196566,1
1196569,1
1196570,1
1196600,1
1196700,1
1196710,1
1196720,1
1196800,1
1196850,1
1197001,1
1197010,1
1197090,1
1197100,1
1197200,1
1197300,1
1197310,1
1197500,1
1197501,1
1197502,1
1197505,1
1197507,1
1197510,1
1197520,1
1197530,1
1197540,1
1197550,1
1197551,1
1197555,1
1197560,1
1197561,1
1197562,1
1197563,1
1197564,1
1197570,1
1197580,1
1197590,1
1197591,1
1197593,1
1197595,1
1197700,1
1197701,1
1197705,1
1197710,1
1197720,1
1197730,1
1197740,1
1197745,1
1197750,1
1199100,1
1199110,1
1199115,1
1199200,1
1199300,1
1199310,1
1199400,1
1199410,1
1199415,1
1199450,1
1199453,1
1199455,1
1199460,1
1199465,1
1201100,1
1201150,1
1201500,1
1204900,1
1216300,1
1216350,1
1216400,1
1216430,1
1216450,1
1216500,1
1219500,1
1234050,1
1234080,1
1234090,1
1234100,1
1234120,1
1234130,1
1234150,1
1234180,1
1234190,1
1234200,1
1234201,1
1234250,1
1234500,1
1234550,1
1234650,1
1234680,1
1234700,1
1237500,1
1253100,1
1253200,1
1253210,1
1253300,1
1253350,1
1255100,1
1255150,1
1257100,1
1257101,1
1257200,1
1258100,1
1258150,1
1258200,1
1258201,1
1258202,1
1258270,1
1258300,1
1258301,1
1258350,1
1258355,1
1258400,1
1258500,1
1258501,1
1258502,1
1258503,1
1258505,1
1258506,1
1258507,1
1258508,1
1258509,1
1258510,1
1258520,1
1258530,1
1259060,1
1259070,1
1259080,1
1259090,1
1259100,1
1259101,1
1259102,1
1259103,1
1259104,1
1259110,1
1259111,1
1259112,1
1259150,1
1259151,1
1259152,1
1259170,1
1259200,1
1259201,1
1259220,1
1259230,1
1259240,1
1259250,1
1259260,1
1259261,1
1259300,1
1259301,1
1259310,1
1259320,1
1259321,1
1259350,1
1259360,1
1259370,1
1259400,1
1259440,1
1259450,1
1259451,1
1259460,1
1259500,1
1259510,1
1259520,1
1259600,1
1259620,1
1259800,1
1259810,1
1261100,1
1261200,1
1269200,1
1269400,1
1269600,1
1270800,1
1270900,1
1271500,1
1286150,1
1286200,1
1286210,1
1286220,1
1286400,1
1286401,1
1286402,1
1286403,1
1286410,1
1286500,1
1286501,1
1286502,1
1286600,1
1286640,1
1286650,1
1286660,1
1286661,1
1286670,1
1286680,1
1286690,1
1286700,1
1286730,1
1286740,1
1286900,1
1286901,1
1286930,1
1286940,1
1287600,1
1287700,1
1287800,1
1287801,1
1288100,1
1288150,1
1288170,1
1288200,1
1289050,1
1289100,1
1289101,1
1289120,1
1289150,1
1289200,1
1289210,1
1289211,1
1289220,1
1289230,1
1289240,1
1289250,1
1289310,1
1289320,1
1289330,1
1289340,1
1289350,1
1289380,1
1289400,1
1289410,1
1289425,1
1289435,1
1289440,1
1289450,1
1289451,1
1289460,1
1289470,1
1290100,1
1290200,1
1290210,1
1290230,1
1290231,1
1290300,1
1290320,1
1290900,1
1290910,1
1290920,1
1291100,1
1291200,1
1292180,1
1293100,1
1293101,1
1293150,1
1293160,1
1293170,1
1293200,1
1293300,1
1293301,1
1293310,1
1293320,1
1293330,1
1293340,1
1304100,1
1304800,1
1308100,1
1308110,1
1308600,1
1309200,1
1309500,1
1309520,1
1309550,1
1309560,1
1309570,1
1309600,1
1309620,1
1309650,1
1309660,1
1309675,1
1309700,1
1309720,1
1309750,1
1309800,1
1309810,1
1309850,1
1310400,1
1310500,1
1310600,1
1316100,1
1320100,1
1320150,1
1320160,1
1321800,1
1321880,1
1322800,1
1322840,1
1322880,1
1323400,1
1323500,1
1323550,1
1323580,1
1324500,1
1324510,1
1324580,1
1326300,1
1326301,1
1326500,1
1326701,1
1326802,1
1326901,1
1335011,1
1335014,1
1335122,1
1335181,1
1335241,1
1335381,1
1335451,1
1335500,1
1336500,1
1337100,1
1337101,1
1337151,1
1337200,1
1337251,1
1338050,1
1338200,1
1338201,1
1338252,1
1338271,1
1338300,1
1338400,1
1338401,1
1338503,1
1338600,1
1339011,1
1339012,1
1339014,1
1339015,1
1339017,1
1339100,1
1339500,1
1340500,1
1348100,1
1348151,1
1348152,1
1348351,1
1348401,1
1357100,1
1357200,1
1357500,1
1357501,1
1357510,1
1357520,1
1357530,1
1357600,1
1357700,1
1357710,1
1362100,1
1362200,1
1362300,1
1362400,1
1362500,1
1362600,1
1389090,1
1389100,1
1389200,1
1389230,1
1389250,1
1389300,1
1389320,1
1389330,1
1389350,1
1389430,1
1389450,1
1389460,1
1389470,1
1389480,1
1389490,1
1389500,1
1389520,1
1389530,1
1389540,1
1389550,1
1389560,1
1389580,1
1389600,1
1389670,1
1389680,1
1389690,1
1389700,1
1389710,1
1389720,1
1389750,1
1389760,1
1389780,1
1389790,1
1389800,1
1389820,1
1396010,1
1396020,1
1396100,1
1396101,1
1396102,1
1396110,1
1396200,1
1396201,1
1396210,1
1396300,1
1396400,1
1396500,1
1396600,1
1396601,1
1425100,1
1425300,1
1425350,1
1425450,1
1425500,1
1426010,1
1426050,1
1426100,1
1426120,1
1426140,1
1426180,1
1426200,1
1426210,1
1426250,1
1426260,1
1426300,1
1426320,1
1426340,1
1426350,1
1426380,1
1426600,1
1427100,1
1427130,1
1427150,1
1427160,1
1427200,1
1427250,1
1427350,1
1427370,1
1427400,1
1427450,1
1427500,1
1427600,1
1428100,1
1428200,1
1428250,1
1428300,1
1428400,1
1428500,1
1431300,1
1434200,1
1434300,1
1434350,1
1434370,1
1434390,1
1434500,1
1434510,1
1434700,1
1434740,1
1434750,1
1434780,1
1434790,1
1434810,1
1434820,1
1434850,1
1444100,1
1445050,1
1445100,1
1445400,1
1445490,1
1445500,1
1445600,1
1445700,1
1445800,1
1447100,1
1447150,1
1447200,1
1447300,1
1447400,1
1447500,1
1447550,1
1447600,1
1448050,1
1448100,1
1448500,1
1457800,1
1457850,1
1468050,1
1468100,1
1468200,1
1468800,1
1469100,1
1472100,1
1472150,1
1472200,1
1472300,1
1472305,1
1472500,1
1473050,1
1491100,1
1491110,1
1491150,1
1491200,1
1491210,1
1491220,1
1491225,1
1491230,1
1491240,1
1491241,1
1491250,1
1491251,1
1491252,1
1491255,1
1491260,1
1491480,1
1491485,1
1491500,1
1491510,1
1491511,1
1491520,1
1491530,1
1491540,1
1491550,1
1491555,1
1491580,1
1491585,1
1491586,1
1491590,1
1491600,1
1491601,1
1491610,1
1491620,1
1491650,1
1491670,1
1491680,1
1491690,1
1491700,1
1491710,1
1491720,1
1491750,1
1491760,1
1491770,1
1491780,1
1491790,1
1491810,1
1491815,1
1491816,1
1491820,1
1491830,1
1491840,1
1491850,1
1491860,1
1491870,1
1491875,1
1491876,1
1491880,1
1491890,1
1494100,1
1494110,1
1494200,1
1494300,1
1494310,1
1494311,1
1494400,1
1495100,1
1495120,1
1495130,1
1495150,1
1495160,1
1495165,1
1495170,1
1495180,1
1495190,1
1495195,1
1495200,1
1495220,1
1495230,1
1495240,1
1495280,1
1495290,1
1495291,1
1495292,1
1495295,1
1495300,1
1495310,1
1495320,1
1495330,1
1495350,1
1495351,1
1495360,1
1495370,1
1495371,1
1495700,1
1495720,1
1495800,1
1495801,1
1495802,1
1495830,1
1496150,1
1496160,1
1496161,1
1496180,1
1496181,1
1496195,1
1496200,1
1496250,1
1496251,1
1496300,1
1496320,1
1496321,1
1496340,1
1496345,1
1496350,1
1496351,1
1496355,1
1496360,1
1496365,1
1496500,1
1512100,1
1512200,1
1512300,1
1526200,1
1526300,1
1526800,1
1526801,1
1530100,1
1531050,1
1531100,1
1531300,1
1531420,1
1531430,1
1531450,1
1531550,1
1531600,1
1531650,1
1531680,1
1531700,1
1531800,1
1535100,1
1535110,1
1537100,1
1537120,1
1537130,1
1537150,1
1537170,1
1537180,1
1537200,1
1537250,1
1537300,1
1537450,1
1537480,1
1537500,1
1537800,1
1547100,1
1547200,1
1547201,1
1547202,1
1547300,1
1547310,1
1547320,1
1547330,1
1547340,1
1547350,1
1547360,1
1547400,1
1547500,1
1547510,1
1547600,1
1547715,1
1547730,1
1547751,1
1547760,1
1547765,1
1547770,1
1547780,1
1547800,1
1553100,1
1553200,1
1553500,1
1563050,1
1563100,1
1563450,1
1563500,1
1563550,1
1563600,1
1563680,1
1563700,1
1563750,1
1563800,1
1563900,1
1564500,1
1566100,1
1566206,1
1566207,1
1566208,1
1566250,1
1566255,1
1566260,1
1566261,1
1566270,1
1566500,1
1566501,1
1566502,1
1566510,1
1566520,1
1577050,1
1577100,1
1577101,1
1577102,1
1577200,1
1577300,1
1577500,1
1577600,1
1577601,1
1577602,1
1577603,1
1577700,1
1577800,1
1578100,1
1578200,1
1578500,1
1580300,1
1582700,1
1582800,1
1582820,1
1582850,1
1587200,1
1591001,1
1591002,1
1591003,1
1591100,1
1591110,1
1591200,1
1591230,1
1591231,1
1591235,1
1591237,1
1591240,1
1591245,1
1591300,1
1591400,1
1591401,1
1591402,1
1591403,1
1591404,1
1591405,1
1591406,1
1591408,1
1591410,1
1591411,1
1591412,1
1591420,1
1591430,1
1591435,1
1591440,1
1591441,1
1591450,1
1591460,1
1591470,1
1591471,1
1591474,1
1591475,1
1591476,1
1591480,1
1591481,1
1591482,1
1591490,1
1591500,1
1591520,1
1591700,1
1591710,1
1591720,1
1591730,1
1591800,1
1591810,1
1591820,1
1597001,1
1597002,1
1597100,1
1597200,1
1598001,1
1598002,1
1598003,1
1598010,1
1598020,1
1598100,1
1598110,1
1598120,1
1598130,1
1598200,1
1599001,1
1599003,1
1599100,1
1599101,1
1599102,1
1599110,1
1599111,1
1599120,1
1599130,1
1599140,1
1599150,1
1599151,1
1599160,1
1599170,1
1599180,1
1599200,1
1599201,1
1599210,1
1599220,1
1599230,1
1599240,1
1599300,1
1599400,1
1615500,1
1616700,1
1617800,1
1617900,1
1619600,1
1622500,1
1626100,1
1626500,1
1631100,1
1631200,1
1631480,1
1631500,1
1632500,1
1634100,1
1634200,1
1634350,1
1634400,1
1634420,1
1634440,1
1634500,1
1634550,1
1634560,1
1634600,1
1634610,1
1634650,1
1634700,1
1634800,1
1643100,1
1643150,1
1643200,1
1643220,1
1643250,1
1643260,1
1643300,1
1643320,1
1643350,1
1643370,1
1643400,1
1643420,1
1643450,1
1643500,1
1643520,1
1643550,1
1644100,1
1644200,1
1653100,1
1653110,1
1653120,1
1653130,1
1653140,1
1653150,1
1653160,1
1653161,1
1653162,1
1653180,1
1653181,1
1653182,1
1653185,1
1653191,1
1653192,1
1653193,1
1653194,1
1653195,1
1653206,1
1653210,1
1653220,1
1653222,1
1653223,1
1653224,1
1653225,1
1653230,1
1653240,1
1653250,1
1653310,1
1653320,1
1653321,1
1653330,1
1653335,1
1653350,1
1655100,1
1655101,1
1655102,1
1655103,1
1655104,1
1655105,1
1655106,1
1655107,1
1655108,1
1655110,1
1655120,1
1655130,1
1657100,1
1657101,1
1657102,1
1657110,1
1657120,1
1657130,1
1657200,1
1662100,1
1662200,1
1662500,1
1663100,1
1663500,1
1663800,1
1664100,1
1664500,1
1664600,1
1666100,1
1666101,1
1666102,1
1666110,1
1666120,1
1666130,1
1666140,1
1666200,1
1666201,1
1666202,1
1666203,1
1666204,1
1666210,1
1666230,1
1666504,1
1666505,1
1666506,1
1666507,1
1666530,1
1666540,1
1666550,1
1666560,1
1670100,1
1670101,1
1670102,1
1670103,1
1670104,1
1670120,1
1670125,1
1670130,1
1670140,1
1670141,1
1670145,1
1670150,1
1670152,1
1670160,1
1670170,1
1670200,1
1670210,1
1673100,1
1673150,1
1673500,1
1673600,1
1673650,1
1673660,1
1673800,1
1673900,1
1689100,1
1689200,1
1689300,1
1689350,1
1689380,1
1689400,1
1689450,1
1689500,1
1689600,1
1726100,1
1731400,1
1731450,1
1732100,1
1733100,1
1733200,1
1733300,1
1733320,1
1733400,1
1733500,1
1733600,1
1733700,1
1734200,1
1734300,1
1734400,1
1734410,1
1734450,1
1734480,1
1734500,1
1734550,1
1734560,1
1734600,1
1737080,1
1737100,1
1737150,1
1737200,1
1737210,1
1737250,1
1737280,1
1737300,1
1737700,1
1748500,1
1749030,1
1749050,1
1749080,1
1749100,1
1749150,1
1749200,1
1749400,1
1749480,1
1749500,1
1749510,1
1749550,1
1749600,1
1749700,1
1749800,1
1769050,1
1769100,1
1769150,1
1769200,1
1789300,1
1812100,1
1812300,1
1812500,1
1812600,1
1813180,1
1813200,1
1813250,1
1813300,1
1813320,1
1813350,1
1813400,1
1813450,1
1813460,1
1813500,1
1813550,1
1813600,1
1813650,1
1813700,1
1813750,1
1813780,1
1813800,1
1814070,1
1814400,1
1815020,1
1815070,1
1816100,1
1816200,1
1816400,1
1816450,1
1816490,1
1816500,1
1834100,1
1834101,1
1834110,1
1835300,1
1835500,1
1835800,1
1835900,1
1837101,1
1837102,1
1837103,1
1837104,1
1837106,1
1837107,1
1837200,1
1837202,1
1837250,1
1837253,1
1837255,1
1837275,1
1837285,1
1837400,1
1837401,1
1837408,1
1837409,1
1837410,1
1837420,1
1837430,1
1837431,1
1837432,1
1837433,1
1837440,1
1837450,1
1837451,1
1837460,1
1837461,1
1837462,1
1837470,1
1837500,1
1837501,1
1837510,1
1837520,1
1837560,1
1837561,1
1837570,1
1837580,1
1837700,1
1837701,1
1837800,1
1837801,1
1837810,1
1870500,1
1870600,1
1870800,1
1878100,1
1878200,1
1878300,1
1878400,1
1878500,1
1880100,1
1889100,1
1889200,1
1891500,1
1894200,1
1894400,1
1894401,1
1895500,1
1895501,1
1896500,1
1896501,1
1896502,1
1896510,1
1897500,1
1897501,1
1897550,1
1898500,1
1898501,1
1898550,1
1899100,1
1899101,1
1926100,1
1926300,1
1926500,1
1926550,1
1926600,1
1926610,1
1926650,1
1926700,1
1926800,1
1928130,1
1928250,1
1928370,1
1928490,1
1928625,1
1928745,1
1928865,1
1931025,1
1931055,1
1931070,1
1931085,1
1931090,1
1931160,1
1931180,1
1931190,1
1931295,1
1931340,1
1931370,1
1931400,1
1931415,1
1931420,1
1931445,1
1931460,1
1931475,1
1931535,1
1931550,1
1931565,1
1931580,1
1931695,1
1931710,1
1931725,1
1931770,1
1931785,1
1931790,1
1931815,1
1931845,1
1931860,1
1931880,1
1931890,1
1931905,1
1934575,1
1934645,1
1934680,1
1934715,1
1934890,1
1988120,1
1988130,1
1988140,1
1989100,1
1989101,1
1989200,1
1989250,1
1989300,1
1989301,1
1989350,1
1989360,1
1989370,1
1989380,1
1989390,1
1989400,1
1989410,1
1989420,1
1989430,1
1992410,1
1992660,1
1992665,1
1992670,1
1992680,1
1992690,1
1992700,1
1992710,1
1992790,1
1992800,1
1992820,1
1992830,1
1992840,1
1992850,1
1992870,1
1992880,1
1992900,1
1993100,1
1993110,1
1993115,1
1993120,1
1993130,1
1993150,1
1993180,1
1993200,1
1993250,1
1993260,1
1993300,1
1993320,1
1993325,1
1993326,1
1993330,1
1993400,1
1993401,1
1993450,1
1993480,1
1993481,1
1993490,1
1993495,1
1993580,1
1993600,1
1993610,1
1993620,1
1993640,1
1993650,1
1993651,1
2106100,2
2106500,2
2106600,2
2124010,2
2124050,2
2124100,2
2124150,2
2124200,2
2124250,2
2124300,2
2124800,2
2124900,2
2151100,2
2178200,2
2178300,2
2178400,2
2178500,2
2178950,2
2178951,2
2178960,2
2179100,2
2180400,2
2180500,2
2180600,2
2180700,2
2180710,2
2180711,2
2180712,2
2180750,2
2180800,2
2181100,2
2181200,2
2181300,2
2181400,2
2181500,2
2181600,2
2181800,2
2181850,2
2181900,2
2182050,2
2182100,2
2182150,2
2182250,2
2186500,2
2186800,2
2186900,2
2186901,2
2186950,2
2217100,2
2217101,2
2217102,2
2217103,2
2217104,2
2217110,2
2217120,2
2217130,2
2217200,2
2217201,2
2217210,2
2217400,2
2217401,2
2217410,2
2217450,2
2217451,2
2217460,2
2217470,2
2217480,2
2218100,2
2218101,2
2218110,2
2218120,2
2218200,2
2218201,2
2218202,2
2218203,2
2218204,2
2218300,2
2218301,2
2240100,2
2240101,2
2240102,2
2240103,2
2240200,2
2240210,2
2240300,2
2240301,2
2240302,2
2240310,2
2260100,2
2260110,2
2260120,2
2260400,2
2260500,2
2260600,2
2260700,2
2261500,2
2261510,2
2263100,2
2271001,2
2271002,2
2311102,2
2311103,2
2311104,2
2311105,2
2311106,2
2311109,2
2311200,2
2311201,2
2311202,2
2311203,2
2311204,2
2311205,2
2311206,2
2311207,2
2311208,2
2311215,2
2311220,2
2311238,2
2311243,2
2311250,2
2311263,2
2311265,2
2311300,2
2311301,2
2311302,2
2311307,2
2311308,2
2311309,2
2311310,2
2311311,2
2311320,2
2311321,2
2311325,2
2311327,2
2311330,2
2311331,2
2311335,2
2311337,2
2311340,2
2311341,2
2311345,2
2311350,2
2311360,2
2311361,2
2311365,2
2311368,2
2311425,2
2311426,2
2311474,2
2311475,2
2311479,2
2311480,2
2311481,2
2311482,2
2311485,2
2311487,2
2311489,2
2311490,2
2311495,2
2311496,2
2311500,2
2311505,2
2311510,2
2311511,2
2311512,2
2311515,2
2311517,2
2311520,2
2311523,2
2311525,2
2311527,2
2311530,2
2311535,2
2311537,2
2311540,2
2311545,2
2311550,2
2311551,2
2311552,2
2311555,2
2311760,2
2311800,2
2311801,2
2311810,2
2311820,2
2311821,2
2311822,2
2311825,2
2311826,2
2311827,2
2311829,2
2311840,2
2311841,2
2311845,2
2311847,2
2311850,2
2311855,2
2311900,2
2313200,2
2313400,2
2313500,2
2314400,2
2314450,2
2314500,2
2314600,2
2315250,2
2315300,2
2315500,2
2316200,2
2316201,2
2316204,2
2316500,2
2319200,2
2319500,2
2335100,2
2335180,2
2335190,2
2335200,2
2335210,2
2335215,2
2335220,2
2335230,2
2335240,2
2335250,2
2335260,2
2335600,2
2335950,2
2336300,2
2336320,2
2336350,2
2336400,2
2336450,2
2336500,2
2337100,2
2340200,2
2340300,2
2340500,2
2340800,2
2341300,2
2341700,2
2357200,2
2357400,2
2357500,2
2357600,2
2357610,2
2357700,2
2357750,2
2369005,2
2369010,2
2369011,2
2369100,2
2369800,2
2369900,2
2369901,2
2369902,2
2369904,2
2369905,2
2369906,2
2369907,2
2370502,2
2370510,2
2371100,2
2371150,2
2371200,2
2371300,2
2371400,2
2371450,2
2371500,2
2371600,2
2372102,2
2372103,2
2372150,2
2372200,2
2372201,2
2396700,2
2415400,2
2415800,2
2415900,2
2416202,2
2416600,2
2416660,2
2416665,2
2416670,2
2416680,2
2416690,2
2416700,2
2416710,2
2416720,2
2416730,2
2416740,2
2416750,2
2416760,2
2416770,2
2416780,2
2416800,2
2416810,2
2416840,2
2416850,2
2416860,2
2416870,2
2416880,2
2416890,2
2416900,2
2418700,2
2421200,2
2421300,2
2421400,2
2421450,2
2421500,2
2421550,2
2421800,2
2422500,2
2423300,2
2423350,2
2423500,2
2423800,2
2423850,2
2427200,2
2427500,2
2428200,2
2428300,2
2428350,2
2428500,2
2428505,2
2428800,2
2469049,2
2469050,2
2469055,2
2469057,2
2469058,2
2469060,2
2469072,2
2469091,2
2469095,2
2469098,2
2469102,2
2469110,2
2469111,2
2469112,2
2469120,2
2469121,2
2469125,2
2469127,2
2469130,2
2469131,2
2469135,2
2469140,2
2469141,2
2469142,2
2469143,2
2469145,2
2469146,2
2469147,2
2469148,2
2469149,2
2469260,2
2469261,2
2469265,2
2469266,2
2469267,2
2469268,2
2469269,2
2469300,2
2469301,2
2469400,2
2495450,2
2496700,2
2516590,2
2517450,2
2517470,2
2517475,2
2517480,2
2517500,2
2517550,2
2517600,2
2517610,2
2517700,2
2517710,2
2517750,2
2517760,2
2517800,2
2517810,2
2517820,2
2517830,2
2517840,2
2517850,2
2517900,2
2517910,2
2517920,2
2517940,2
2517950,2
2548310,2
2548320,2
2548350,2
2548400,2
2548450,2
2548460,2
2548500,2
2548550,2
2548610,2
2548620,2
2549210,2
2549220,2
2549230,2
2549235,2
2549240,2
2549250,2
2549300,2
2549350,2
2549400,2
2549500,2
2550110,2
2550120,2
2550200,2
2550225,2
2550300,2
2550350,2
2550400,2
2550450,2
2550500,2
2550600,2
2569001,2
2569002,2
2569003,2
2569004,2
2569005,2
2569010,2
2569015,2
2569020,2
2569025,2
2569026,2
2569030,2
2569031,2
2569035,2
2569040,2
2569041,2
2569045,2
2569050,2
2569051,2
2587080,2
2587081,2
2587082,2
2587083,2
2587100,2
2587101,2
2587102,2
2587103,2
2587104,2
2587105,2
2587106,2
2587200,2
2587210,2
2587220,2
2587230,2
2587240,2
2587250,2
2587400,2
2587401,2
2587402,2
2587403,2
2588250,2
2588300,2
2588301,2
2588302,2
2588303,2
2588304,2
2588320,2
2588321,2
2588322,2
2588480,2
2588481,2
2588482,2
2588483,2
2588500,2
2588501,2
2588550,2
2588551,2
2588552,2
2588553,2
2588554,2
2588555,2
2588556,2
2588557,2
2588558,2
2588559,2
2588560,2
2588561,2
2588600,2
2588610,2
2588620,2
2588630,2
2588640,2
2588650,2
2588651,2
2588652,2
2588653,2
2588654,2
2588655,2
2588700,2
2588701,2
2588702,2
2588703,2
2588704,2
2588705,2
2588706,2
2588707,2
2588708,2
2588709,2
2588800,2
2588900,2
2588910,2
2588920,2
2589100,2
2589101,2
2589110,2
2589120,2
2589200,2
2589201,2
2589202,2
2589203,2
2589204,2
2589210,2
2589220,2
2589230,2
2589240,2
2589250,2
2589260,2
2589270,2
2589280,2
2589300,2
2589310,2
2589320,2
2589350,2
2589351,2
2589360,2
2589370,2
2589380,2
2589390,2
2589400,2
2589410,2
2589420,2
2589500,2
2589501,2
2589502,2
2589503,2
2589504,2
2589505,2
2589506,2
2589550,2
2589551,2
2589552,2
2589600,2
2589610,2
2589620,2
2589700,2
2589701,2
2589702,2
2589703,2
2589704,2
2589705,2
2589750,2
2589751,2
2589752,2
2589753,2
2589754,2
2589800,2
2589801,2
2589802,2
2589810,2
2589820,2
2589830,2
2589850,2
2590100,2
2590101,2
2590200,2
2590210,2
2590220,2
2590230,2
2590300,2
2590301,2
2590400,2
2590401,2
2591100,2
2591200,2
2591201,2
2591210,2
2591220,2
2591230,2
2591800,2
2591801,2
2591802,2
2595300,2
2595400,2
2595600,2
2595700,2
2605450,2
2605500,2
2605510,2
2617110,2
2646100,2
2646200,2
2651080,2
2651100,2
2677100,2
2677300,2
2678100,2
2678200,2
2678300,2
2706100,2
2707050,2
2707100,2
2707200,2
2707500,2
2707600,2
2707700,2
2707800,2
2707900,2
2743100,2
2744100,2
2744200,2
2792500,2
2816203,2
2816550,2
2816650,2
2817100,2
2817300,2
2817310,2
2817400,2
2817410,2
2817420,2
2817460,2
2817630,2
2817635,2
2836100,2
2836500,2
2837100,2
2838100,2
2839100,2
2846800,2
2851050,2
2851250,2
2851300,2
2851500,2
2853050,2
2853100,2
2853150,2
2853200,2
2853300,2
2853500,2
2853700,2
2853900,2
2854020,2
2854050,2
2854080,2
2854100,2
2854150,2
2854180,2
2854200,2
2854300,2
2854400,2
2854450,2
2854500,2
2854700,2
2854750,2
2854800,2
2854900,2
2854980,2
2855800,2
2856200,2
2856300,2
2856320,2
2856500,2
2856530,2
2856550,2
2856600,2
2856800,2
2856900,2
2875100,2
2876400,2
2876500,2
2878100,2
2878200,2
2878250,2
2878300,2
2901100,2
2901190,2
2901195,2
2901200,2
2901201,2
2901202,2
2901203,2
2901204,2
2901205,2
2901210,2
2901300,2
2901500,2
2901900,2
2901901,2
2902500,2
2902600,2
2902700,2
2902800,2
2902850,2
2903030,2
2903035,2
2903040,2
2903050,2
2903051,2
2903052,2
2903053,2
2903054,2
2903055,2
2903056,2
2903057,2
2903058,2
2903059,2
2903060,2
2903070,2
2903071,2
2903080,2
2903081,2
2903085,2
2903087,2
2903090,2
2903100,2
2903110,2
2903111,2
2903115,2
2903117,2
2903120,2
2903150,2
2903151,2
2903152,2
2903200,2
2903210,2
2903212,2
2903215,2
2903216,2
2903217,2
2903218,2
2903220,2
2903221,2
2903222,2
2903225,2
2903226,2
2903230,2
2903235,2
2903236,2
2903240,2
2903241,2
2903245,2
2903300,2
2903301,2
2903305,2
2903307,2
2903310,2
2903315,2
2903320,2
2903325,2
2903330,2
2903331,2
2903335,2
2903340,2
2903341,2
2903343,2
2903345,2
2903347,2
2903350,2
2903351,2
2903355,2
2903357,2
2903360,2
2903400,2
2903401,2
2903402,2
2903405,2
2903407,2
2903412,2
2903415,2
2903418,2
2903420,2
2903421,2
2903422,2
2903423,2
2903424,2
2903425,2
2903426,2
2903427,2
2903428,2
2903429,2
2903430,2
2903431,2
2903432,2
2903435,2
2903440,2
2903450,2
2903455,2
2903461,2
2903470,2
2903471,2
2903473,2
2903475,2
2903478,2
2903479,2
2903480,2
2903481,2
2903482,2
2903485,2
2903486,2
2903487,2
2903488,2
2903490,2
2903491,2
2903493,2
2903495,2
2903496,2
2903497,2
2903498,2
2903500,2
2903600,2
2903601,2
2903602,2
2903603,2
2903604,2
2903605,2
2903607,2
2903610,2
2903620,2
2903630,2
2903640,2
2903642,2
2903645,2
2903647,2
2903650,2
2903651,2
2903652,2
2903653,2
2903654,2
2903655,2
2903660,2
2903662,2
2903663,2
2903665,2
2903667,2
2903700,2
2903701,2
2903702,2
2903703,2
2903704,2
2903705,2
2903707,2
2903710,2
2903715,2
2903720,2
2903721,2
2903722,2
2903725,2
2903727,2
2903728,2
2903730,2
2903732,2
2903735,2
2903740,2
2903741,2
2903745,2
2903750,2
2903760,2
2903810,2
2903811,2
2903920,2
2903930,2
2903940,2
2903950,2
2903960,2
2903981,2
2903983,2
2903985,2
2903987,2
2903989,2
2903991,2
2903993,2
2904200,2
2904800,2
2904850,2
2905800,2
2906100,2
2906200,2
2906201,2
2906300,2
2906500,2
2906600,2
2906650,2
2906700,2
2906800,2
2906850,2
2906860,2
2906880,2
2906900,2
2906901,2
2907005,2
2907006,2
2907007,2
2907008,2
2907010,2
2907011,2
2907012,2
2907013,2
2907014,2
2907015,2
2907016,2
2907018,2
2907019,2
2907020,2
2907021,2
2907022,2
2907025,2
2907026,2
2907027,2
2907028,2
2907030,2
2907031,2
2907032,2
2907033,2
2907035,2
2907037,2
2907038,2
2907039,2
2907040,2
2907041,2
2907042,2
2907043,2
2907044,2
2907045,2
2907046,2
2907047,2
2907048,2
2907050,2
2907052,2
2907053,2
2907060,2
2907061,2
2907062,2
2907065,2
2907067,2
2907068,2
2907069,2
2907070,2
2907071,2
2907073,2
2907075,2
2907080,2
2907081,2
2907085,2
2907086,2
2907087,2
2907100,2
2907105,2
2907106,2
2907107,2
2907108,2
2907109,2
2907110,2
2907115,2
2907120,2
2907125,2
2907200,2
2907205,2
2907210,2
2907215,2
2907220,2
2907225,2
2907227,2
2907400,2
2907401,2
2907402,2
2907403,2
2907410,2
2907415,2
2907420,2
2907422,2
2907424,2
2907426,2
2907428,2
2907910,2
2907915,2
2907920,2
2907925,2
2907930,2
2907935,2
2907940,2
2908010,2
2908011,2
2908012,2
2908013,2
2908014,2
2908015,2
2908020,2
2908023,2
2908025,2
2908028,2
2908030,2
2908035,2
2908036,2
2908037,2
2908038,2
2908039,2
2908040,2
2908050,2
2908060,2
2908061,2
2908065,2
2908070,2
2908099,2
2908100,2
2908101,2
2908102,2
2908103,2
2908104,2
2908105,2
2908120,2
2908125,2
2908127,2
2908128,2
2908130,2
2908131,2
2908135,2
2908140,2
2908145,2
2908147,2
2908148,2
2908150,2
2908151,2
2908152,2
2908153,2
2908155,2
2908157,2
2908160,2
2908161,2
2908165,2
2908170,2
2908171,2
2908173,2
2908180,2
2908181,2
2908182,2
2908183,2
2908184,2
2908185,2
2908186,2
2908187,2
2908190,2
2908191,2
2908192,2
2908194,2
2908196,2
2908199,2
2908200,2
2908201,2
2908205,2
2908210,2
2908211,2
2908300,2
2908301,2
2908302,2
2908303,2
2908304,2
2908305,2
2908310,2
2908500,2
2908600,2
2908650,2
2908680,2
2908700,2
2909100,2
2909150,2
2909151,2
2909152,2
2909153,2
2909154,2
2909155,2
2909156,2
2909157,2
2909158,2
2909159,2
2909160,2
2909161,2
2909162,2
2909163,2
2909164,2
2909165,2
2909166,2
2909200,2
2909205,2
2909210,2
2909215,2
2909217,2
2909220,2
2909225,2
2909230,2
2909235,2
2909238,2
2909240,2
2909245,2
2909250,2
2909251,2
2909253,2
2909260,2
2909261,2
2909262,2
2909265,2
2909268,2
2909269,2
2909270,2
2909271,2
2909280,2
2909281,2
2909290,2
2909295,2
2909300,2
2909313,2
2909314,2
2909315,2
2909316,2
2909318,2
2909319,2
2909320,2
2909321,2
2909323,2
2909325,2
2909327,2
2909330,2
2909335,2
2909340,2
2909345,2
2909350,2
2909355,2
2909356,2
2909357,2
2909358,2
2909359,2
2909360,2
2909361,2
2909362,2
2909363,2
2909365,2
2909367,2
2909368,2
2909369,2
2909370,2
2909375,2
2909377,2
2909380,2
2909385,2
2909390,2
2909391,2
2909392,2
2909393,2
2909395,2
2909398,2
2909400,2
2909401,2
2909402,2
2909403,2
2909404,2
2909410,2
2909415,2
2909420,2
2909430,2
2909431,2
2909540,2
2909550,2
2909560,2
2909570,2
2909590,2
2909595,2
2909597,2
2909700,2
2909701,2
2909702,2
2909703,2
2909704,2
2909705,2
2909710,2
2909720,2
2909730,2
2909750,2
2909751,2
2909752,2
2909760,2
2909900,2
2909950,2
2910100,2
2910101,2
2910102,2
2910105,2
2910108,2
2910111,2
2910112,2
2910120,2
2910130,2
2910140,2
2910141,2
2910150,2
2910160,2
2910161,2
2910170,2
2910175,2
2910200,2
2910201,2
2910205,2
2910210,2
2910220,2
2910230,2
2910231,2
2910235,2
2910237,2
2910240,2
2910241,2
2910242,2
2910243,2
2910245,2
2910247,2
2910248,2
2910250,2
2910254,2
2910257,2
2910258,2
2910259,2
2910260,2
2910265,2
2910266,2
2910267,2
2910270,2
2910271,2
2910273,2
2910274,2
2910275,2
2910276,2
2910277,2
2910279,2
2910280,2
2910285,2
2910287,2
2910289,2
2910290,2
2910291,2
2910295,2
2910297,2
2910300,2
2910301,2
2910310,2
2910311,2
2910312,2
2910313,2
2910314,2
2910315,2
2910316,2
2910317,2
2910318,2
2910319,2
2910320,2
2910321,2
2910322,2
2910324,2
2910325,2
2910326,2
2910327,2
2910328,2
2910330,2
2910331,2
2910332,2
2910333,2
2910334,2
2910335,2
2910337,2
2910339,2
2910340,2
2910342,2
2910345,2
2910346,2
2910347,2
2910349,2
2910350,2
2910352,2
2910355,2
2910356,2
2910357,2
2910359,2
2910360,2
2910362,2
2910365,2
2910366,2
2910367,2
2910368,2
2910370,2
2910371,2
2910373,2
2910375,2
2910376,2
2910380,2
2910381,2
2910383,2
2910384,2
2910385,2
2910386,2
2910387,2
2910389,2
2910390,2
2910391,2
2910394,2
2910395,2
2910396,2
2910397,2
2910400,2
2910405,2
2910406,2
2910407,2
2910410,2
2910411,2
2910412,2
2910413,2
2910415,2
2910420,2
2910423,2
2910424,2
2910428,2
2910429,2
2910430,2
2910435,2
2910436,2
2910437,2
2910438,2
2910439,2
2910440,2
2910441,2
2910442,2
2910445,2
2910446,2
2910447,2
2910448,2
2910450,2
2910453,2
2910455,2
2910457,2
2910460,2
2910463,2
2910465,2
2910467,2
2910470,2
2910471,2
2910472,2
2910473,2
2910474,2
2910475,2
2910476,2
2910478,2
2910480,2
2910485,2
2910487,2
2910490,2
2910491,2
2910492,2
2910493,2
2910494,2
2910500,2
2910501,2
2910510,2
2910511,2
2910512,2
2910513,2
2910514,2
2910515,2
2910517,2
2910518,2
2910519,2
2910520,2
2910521,2
2910522,2
2910560,2
2910561,2
2910562,2
2910563,2
2910564,2
2910567,2
2910570,2
2910580,2
2910581,2
2910582,2
2910583,2
2910584,2
2910585,2
2910587,2
2910590,2
2910592,2
2910593,2
2910594,2
2910595,2
2910600,2
2910601,2
2910602,2
2910603,2
2910604,2
2910605,2
2910606,2
2910607,2
2910608,2
2910630,2
2910631,2
2910633,2
2910635,2
2910637,2
2910640,2
2910643,2
2910645,2
2910647,2
2910648,2
2910650,2
2910651,2
2910655,2
2910656,2
2910657,2
2910658,2
2910660,2
2910661,2
2910662,2
2910663,2
2910665,2
2910666,2
2910668,2
2910669,2
2910690,2
2910691,2
2910693,2
2910695,2
2910697,2
2910700,2
2910701,2
2910702,2
2910710,2
2910715,2
2910716,2
2910718,2
2910720,2
2910721,2
2910723,2
2910725,2
2910728,2
2910730,2
2910731,2
2910735,2
2910736,2
2910740,2
2910745,2
2910747,2
2910750,2
2910755,2
2910760,2
2910765,2
2911095,2
2911096,2
2911097,2
2911098,2
2911099,2
2911100,2
2911101,2
2911150,2
2911151,2
2911152,2
2911160,2
2911162,2
2911165,2
2911170,2
2911173,2
2911180,2
2911209,2
2911210,2
2911215,2
2911230,2
2911235,2
2911240,2
2911245,2
2911270,2
2911275,2
2911277,2
2911279,2
2911280,2
2911303,2
2911304,2
2911305,2
2911306,2
2911307,2
2911308,2
2911309,2
2911310,2
2911315,2
2911317,2
2911319,2
2911380,2
2911381,2
2911385,2
2911390,2
2911391,2
2911395,2
2911397,2
2911399,2
2911400,2
2911401,2
2911402,2
2911403,2
2911405,2
2911406,2
2911410,2
2911415,2
2911417,2
2911420,2
2911421,2
2911422,2
2911423,2
2911425,2
2911427,2
2911430,2
2911431,2
2911432,2
2911433,2
2911435,2
2911437,2
2911438,2
2911439,2
2911440,2
2911445,2
2911450,2
2911451,2
2911452,2
2911453,2
2911454,2
2911455,2
2911456,2
2911457,2
2911460,2
2911461,2
2911462,2
2911463,2
2911464,2
2911467,2
2911470,2
2911471,2
2911472,2
2911475,2
2911501,2
2911502,2
2911503,2
2911504,2
2911506,2
2911560,2
2911561,2
2911562,2
2911565,2
2911570,2
2911571,2
2911572,2
2911575,2
2911577,2
2911590,2
2911591,2
2911592,2
2911595,2
2911630,2
2911631,2
2911632,2
2911633,2
2911650,2
2911651,2
2911652,2
2911655,2
2911656,2
2911657,2
2911658,2
2911659,2
2911660,2
2911665,2
2911666,2
2911667,2
2911670,2
2911671,2
2911672,2
2911673,2
2911674,2
2911675,2
2911676,2
2911680,2
2911681,2
2911682,2
2911683,2
2911684,2
2911685,2
2911686,2
2911687,2
2911688,2
2911689,2
2911690,2
2911691,2
2911692,2
2911694,2
2911695,2
2911696,2
2911697,2
2911698,2
2911699,2
2911700,2
2911701,2
2911702,2
2911703,2
2911704,2
2911705,2
2911708,2
2911710,2
2911715,2
2911717,2
2911719,2
2911720,2
2911730,2
2911731,2
2911734,2
2911735,2
2911750,2
2911751,2
2911813,2
2911815,2
2911823,2
2911828,2
2911830,2
2911835,2
2911843,2
2911848,2
2911853,2
2911857,2
2911860,2
2911865,2
2911870,2
2911875,2
2911880,2
2911901,2
2911902,2
2911905,2
2911907,2
2911909,2
2911910,2
2911911,2
2911913,2
2911920,2
2911940,2
2911950,2
2911955,2
2911957,2
2911958,2
2911960,2
2911963,2
2912550,2
2912551,2
2912552,2
2912553,2
2912554,2
2912555,2
2912556,2
2912560,2
2912561,2
2912565,2
2912567,2
2912600,2
2912601,2
2912602,2
2912610,2
2912611,2
2912615,2
2912617,2
2912620,2
2912640,2
2912641,2
2912645,2
2912647,2
2912654,2
2912663,2
2919100,2
2919600,2
2943100,2
2962017,2
2963700,2
2964011,2
2964035,2
2964042,2
2964043,2
2964051,2
2964078,2
2964080,2
2964081,2
2964082,2
2964100,2
2964120,2
2964121,2
2964122,2
2964123,2
2964124,2
2964125,2
2964127,2
2964128,2
2964130,2
2964140,2
2964145,2
2964147,2
2964150,2
2964160,2
2966060,2
2966400,2
2966800,2
2966998,2
2966999,2
2969003,2
2969004,2
2969005,2
2969008,2
2969009,2
2969010,2
2969011,2
2969012,2
2969013,2
2969014,2
2969015,2
2969016,2
2969017,2
2969018,2
2969019,2
2969020,2
2969025,2
2969028,2
2969029,2
2969030,2
2969069,2
2969071,2
2969076,2
2969077,2
2969078,2
2969079,2
2969080,2
2969081,2
2969082,2
2969083,2
2969086,2
2969087,2
2969090,2
2969095,2
2969096,2
2969100,2
2969101,2
2969115,2
2969116,2
2969120,2
2969123,2
2969124,2
2969150,2
2969151,2
2969152,2
2969153,2
2969160,2
2969161,2
2969165,2
2969166,2
2969167,2
2969168,2
2969170,2
2969171,2
2969200,2
2969210,2
2969211,2
2969220,2
2969221,2
2969230,2
2969231,2
2969232,2
2969233,2
2969234,2
2969235,2
2969237,2
2969240,2
2969245,2
2969248,2
2969250,2
2969255,2
2969256,2
2969257,2
2969400,2
2969410,2
2969415,2
2969417,2
2969420,2
2969425,2
2969430,2
2969435,2
2969437,2
2969439,2
2969440,2
2969441,2
2969442,2
2969450,2
2969451,2
2969452,2
2969453,2
2969460,2
2969500,2
2969501,2
2969510,2
2969520,2
2969550,2
2997110,2
2997115,2
2997120,2
2997200,2
2997210,2
2997250,2
2997251,2
2997252,2
2997253,2
2997510,2
2997515,2
2997517,2
2997520,2
2997525,2
2997580,2
2997585,2
2997586,2
2997587,2
2998200,2
2998220,2
2998225,2
2998250,2
2998300,2
2998310,2
2998311,2
2998315,2
2998320,2
2998325,2
2998327,2
2998328,2
2998330,2
2998331,2
2998332,2
2998333,2
2998340,2
2998343,2
2998345,2
2998346,2
2998347,2
2998450,2
2998451,2
2998454,2
2998500,2
2998502,2
2998504,2
2998505,2
2998510,2
2998511,2
2998520,2
2998521,2
2998522,2
2998523,2
2998524,2
2998530,2
2998540,2
2998547,2
2998548,2
2998550,2
2998551,2
2998552,2
2998553,2
2998555,2
2998556,2
2998557,2
2998558,2
2998560,2
2998561,2
2998562,2
2998564,2
2998565,2
2998566,2
2998610,2
2998701,2
2998702,2
2998705,2
2998710,2
2998715,2
2998720,2
2998730,2
2998735,2
2998736,2
2998737,2
2998738,2
2998740,2
2998750,2
2998751,2
2998800,2
2998801,2
2999100,2
2999110,2
2999111,2
2999112,2
2999140,2
2999150,2
2999151,2
2999460,2
2999461,2
2999470,2
2999471,2
2999472,2
2999473,2
2999474,2
2999475,2
2999480,2
2999850,2
2999900,2
2999910,2
2999920,2
2999921,2
2999922,2
3102400,3
3102450,3
3102500,3
3102550,3
3102600,3
3102650,3
3103045,3
3103050,3
3103055,3
3103060,3
3103070,3
3103075,3
3103090,3
3103100,3
3103110,3
3103140,3
3103150,3
3103190,3
3103300,3
3103350,3
3103400,3
3103410,3
3103420,3
3103430,3
3103440,3
3103450,3
3103460,3
3103465,3
3103470,3
3103480,3
3103490,3
3103500,3
3103520,3
3103530,3
3103550,3
3103560,3
3103570,3
3103580,3
3103600,3
3103620,3
3103700,3
3104500,3
3104600,3
3105800,3
3105850,3
3106100,3
3106500,3
3107050,3
3107200,3
3107250,3
3107300,3
3107350,3
3121100,3
3121190,3
3121200,3
3141300,3
3141310,3
3141500,3
3141800,3
3142500,3
3142600,3
3142800,3
3157100,3
3157200,3
3157210,3
3157300,3
3157500,3
3157600,3
3157700,3
3157800,3
3173100,3
3179010,3
3179020,3
3179060,3
3179080,3
3179110,3
3179140,3
3179160,3
3179180,3
3179200,3
3179220,3
3179230,3
3179240,3
3179250,3
3179270,3
3179280,3
3179290,3
3179300,3
3179310,3
3179330,3
3179350,3
3179390,3
3179400,3
3179410,3
3179440,3
3179500,3
3179520,3
3179530,3
3179560,3
3179570,3
3179580,3
3179590,3
3179600,3
3179610,3
3179650,3
3179670,3
3179700,3
3179710,3
3179730,3
3179750,3
3179790,3
3179800,3
3179820,3
3179880,3
3179890,3
3179900,3
3179910,3
3179920,3
3179950,3
3179960,3
3180100,3
3180110,3
3180120,3
3180130,3
3180140,3
3180190,3
3180200,3
3180250,3
3180300,3
3180400,3
3180410,3
3180500,3
3180510,3
3186500,3
3193100,3
3193110,3
3205050,3
3205100,3
3205200,3
3205220,3
3205230,3
3205290,3
3205300,3
3205600,3
3205650,3
3205660,3
3205700,3
3206050,3
3206080,3
3206100,3
3206150,3
3206200,3
3206230,3
3206250,3
3206500,3
3206610,3
3206620,3
3206630,3
3206640,3
3206700,3
3206720,3
3206800,3
3218050,3
3218100,3
3258200,3
3258310,3
3258350,3
3258500,3
3264500,3
3264800,3
3265005,3
3265010,3
3265020,3
3265030,3
3265040,3
3265050,3
3265070,3
3265100,3
3265300,3
3265600,3
3265601,3
3265650,3
3265680,3
3265700,3
3265750,3
3265810,3
3265815,3
3265910,3
3268030,3
3268050,3
3268100,3
3268130,3
3268150,3
3268210,3
3268220,3
3268250,3
3268270,3
3268300,3
3268310,3
3268500,3
3268900,3
3269300,3
3269500,3
3274030,3
3274050,3
3274080,3
3274100,3
3274110,3
3274120,3
3274130,3
3274140,3
3274150,3
3274800,3
3274830,3
3274850,3
3274855,3
3274900,3
3274950,3
3274960,3
3275010,3
3275050,3
3275080,3
3275100,3
3275130,3
3275140,3
3275150,3
3275200,3
3275210,3
3275220,3
3275250,3
3275270,3
3275280,3
3275290,3
3275400,3
3275450,3
3275500,3
3275700,3
3275750,3
3275800,3
3275880,3
3275900,3
3275910,3
3275950,3
3275990,3
3276100,3
3276150,3
3276200,3
3276300,3
3276320,3
3276800,3
3289050,3
3290500,3
3292100,3
3308100,3
3308300,3
3308400,3
3308600,3
3309300,3
3309400,3
3309700,3
3368100,3
3368110,3
3410100,3
3410500,3
3411100,3
3411300,3
3411500,3
3412700,3
3412800,3
3453100,3
3458100,3
3458200,3
3469050,3
3469100,3
3469150,3
3469200,3
3469210,3
3469300,3
3469400,3
3469900,3
3469910,3
3471100,3
3471200,3
3471300,3
3471400,3
3472200,3
3512100,3
3512400,3
3513300,3
3514800,3
3613010,3
3613050,3
3613060,3
3613150,3
3617100,3
3617110,3
3617120,3
3617130,3
3617800,3
3617805,3
3617810,3
3617811,3
3617812,3
3617813,3
3617814,3
3617820,3
3618051,3
3618052,3
3618053,3
3618090,3
3618110,3
3618115,3
3618120,3
3618121,3
3618130,3
3618150,3
3618200,3
3618500,3
3618600,3
3618700,3
3618710,3
3618711,3
3618715,3
3618720,3
3618721,3
3618722,3
3618730,3
3618731,3
3618740,3
3618950,3
3618951,3
3620000,3
3621100,3
3621200,3
3621400,3
3623100,3
3624200,3
3624201,3
3624250,3
3624400,3
3624500,3
3625000,3
3626000,3
3627000,3
3627001,3
3628050,3
3628300,3
3628400,3
3628401,3
3628700,3
3628701,3
3628900,3
3629000,3
3629001,3
3630100,3
3630300,3
3630600,3
3631100,3
3631110,3
3631210,3
3631215,3
3631500,3
3632400,3
3632401,3
3632450,3
3632800,3
3632801,3
3633100,3
3633120,3
3633121,3
3633122,3
3633123,3
3633160,3
3633180,3
3633190,3
3633300,3
3633301,3
3633310,3
3633320,3
3634100,3
3634110,3
3634140,3
3634150,3
3634160,3
3634200,3
3634210,3
3634220,3
3634320,3
3634340,3
3634350,3
3634360,3
3634370,3
3634380,3
3634400,3
3634450,3
3634500,3
3635010,3
3635030,3
3635035,3
3635040,3
3635041,3
3635050,3
3635060,3
3635100,3
3635101,3
3635300,3
3635301,3
3635310,3
3635320,3
3635330,3
3635340,3
3635350,3
3635360,3
3635402,3
3635403,3
3635408,3
3635410,3
3635420,3
3635430,3
3635440,3
3635450,3
3635451,3
3635550,3
3635551,3
3635600,3
3635610,3
3635650,3
3635651,3
3635660,3
3636100,3
3636150,3
3636200,3
3636201,3
3636202,3
3636500,3
3636501,3
3637150,3
3637152,3
3637180,3
3637204,3
3637205,3
3637210,3
3637380,3
3637390,3
3637400,3
3637700,3
3637770,3
3637771,3
3637772,3
3637773,3
3637774,3
3637775,3
3637790,3
3637800,3
3637810,3
3637815,3
3637900,3
3637910,3
3637911,3
3637950,3
3638010,3
3638050,3
3638051,3
3638120,3
3638150,3
3638200,3
3638210,3
3638215,3
3638219,3
3638700,3
3638900,3
3649010,3
3649012,3
3649014,3
3649020,3
3649030,3
3649031,3
3649040,3
3649050,3
3649110,3
3649120,3
3649130,3
3649140,3
3649150,3
3649151,3
3649160,3
3649210,3
3649211,3
3649240,3
3649241,3
3649242,3
3649250,3
3649251,3
3649255,3
3649310,3
3649311,3
3649312,3
3649315,3
3649320,3
3649321,3
3649322,3
3649325,3
3649409,3
3649410,3
3649411,3
3649412,3
3649413,3
3649414,3
3649416,3
3649418,3
3649419,3
3649420,3
3649421,3
3649422,3
3649423,3
3649424,3
3649430,3
3649440,3
3649449,3
3649450,3
3649455,3
3649459,3
3649460,3
3649461,3
3649465,3
3649510,3
3649511,3
3649515,3
3649610,3
3649614,3
3649617,3
3649618,3
3649619,3
3649630,3
3649640,3
3649850,3
3649855,3
3649860,3
3649870,3
3649900,3
3649901,3
3649902,3
3649903,3
3649904,3
3649905,3
3649906,3
3649950,3
3649960,3
3649965,3
3650150,3
3650202,3
3650205,3
3650220,3
3650221,3
3650250,3
3650270,3
3650280,3
3650285,3
3650310,3
3650320,3
3650321,3
3650330,3
3650335,3
3650340,3
3650341,3
3650350,3
3650355,3
3650359,3
3650360,3
3650370,3
3650380,3
3650385,3
3650410,3
3650415,3
3650430,3
3650450,3
3650455,3
3650460,3
3650470,3
3650471,3
3650475,3
3650477,3
3650480,3
3650481,3
3650485,3
3650488,3
3650510,3
3650511,3
3650520,3
3650525,3
3650526,3
3650530,3
3650535,3
3650540,3
3650545,3
3650610,3
3650620,3
3650630,3
3650634,3
3650635,3
3650640,3
3650645,3
3650649,3
3650650,3
3650690,3
3650710,3
3650720,3
3650730,3
3650740,3
3650745,3
3650750,3
3650755,3
3650760,3
3650765,3
3650810,3
3650811,3
3650820,3
3650840,3
3650860,3
3650870,3
3650875,3
3650880,3
3650881,3
3650885,3
3650890,3
3650910,3
3650912,3
3650920,3
3650924,3
3650925,3
3650928,3
3650930,3
3650940,3
3650941,3
3650970,3
3650990,3
3651300,3
3651309,3
3651400,3
3651408,3
3651410,3
3651520,3
3651530,3
3651535,3
3651550,3
3651650,3
3651660,3
3651670,3
3651678,3
3651680,3
3651720,3
3651800,3
3651805,3
3651806,3
3651807,3
3651860,3
3651865,3
3651870,3
3651900,3
3652010,3
3652020,3
3652030,3
3652039,3
3652040,3
3652050,3
3652060,3
3652065,3
3652068,3
3652080,3
3652089,3
3652110,3
3652115,3
3652120,3
3652130,3
3652135,3
3652200,3
3652210,3
3652220,3
3652230,3
3652320,3
3652350,3
3652410,3
3652419,3
3652450,3
3652455,3
3652500,3
3652600,3
3652610,3
3652630,3
3652660,3
3652810,3
3652850,3
3652870,3
3652879,3
3652880,3
3652890,3
3653110,3
3653120,3
3653180,3
3653181,3
3653250,3
3653350,3
3653352,3
3653400,3
3653450,3
3653510,3
3653550,3
3653620,3
3653710,3
3653770,3
3653910,3
3653950,3
3653955,3
3653980,3
3653985,3
3659009,3
3659100,3
3659105,3
3659500,3
3660105,3
3660109,3
3660200,3
3660201,3
3660600,3
3660602,3
3660700,3
3660730,3
3660900,3
3661300,3
3661600,3
3661601,3
3661700,3
3662100,3
3662150,3
3662200,3
3662300,3
3662400,3
3662500,3
3662550,3
3662600,3
3662650,3
3662655,3
3662700,3
3663700,3
3663800,3
3664100,3
3664102,3
3664150,3
3664160,3
3664600,3
3664800,3
3664802,3
3664804,3
3664905,3
3666020,3
3666050,3
3666100,3
3666200,3
3666250,3
3666300,3
3666400,3
3666401,3
3666500,3
3666505,3
3666600,3
3666700,3
3667050,3
3667060,3
3667400,3
3669050,3
3669310,3
3669350,3
3669520,3
3669600,3
3669630,3
3669700,3
3671810,3
3716400,3
3716500,3
3717100,3
3717600,3
3754010,3
3754100,3
3754200,3
3754300,3
3754410,3
3754420,3
3754430,3
3768500,3
3819100,3
3819150,3
3822100,3
3822500,3
3822600,3
3822650,3
3843100,3
3843500,3
3844100,3
3844150,3
3844200,3
3844300,3
3844400,3
3844450,3
3844460,3
3844465,3
3844800,3
3846500,3
3846510,3
3933900,3
3946200,3
3947100,3
3947700,3
3948100,3
3948300,3
3948350,3
3948400,3
3948600,3
3948700,3
3948800,3
3948850,3
3954510,3
3954520,3
3954530,3
3954540,3
4101200,4
4101250,4
4101300,4
4101400,4
4101450,4
4101451,4
4101455,4
4101460,4
4101500,4
4101501,4
4101550,4
4101560,4
4101600,4
4101700,4
4101800,4
4101900,4
4101901,4
4102100,4
4102110,4
4102200,4
4102400,4
4102740,4
4102750,4
4103200,4
4103250,4
4103300,4
4103400,4
4103450,4
4103451,4
4103500,4
4103505,4
4103520,4
4103530,4
4103540,4
4103550,4
4103560,4
4103570,4
4103600,4
4103601,4
4103602,4
4103610,4
4103615,4
4103620,4
4103621,4
4103622,4
4103630,4
4103631,4
4103632,4
4103633,4
4103635,4
4103650,4
4103700,4
4103710,4
4103750,4
4103751,4
4103800,4
4103810,4
4103820,4
4105050,4
4105060,4
4105300,4
4105310,4
4105450,4
4105700,4
4105705,4
4105710,4
4105720,4
4105800,4
4105805,4
4105810,4
4105820,4
4105830,4
4105850,4
4105851,4
4105852,4
4106500,4
4106600,4
4113300,4
4113301,4
4113302,4
4113303,4
4113304,4
4113305,4
4113306,4
4113307,4
4113308,4
4113309,4
4113310,4
4113315,4
4113320,4
4113321,4
4113330,4
4113340,4
4113350,4
4113351,4
4113355,4
4113360,4
4113361,4
4113362,4
4113363,4
4113364,4
4113365,4
4113400,4
4113401,4
4113402,4
4113404,4
4113405,4
4113406,4
4113409,4
4113410,4
4113420,4
4113500,4
4113600,4
4113900,4
4114615,4
4115080,4
4115081,4
4115082,4
4115100,4
4115101,4
4115102,4
4115105,4
4115106,4
4115200,4
4115201,4
4115202,4
4115203,4
4115204,4
4115205,4
4115206,4
4115210,4
4115211,4
4115220,4
4115221,4
4115222,4
4115223,4
4115224,4
4115225,4
4115226,4
4115230,4
4115231,4
4115235,4
4115236,4
4115240,4
4115241,4
4115250,4
4115260,4
4115261,4
4115262,4
4115270,4
4115280,4
4115281,4
4115282,4
4115290,4
4115300,4
4115301,4
4115305,4
4115310,4
4115311,4
4115320,4
4115321,4
4115322,4
4115330,4
4115331,4
4115332,4
4115333,4
4115340,4
4115344,4
4115345,4
4115346,4
4115347,4
4115348,4
4115349,4
4115350,4
4115351,4
4115400,4
4115401,4
4115402,4
4115403,4
4115410,4
4115450,4
4115451,4
4115600,4
4115700,4
4116150,4
4116170,4
4116180,4
4116181,4
4116182,4
4116183,4
4116184,4
4116185,4
4116186,4
4116187,4
4116188,4
4116189,4
4116190,4
4116191,4
4116192,4
4116193,4
4116200,4
4116201,4
4116300,4
4116301,4
4116302,4
4116310,4
4116311,4
4116320,4
4116325,4
4116330,4
4116331,4
4116332,4
4116333,4
4116335,4
4116340,4
4116350,4
4116351,4
4116360,4
4116370,4
4116400,4
4116401,4
4116402,4
4116405,4
4116406,4
4116407,4
4116450,4
4116451,4
4116452,4
4116460,4
4116461,4
4116470,4
4116471,4
4116480,4
4116481,4
4118100,4
4118105,4
4118110,4
4118200,4
4118220,4
4118300,4
4118310,4
4118315,4
4118317,4
4118320,4
4118400,4
4118410,4
4118420,4
4118440,4
4118450,4
4118800,4
4118850,4
4118900,4
4119050,4
4119070,4
4119080,4
4119090,4
4119100,4
4119101,4
4119150,4
4119170,4
4119200,4
4119201,4
4119210,4
4119220,4
4119230,4
4119250,4
4119251,4
4119252,4
4119260,4
4119261,4
4119262,4
4119263,4
4119264,4
4119265,4
4119270,4
4119271,4
4119280,4
4119281,4
4119282,4
4119283,4
4119285,4
4119286,4
4119288,4
4119290,4
4119295,4
4119300,4
4119310,4
4119311,4
4119312,4
4119313,4
4119315,4
4119317,4
4119318,4
4119321,4
4119322,4
4119325,4
4119327,4
4119400,4
4119401,4
4119410,4
4119430,4
4119431,4
4119440,4
4119441,4
4119442,4
4119445,4
4119447,4
4119450,4
4119451,4
4119452,4
4119453,4
4119454,4
4119460,4
4119461,4
4119500,4
4119510,4
4119600,4
4119650,4
4119800,4
4120100,4
4120110,4
4120111,4
4120112,4
4120120,4
4120121,4
4120125,4
4120200,4
4120201,4
4120202,4
4120210,4
4120220,4
4120300,4
4120301,4
4120310,4
4120311,4
4120320,4
4120321,4
4120322,4
4120330,4
4120331,4
4120800,4
4120900,4
4120902,4
4120903,4
4120950,4
4120951,4
4120952,4
4120953,4
4120955,4
4120956,4
4120960,4
4121100,4
4121101,4
4121102,4
4121110,4
4121111,4
4121120,4
4121121,4
4121125,4
4121126,4
4121130,4
4121131,4
4121140,4
4121141,4
4121142,4
4121145,4
4121146,4
4121147,4
4121150,4
4121160,4
4121161,4
4121162,4
4121300,4
4121301,4
4121304,4
4121310,4
4121311,4
4121320,4
4121321,4
4121330,4
4121340,4
4121341,4
4121350,4
4121400,4
4121401,4
4121420,4
4121430,4
4121431,4
4121800,4
4121801,4
4121802,4
4122100,4
4122101,4
4122105,4
4122110,4
4122111,4
4122120,4
4122130,4
4122131,4
4122132,4
4122133,4
4122134,4
4122140,4
4122141,4
4122150,4
4122151,4
4122152,4
4122153,4
4122154,4
4122155,4
4122160,4
4122165,4
4122170,4
4122180,4
4122190,4
4122200,4
4122201,4
4122210,4
4122211,4
4122212,4
4122220,4
4122221,4
4122222,4
4122230,4
4122240,4
4122250,4
4122251,4
4122255,4
4122260,4
4122270,4
4122271,4
4122280,4
4122281,4
4122300,4
4122301,4
4122350,4
4122351,4
4122352,4
4122360,4
4122370,4
4122600,4
4122601,4
4122602,4
4122603,4
4122610,4
4122620,4
4122630,4
4122635,4
4122636,4
4122637,4
4122638,4
4122639,4
4122650,4
4122700,4
4122701,4
4122710,4
4122900,4
4122901,4
4122902,4
4122903,4
4123050,4
4123060,4
4123061,4
4123062,4
4123063,4
4123070,4
4123080,4
4123081,4
4123082,4
4123083,4
4123085,4
4123090,4
4123095,4
4123100,4
4123110,4
4123111,4
4123120,4
4123130,4
4123131,4
4123135,4
4123136,4
4123137,4
4123140,4
4123150,4
4123200,4
4123201,4
4123202,4
4123205,4
4123206,4
4123207,4
4123208,4
4123209,4
4123210,4
4123220,4
4123225,4
4123230,4
4123235,4
4123240,4
4123245,4
4123250,4
4123251,4
4123252,4
4123255,4
4123260,4
4123265,4
4123268,4
4123270,4
4123271,4
4123272,4
4123275,4
4123277,4
4123278,4
4123280,4
4123290,4
4123300,4
4123301,4
4123310,4
4123320,4
4123330,4
4123331,4
4123335,4
4123337,4
4123340,4
4123341,4
4123345,4
4123347,4
4123350,4
4123351,4
4123352,4
4123355,4
4123357,4
4123360,4
4123365,4
4123370,4
4123375,4
4123380,4
4123381,4
4123382,4
4123385,4
4123400,4
4123510,4
4123550,4
4123810,4
4123811,4
4123850,4
4125010,4
4125020,4
4125025,4
4125026,4
4125027,4
4125028,4
4125050,4
4125055,4
4125060,4
4125061,4
4125062,4
4125063,4
4125064,4
4125065,4
4125070,4
4125075,4
4125080,4
4125100,4
4125110,4
4125200,4
4125205,4
4125210,4
4125500,4
4125550,4
4125551,4
4125552,4
4125555,4
4125560,4
4125561,4
4125565,4
4125570,4
4125580,4
4125800,4
4125801,4
4125802,4
4125803,4
4125804,4
4125810,4
4125900,4
4125901,4
4125902,4
4125903,4
4125904,4
4125910,4
4125911,4
4125915,4
4125917,4
4125918,4
4125920,4
4125925,4
4125930,4
4125940,4
4125941,4
4125942,4
4125943,4
4125944,4
4125950,4
4126100,4
4126150,4
4126300,4
4126301,4
4126350,4
4126351,4
4126352,4
4126700,4
4126701,4
4126702,4
4126750,4
4126800,4
4126801,4
4126802,4
4126803,4
4126804,4
4126805,4
4126806,4
4126810,4
4126815,4
4126850,4
4126851,4
4127100,4
4127150,4
4127200,4
4127201,4
4127202,4
4127310,4
4127400,4
4127500,4
4127501,4
4127502,4
4127503,4
4127600,4
4127610,4
4127700,4
4127701,4
4127800,4
4127910,4
4127920,4
4127930,4
4131030,4
4131031,4
4132010,4
4132100,4
4132200,4
4132300,4
4132800,4
4132900,4
4133100,4
4133200,4
4133250,4
4133260,4
4133300,4
4133400,4
4133401,4
4133450,4
4133500,4
4133501,4
4133550,4
4133650,4
4133651,4
4133652,4
4133700,4
4133701,4
4133750,4
4133751,4
4133800,4
4133801,4
4134300,4
4134350,4
4134400,4
4134500,4
4134501,4
4134600,4
4134700,4
4134800,4
4135100,4
4135200,4
4135201,4
4135205,4
4135210,4
4135215,4
4135300,4
4135400,4
4135500,4
4135800,4
4136300,4
4136301,4
4136400,4
4136411,4
4136500,4
4143300,4
4143310,4
4143500,4
4143550,4
4143710,4
4143750,4
4143770,4
4143790,4
4146050,4
4146080,4
4146081,4
4146082,4
4146083,4
4146085,4
4146100,4
4146110,4
4146111,4
4146112,4
4146115,4
4146120,4
4146130,4
4146140,4
4146141,4
4146145,4
4146150,4
4146155,4
4146160,4
4146161,4
4146165,4
4146170,4
4146175,4
4146180,4
4146185,4
4146190,4
4146195,4
4146200,4
4146210,4
4146220,4
4146230,4
4146250,4
4146270,4
4146280,4
4146281,4
4146300,4
4146310,4
4146320,4
4146330,4
4146340,4
4146350,4
4146360,4
4146370,4
4146380,4
4146390,4
4146400,4
4146401,4
4146410,4
4146610,4
4146630,4
4146650,4
4146670,4
4146700,4
4146710,4
4146900,4
4146901,4
4146910,4
4146920,4
4146950,4
4147010,4
4147011,4
4147030,4
4147031,4
4147050,4
4147051,4
4147060,4
4147061,4
4147110,4
4147111,4
4147210,4
4147310,4
4147320,4
4147330,4
4147340,4
4147360,4
4147380,4
4147381,4
4147382,4
4147410,4
4147440,4
4147450,4
4147460,4
4147461,4
4147462,4
4147463,4
4147465,4
4147470,4
4147475,4
4147480,4
4147490,4
4147491,4
4147500,4
4147501,4
4147502,4
4147505,4
4147510,4
4147540,4
4147600,4
4147601,4
4147605,4
4147606,4
4147650,4
4147651,4
4147700,4
4147701,4
4147702,4
4147703,4
4147704,4
4147710,4
4147715,4
4147720,4
4147721,4
4147725,4
4147726,4
4147810,4
4147900,4
4147901,4
4147902,4
4147903,4
4147904,4
4147905,4
4147907,4
4147950,4
4148070,4
4148090,4
4148091,4
4148092,4
4148110,4
4148120,4
4148121,4
4148122,4
4148125,4
4148210,4
4148230,4
4148231,4
4148232,4
4148300,4
4148310,4
4148320,4
4148321,4
4148325,4
4148410,4
4148530,4
4148535,4
4148540,4
4148541,4
4148545,4
4148546,4
4148550,4
4148570,4
4148610,4
4148650,4
4148655,4
4148720,4
4148750,4
4148855,4
4149110,4
4149120,4
4149121,4
4149122,4
4149123,4
4149300,4
4149301,4
4149310,4
4149350,4
4149355,4
4149360,4
4149400,4
4149401,4
4149405,4
4149410,4
4149411,4
4149412,4
4149413,4
4149415,4
4149420,4
4149421,4
4149430,4
4149440,4
4149441,4
4149510,4
4149610,4
4149630,4
4149631,4
4149632,4
4149670,4
4149680,4
4149681,4
4149682,4
4149690,4
4149691,4
4149710,4
4149711,4
4149780,4
4149781,4
4149810,4
4149850,4
4149851,4
4149910,4
4149940,4
4149941,4
4149950,4
4149955,4
4149960,4
4149965,4
4150250,4
4150280,4
4150281,4
4150282,4
4150283,4
4150300,4
4150310,4
4150311,4
4150315,4
4150320,4
4150330,4
4150331,4
4150400,4
4150410,4
4150450,4
4150451,4
4150452,4
4150460,4
4150461,4
4150462,4
4150465,4
4150470,4
4150471,4
4150475,4
4150500,4
4150501,4
4150502,4
4150503,4
4150505,4
4150507,4
4150509,4
4150510,4
4150515,4
4150585,4
4150600,4
4150601,4
4150605,4
4150670,4
4150680,4
4150681,4
4150682,4
4150700,4
4150800,4
4150850,4
4150935,4
4151300,4
4151400,4
4151410,4
4151420,4
4151421,4
4151500,4
4151510,4
4151511,4
4151512,4
4151513,4
4151514,4
4151515,4
4151600,4
4151610,4
4151620,4
4151650,4
4151651,4
4151800,4
4151801,4
4151802,4
4151803,4
4151804,4
4151805,4
4152050,4
4152100,4
4152101,4
4152103,4
4152110,4
4152120,4
4152200,4
4152201,4
4152202,4
4152300,4
4152301,4
4152400,4
4152450,4
4152460,4
4152465,4
4152466,4
4152467,4
4152470,4
4152500,4
4152550,4
4152551,4
4152552,4
4152553,4
4152560,4
4152570,4
4152580,4
4152590,4
4152600,4
4152601,4
4152602,4
4152610,4
4152620,4
4152650,4
4152651,4
4152652,4
4152660,4
4152700,4
4152701,4
4152800,4
4152900,4
4185050,4
4185051,4
4185052,4
4185053,4
4185100,4
4185101,4
4185150,4
4185151,4
4185152,4
4185200,4
4185201,4
4185250,4
4185251,4
4185252,4
4185300,4
4185301,4
4185350,4
4185400,4
4185450,4
4185500,4
4185550,4
4185600,4
4185650,4
4185700,4
4186100,4
4186200,4
4186300,4
4186400,4
4186900,4
4201010,4
4201050,4
4203050,4
4203051,4
4203060,4
4203070,4
4203080,4
4203150,4
4203151,4
4203152,4
4203160,4
4203165,4
4203170,4
4203200,4
4203201,4
4203202,4
4203210,4
4203215,4
4203217,4
4203220,4
4203250,4
4203300,4
4203310,4
4203320,4
4203330,4
4203335,4
4203340,4
4203400,4
4203410,4
4203420,4
4203425,4
4203500,4
4203501,4
4203502,4
4203503,4
4203505,4
4203510,4
4203520,4
4203530,4
4203535,4
4203700,4
4203740,4
4203745,4
4203750,4
4203755,4
4203760,4
4203770,4
4203780,4
4203785,4
4203790,4
4203800,4
4203810,4
4203820,4
4203850,4
4203855,4
4203857,4
4203860,4
4203870,4
4203900,4
4203901,4
4203910,4
4203911,4
4203915,4
4204010,4
4204050,4
4204100,4
4204500,4
4204900,4
4205100,4
4205110,4
4205120,4
4205130,4
4205140,4
4205200,4
4205210,4
4206600,4
4206601,4
4207050,4
4207100,4
4207130,4
4207150,4
4207160,4
4207180,4
4207190,4
4207200,4
4207220,4
4207250,4
4207300,4
4207305,4
4207310,4
4207320,4
4207321,4
4207330,4
4207350,4
4207380,4
4207390,4
4207600,4
4207650,4
4207710,4
4207750,4
4207770,4
4207800,4
4207810,4
4207820,4
4207830,4
4207850,4
4207860,4
4207880,4
4207900,4
4207910,4
4207950,4
4208005,4
4208022,4
4208025,4
4208030,4
4208040,4
4208041,4
4208042,4
4208043,4
4208044,4
4208050,4
4208051,4
4208060,4
4208065,4
4208070,4
4208072,4
4208073,4
4208090,4
4208093,4
4208094,4
4208095,4
4208096,4
4208100,4
4208105,4
4208110,4
4208120,4
4208125,4
4208126,4
4208130,4
4208132,4
4208133,4
4208135,4
4208140,4
4208141,4
4208145,4
4208147,4
4208150,4
4208155,4
4208156,4
4208157,4
4208158,4
4208159,4
4208160,4
4208165,4
4208167,4
4208168,4
4208169,4
4208170,4
4208175,4
4208180,4
4208181,4
4208190,4
4208195,4
4208200,4
4208210,4
4208220,4
4208221,4
4208225,4
4208226,4
4208227,4
4208230,4
4208235,4
4208236,4
4208237,4
4208240,4
4208245,4
4208247,4
4208250,4
4208251,4
4208252,4
4208255,4
4208256,4
4208258,4
4208260,4
4208265,4
4208267,4
4208270,4
4208271,4
4208272,4
4208274,4
4208275,4
4208280,4
4208282,4
4208283,4
4208285,4
4208287,4
4208288,4
4208289,4
4208290,4
4208295,4
4208297,4
4208298,4
4208300,4
4208305,4
4208307,4
4208308,4
4208309,4
4208310,4
4208311,4
4208315,4
4208316,4
4208317,4
4208320,4
4208325,4
4208326,4
4208327,4
4208330,4
4208333,4
4208335,4
4208338,4
4208340,4
4208345,4
4208346,4
4208347,4
4208350,4
4208353,4
4208355,4
4208356,4
4208357,4
4208358,4
4208360,4
4208365,4
4208366,4
4208370,4
4208371,4
4208372,4
4208376,4
4208378,4
4208379,4
4208380,4
4208383,4
4208385,4
4208386,4
4208389,4
4208395,4
4208397,4
4208399,4
4208400,4
4208410,4
4208415,4
4208420,4
4208421,4
4208422,4
4208425,4
4208426,4
4208427,4
4208430,4
4208431,4
4208433,4
4208440,4
4208441,4
4208445,4
4208446,4
4208447,4
4208448,4
4208450,4
4208451,4
4208452,4
4208453,4
4208455,4
4208456,4
4208457,4
4208458,4
4208460,4
4208461,4
4208462,4
4208465,4
4208467,4
4208468,4
4208469,4
4208470,4
4208471,4
4208472,4
4208475,4
4208477,4
4208480,4
4208485,4
4208487,4
4208490,4
4208491,4
4208492,4
4208495,4
4208500,4
4208501,4
4208505,4
4208507,4
4208510,4
4208515,4
4208516,4
4208520,4
4208527,4
4208528,4
4208529,4
4208530,4
4208534,4
4208536,4
4208540,4
4208541,4
4208544,4
4208545,4
4208546,4
4208547,4
4208548,4
4208549,4
4208550,4
4208555,4
4208558,4
4208560,4
4208561,4
4208562,4
4208565,4
4208567,4
4208570,4
4208571,4
4208575,4
4208578,4
4208580,4
4208583,4
4208584,4
4208585,4
4208588,4
4208590,4
4208591,4
4208592,4
4208595,4
4208596,4
4208610,4
4208620,4
4208621,4
4208622,4
4208623,4
4208624,4
4208625,4
4208626,4
4208627,4
4208628,4
4208629,4
4208630,4
4208635,4
4208637,4
4208638,4
4208640,4
4208641,4
4208645,4
4208646,4
4208647,4
4208648,4
4208649,4
4208650,4
4208651,4
4208655,4
4208657,4
4208658,4
4208660,4
4208661,4
4208662,4
4208663,4
4208664,4
4208665,4
4208666,4
4208671,4
4208673,4
4208675,4
4208676,4
4208680,4
4208681,4
4208682,4
4208683,4
4208684,4
4208687,4
4208688,4
4208689,4
4208690,4
4208691,4
4208692,4
4208693,4
4208699,4
4208700,4
4208701,4
4208703,4
4208704,4
4208705,4
4208710,4
4208715,4
4208720,4
4208725,4
4208726,4
4208727,4
4208728,4
4208729,4
4208730,4
4208733,4
4208734,4
4208735,4
4208740,4
4208745,4
4208746,4
4208747,4
4208750,4
4208752,4
4208755,4
4208757,4
4208760,4
4208761,4
4208762,4
4208763,4
4208764,4
4208765,4
4208770,4
4208771,4
4208773,4
4208775,4
4208777,4
4208778,4
4208780,4
4208781,4
4208785,4
4208788,4
4208792,4
4208793,4
4208797,4
4208798,4
4208799,4
4208810,4
4208820,4
4208821,4
4208822,4
4208825,4
4208826,4
4208827,4
4208830,4
4208831,4
4208832,4
4208833,4
4208834,4
4208835,4
4208843,4
4208850,4
4208851,4
4208852,4
4208853,4
4208854,4
4208855,4
4208857,4
4208858,4
4208860,4
4208861,4
4208862,4
4208863,4
4208864,4
4208865,4
4208867,4
4208868,4
4208870,4
4208871,4
4208880,4
4208881,4
4208882,4
4208883,4
4208885,4
4208886,4
4208887,4
4208888,4
4208889,4
4208890,4
4208891,4
4208893,4
4208894,4
4208895,4
4208896,4
4208897,4
4208898,4
4208899,4
4208910,4
4208914,4
4208915,4
4208916,4
4208917,4
4208918,4
4208919,4
4208920,4
4208921,4
4208922,4
4208923,4
4208924,4
4208925,4
4208926,4
4208927,4
4208930,4
4208940,4
4208941,4
4208942,4
4208943,4
4208945,4
4208946,4
4208947,4
4208950,4
4208955,4
4208956,4
4208960,4
4208962,4
4208963,4
4208964,4
4208970,4
4208971,4
4208975,4
4208977,4
4208978,4
4208979,4
4208980,4
4208983,4
4208984,4
4208986,4
4208987,4
4208988,4
4208989,4
4209100,4
4209110,4
4209111,4
4209112,4
4209150,4
4209155,4
4209200,4
4209400,4
4209401,4
4209402,4
4209405,4
4209410,4
4209500,4
4209550,4
4209580,4
4209600,4
4209805,4
4209806,4
4209810,4
4209850,4
4210450,4
4210650,4
4211310,4
4211315,4
4211750,4
4212350,4
4212700,4
4212710,4
4212720,4
4213010,4
4213011,4
4213020,4
4213021,4
4213025,4
4213030,4
4213031,4
4213032,4
4213033,4
4213040,4
4213041,4
4213042,4
4213043,4
4213044,4
4213045,4
4213046,4
4213047,4
4213050,4
4213051,4
4213055,4
4213056,4
4213057,4
4213060,4
4213070,4
4213071,4
4213075,4
4213080,4
4213090,4
4213091,4
4213095,4
4213100,4
4213101,4
4213102,4
4213103,4
4213105,4
4213110,4
4213111,4
4213120,4
4213130,4
4213131,4
4213132,4
4213134,4
4213140,4
4213141,4
4213150,4
4213160,4
4213170,4
4213171,4
4213172,4
4213173,4
4213180,4
4213181,4
4213182,4
4213183,4
4213184,4
4213190,4
4213191,4
4213192,4
4213193,4
4213200,4
4213201,4
4213202,4
4213203,4
4213205,4
4213207,4
4213209,4
4213210,4
4213211,4
4213220,4
4213221,4
4213230,4
4213231,4
4213232,4
4213240,4
4213241,4
4213243,4
4213245,4
4213250,4
4213255,4
4213260,4
4213265,4
4213270,4
4213275,4
4213280,4
4213290,4
4213300,4
4213310,4
4213315,4
4213320,4
4213325,4
4213330,4
4213335,4
4213340,4
4213341,4
4213345,4
4213350,4
4213353,4
4213355,4
4213360,4
4213365,4
4213370,4
4213373,4
4213375,4
4213377,4
4213380,4
4213385,4
4213390,4
4213395,4
4213400,4
4213401,4
4213410,4
4213415,4
4213420,4
4213425,4
4213430,4
4213435,4
4213440,4
4213450,4
4213455,4
4213460,4
4213465,4
4213470,4
4213480,4
4213485,4
4213495,4
4213500,4
4213510,4
4213511,4
4213512,4
4213520,4
4213530,4
4213531,4
4213540,4
4213550,4
4213551,4
4213552,4
4213555,4
4213557,4
4213560,4
4213561,4
4213562,4
4213563,4
4213564,4
4213565,4
4213566,4
4213567,4
4213569,4
4213570,4
4213571,4
4213572,4
4213573,4
4213574,4
4213575,4
4213576,4
4213577,4
4213580,4
4213590,4
4213591,4
4213592,4
4213593,4
4213594,4
4213595,4
4213596,4
4213600,4
4213601,4
4213603,4
4213605,4
4213610,4
4213620,4
4213630,4
4213635,4
4213640,4
4213645,4
4213650,4
4213660,4
4213665,4
4213670,4
4213675,4
4213680,4
4213681,4
4213682,4
4213683,4
4213684,4
4213690,4
4213700,4
4213710,4
4213711,4
4213712,4
4213715,4
4213720,4
4213730,4
4213740,4
4213745,4
4213750,4
4213760,4
4213765,4
4213770,4
4213780,4
4213790,4
4213795,4
4213800,4
4213801,4
4213802,4
4213803,4
4213804,4
4213810,4
4213815,4
4213820,4
4213825,4
4213830,4
4213835,4
4213840,4
4213845,4
4213850,4
4213860,4
4213865,4
4213870,4
4213875,4
4213880,4
4213885,4
4213890,4
4213900,4
4213905,4
4213910,4
4213911,4
4213920,4
4213925,4
4213930,4
4213935,4
4213940,4
4213945,4
4213950,4
4213955,4
4213956,4
4213960,4
4213970,4
4213975,4
4214005,4
4214010,4
4214020,4
4214025,4
4214030,4
4214035,4
4214036,4
4214040,4
4214050,4
4214051,4
4214060,4
4214070,4
4214075,4
4214080,4
4214090,4
4214091,4
4214100,4
4214105,4
4214106,4
4214107,4
4214200,4
4214210,4
4214220,4
4214250,4
4214260,4
4214261,4
4214262,4
4214263,4
4214264,4
4214265,4
4214270,4
4214271,4
4214275,4
4214280,4
4214281,4
4214285,4
4214286,4
4214287,4
4214290,4
4214295,4
4214297,4
4214298,4
4214300,4
4214301,4
4214305,4
4214310,4
4214311,4
4214320,4
4214330,4
4214350,4
4214351,4
4214360,4
4214380,4
4214390,4
4214400,4
4214410,4
4214420,4
4214430,4
4214440,4
4214450,4
4214460,4
4214470,4
4214475,4
4214480,4
4214490,4
4214500,4
4214505,4
4214507,4
4214510,4
4214513,4
4214515,4
4214517,4
4214519,4
4214520,4
4214530,4
4214531,4
4214540,4
4214550,4
4214551,4
4214555,4
4214560,4
4214565,4
4214570,4
4214580,4
4214590,4
4214610,4
4214620,4
4214621,4
4214650,4
4214655,4
4214670,4
4214680,4
4214690,4
4214700,4
4214701,4
4214750,4
4214760,4
4214770,4
4214775,4
4214800,4
4214801,4
4214810,4
4214820,4
4214830,4
4214900,4
4214905,4
4214910,4
4214920,4
4214930,4
4214940,4
4214943,4
4214945,4
4214950,4
4215010,4
4215011,4
4215030,4
4215040,4
4215050,4
4215051,4
4215070,4
4215090,4
4215100,4
4215101,4
4215102,4
4215103,4
4215110,4
4215120,4
4215125,4
4215130,4
4215150,4
4215160,4
4215165,4
4215180,4
4215181,4
4215185,4
4215200,4
4215210,4
4215220,4
4215230,4
4215250,4
4215260,4
4215270,4
4215300,4
4215320,4
4215330,4
4215335,4
4215340,4
4215350,4
4215400,4
4215425,4
4215426,4
4215430,4
4215440,4
4215450,4
4215460,4
4215610,4
4215650,4
4215660,4
4215670,4
4215675,4
4215680,4
4215690,4
4215700,4
4215705,4
4215706,4
4215710,4
4215750,4
4215800,4
4215900,4
4220100,4
4220200,4
4220201,4
4220210,4
4220300,4
4220310,4
4220400,4
4220401,4
4220402,4
4220410,4
4220420,4
4220421,4
4220430,4
4220431,4
4220432,4
4220500,4
4220501,4
4220502,4
4220510,4
4231200,4
4231250,4
4231590,4
4231600,4
4231601,4
4231602,4
4231610,4
4231620,4
4231621,4
4231630,4
4231650,4
4231680,4
4231800,4
4232010,4
4232030,4
4232300,4
4232600,4
4232700,4
4232750,4
4232800,4
4232890,4
4232900,4
4234010,4
4234100,4
4234300,4
4234400,4
4234500,4
4234550,4
4234600,4
4234650,4
4234670,4
4234680,4
4234700,4
4234701,4
4234720,4
4234850,4
4234900,4
4235100,4
4235101,4
4235190,4
4235191,4
4235200,4
4235300,4
4235301,4
4235400,4
4235490,4
4235500,4
4236010,4
4236050,4
4236100,4
4236300,4
4236500,4
4236600,4
4236700,4
4243040,4
4243050,4
4243055,4
4243070,4
4243080,4
4243100,4
4243101,4
4243140,4
4243141,4
4243150,4
4243151,4
4243160,4
4243200,4
4243210,4
4243215,4
4243220,4
4243230,4
4243240,4
4243250,4
4243270,4
4243275,4
4243280,4
4243290,4
4243300,4
4243301,4
4243310,4
4243315,4
4243320,4
4243330,4
4243340,4
4243360,4
4244350,4
4244370,4
4244400,4
4244410,4
4244420,4
4244430,4
4244440,4
4244450,4
4244460,4
4244500,4
4244501,4
4244510,4
4244520,4
4244550,4
4244580,4
4244600,4
4244605,4
4244610,4
4244620,4
4244630,4
4244635,4
4244640,4
4244650,4
4244655,4
4244660,4
4244710,4
4244720,4
4244730,4
4244740,4
4244750,4
4244760,4
4244770,4
4244780,4
4244785,4
4244788,4
4244790,4
4244792,4
4244795,4
4244800,4
4244810,4
4244820,4
4244830,4
4244840,4
4244850,4
4244860,4
4244870,4
4244880,4
4244890,4
4244900,4
4244910,4
4244915,4
4244920,4
4244930,4
4244940,4
4244945,4
4244950,4
4244960,4
4244970,4
4244975,4
4244980,4
4244985,4
4244990,4
4244995,4
4245010,4
4245100,4
4245210,4
4245250,4
4245280,4
4245295,4
4245300,4
4245500,4
4245550,4
4245650,4
4245820,4
4245840,4
4245860,4
4245880,4
4245890,4
4245900,4
4245920,4
4245950,4
4247100,4
4247101,4
4247110,4
4247500,4
4247700,4
4280900,4
4280950,4
4281050,4
4281100,4
4281150,4
4281500,4
4281600,4
4281800,4
4281810,4
4281900,4
4351110,4
4351130,4
4351150,4
4351200,4
4351410,4
4351420,4
4351710,4
4351900,4
4352100,4
4353300,4
4355050,4
4355080,4
4355100,4
4355110,4
4355200,4
4355280,4
4355300,4
4355310,4
4355320,4
4355340,4
4355350,4
4355400,4
4355410,4
4355450,4
4355500,4
4355510,4
4355600,4
4355650,4
4355700,4
4355750,4
4355800,4
4355810,4
4355950,4
4357110,4
4358050,4
4358110,4
4358120,4
4358202,4
4358210,4
4358220,4
4358300,4
4358320,4
4358500,4
4358510,4
4358520,4
4358530,4
4358540,4
4358550,4
4358600,4
4358700,4
4358800,4
4361100,4
4362110,4
4362120,4
4362130,4
4362140,4
4362201,4
4362600,4
4363500,4
4382100,4
4382200,4
4382300,4
4382700,4
4383050,4
4456500,4
4462100,4
4462300,4
4462500,4
4462700,4
4463100,4
4466800,4
4568100,4
4568150,4
4568200,4
4568710,4
4568720,4
4584100,4
4584200,4
4584210,4
4584280,4
4584290,4
4584300,4
4584400,4
4584450,4
4584500,4
4584700,4
4584800,4
4584900,4
4589500,4
4657700,4
4657750,4
4664200,4
4664800,4
4665100,4
4769200,4
4769250,4
4771050,4
4771210,4
4771800,4
4772040,4
4772050,4
4772140,4
4772150,4
4772210,4
4772250,4
4772300,4
4772610,4
4773050,4
4773100,4
4773800,4
4789700,4
4873100,4
4873210,4
4873230,4
4873250,4
4873280,4
4873310,4
4873410,4
4873450,4
4874050,4
4874080,4
4874100,4
4874120,4
4874150,4
4874180,4
4874190,4
4874200,4
4874210,4
4874220,4
4874230,4
4874250,4
4874310,4
4874330,4
4874410,4
4874430,4
4874450,4
4874710,4
4874730,4
4874750,4
4874770,4
4875110,4
4875111,4
4875120,4
4875125,4
4875130,4
4875140,4
4875160,4
4875210,4
4875250,4
4875310,4
4875330,4
4875510,4
4875710,4
4876500,4
4876800,4
4977010,4
4977060,4
4977150,4
4977220,4
4977310,4
4977350,4
4977410,4
4977710,4
4977750,4
4977800,4
4977810,4
4978650,4
4997050,4
5101020,5
5101040,5
5101050,5
5101060,5
5101070,5
5101071,5
5101075,5
5101080,5
5101090,5
5101100,5
5101101,5
5101109,5
5101110,5
5101111,5
5101112,5
5101113,5
5101115,5
5101116,5
5101117,5
5101118,5
5101119,5
5101120,5
5101121,5
5101123,5
5101124,5
5101125,5
5101130,5
5101161,5
5101162,5
5101163,5
5101164,5
5101165,5
5101170,5
5101180,5
5101181,5
5101182,5
5101183,5
5101185,5
5101190,5
5101191,5
5101200,5
5101201,5
5101203,5
5101204,5
5101205,5
5101206,5
5101207,5
5101208,5
5101209,5
5101250,5
5101251,5
5101253,5
5101260,5
5101285,5
5101286,5
5101287,5
5101288,5
5101289,5
5101290,5
5101291,5
5101300,5
5101301,5
5101303,5
5101305,5
5101307,5
5101308,5
5101310,5
5101320,5
5101360,5
5101365,5
5101380,5
5101381,5
5101385,5
5101390,5
5101395,5
5101396,5
5101397,5
5101400,5
5101405,5
5101410,5
5101411,5
5101412,5
5101413,5
5101414,5
5101415,5
5101416,5
5101420,5
5101430,5
5101440,5
5101450,5
5101451,5
5101452,5
5101453,5
5101455,5
5101456,5
5101457,5
5101460,5
5101465,5
5101470,5
5101471,5
5101472,5
5101480,5
5101486,5
5101487,5
5101500,5
5101502,5
5101503,5
5101505,5
5101506,5
5104160,5
5104220,5
5104223,5
5104225,5
5104228,5
5104230,5
5104240,5
5104245,5
5104300,5
5104310,5
5104320,5
5104330,5
5104340,5
5104350,5
5109110,5
5109120,5
5109130,5
5109150,5
5109151,5
5109152,5
5109160,5
5109161,5
5109170,5
5109175,5
5109200,5
5109201,5
5109203,5
5109204,5
5109205,5
5109206,5
5109210,5
5109220,5
5109230,5
5109240,5
5109250,5
5109251,5
5109260,5
5109270,5
5110010,5
5110020,5
5110030,5
5110400,5
5135100,5
5135500,5
5137200,5
5137400,5
5137600,5
5141050,5
5141100,5
5141150,5
5141200,5
5141201,5
5141250,5
5141300,5
5141350,5
5141400,5
5141450,5
5141500,5
5141750,5
5142550,5
5142600,5
5142650,5
5142700,5
5148150,5
5148200,5
5148250,5
5148800,5
5148850,5
5171100,5
5171200,5
5171300,5
5171400,5
5171500,5
5171600,5
5172100,5
5172200,5
5201010,5
5201020,5
5202012,5
5202015,5
5202030,5
5202033,5
5202036,5
5202037,5
5202038,5
5202039,5
5202040,5
5202041,5
5202042,5
5202043,5
5202044,5
5202045,5
5202046,5
5202047,5
5202048,5
5202049,5
5202050,5
5202051,5
5202055,5
5202056,5
5202057,5
5202060,5
5202061,5
5202062,5
5202063,5
5202064,5
5202065,5
5202067,5
5202070,5
5202072,5
5202073,5
5202074,5
5202075,5
5202080,5
5202081,5
5202082,5
5202083,5
5202084,5
5202085,5
5202086,5
5202087,5
5202088,5
5202090,5
5202095,5
5202100,5
5202101,5
5202102,5
5202103,5
5202104,5
5202105,5
5202106,5
5202107,5
5202108,5
5202109,5
5202110,5
5202111,5
5202112,5
5202113,5
5202114,5
5202115,5
5202116,5
5202117,5
5202120,5
5202130,5
5202135,5
5202140,5
5202141,5
5202145,5
5202150,5
5202151,5
5202152,5
5202153,5
5202154,5
5202155,5
5202157,5
5202160,5
5202180,5
5202181,5
5202183,5
5202185,5
5202200,5
5202210,5
5202211,5
5202212,5
5202213,5
5202214,5
5202215,5
5202216,5
5202217,5
5202225,5
5202226,5
5202227,5
5202228,5
5202410,5
5204010,5
5204011,5
5204013,5
5204015,5
5204016,5
5204017,5
5204018,5
5204019,5
5204020,5
5204100,5
5204101,5
5204102,5
5204103,5
5204104,5
5204105,5
5204106,5
5204107,5
5204108,5
5204109,5
5204110,5
5204111,5
5204112,5
5204120,5
5204121,5
5204122,5
5204123,5
5204125,5
5204130,5
5204131,5
5204132,5
5204133,5
5204134,5
5204135,5
5204136,5
5204140,5
5204150,5
5204155,5
5204159,5
5204160,5
5204161,5
5204162,5
5204167,5
5204168,5
5204169,5
5204170,5
5204175,5
5204180,5
5204181,5
5204182,5
5204183,5
5204184,5
5204185,5
5204186,5
5204187,5
5204189,5
5204190,5
5204191,5
5204192,5
5204193,5
5204194,5
5204195,5
5204196,5
5204210,5
5204215,5
5204216,5
5204217,5
5204218,5
5204219,5
5204220,5
5204225,5
5204229,5
5204243,5
5204250,5
5204251,5
5204252,5
5204253,5
5204255,5
5204258,5
5204268,5
5204300,5
5204301,5
5204302,5
5204303,5
5204400,5
5204401,5
5204402,5
5204450,5
5204451,5
5204452,5
5204460,5
5221100,5
5222500,5
5222550,5
5222600,5
5222700,5
5222800,5
5223100,5
5224200,5
5224300,5
5224305,5
5224500,5
5224600,5
5225200,5
5225300,5
5225500,5
5225600,5
5226050,5
5226055,5
5226100,5
5226150,5
5226200,5
5226300,5
5226400,5
5226500,5
5226600,5
5226700,5
5226800,5
5226850,5
5226900,5
5226950,5
5230050,5
5230200,5
5230300,5
5230400,5
5230500,5
5230600,5
5231200,5
5231500,5
5231550,5
5231600,5
5231700,5
5302100,5
5302101,5
5302102,5
5302103,5
5302104,5
5302105,5
5302106,5
5302107,5
5302108,5
5302109,5
5302110,5
5302111,5
5302220,5
5302229,5
5302240,5
5302242,5
5302243,5
5302244,5
5302245,5
5302246,5
5302250,5
5302251,5
5302252,5
5302253,5
5302254,5
5302255,5
5302256,5
5302260,5
5302261,5
5302262,5
5302263,5
5302264,5
5302265,5
5302270,5
5302271,5
5302272,5
5302273,5
5302274,5
5302275,5
5302276,5
5302278,5
5302280,5
5302281,5
5302282,5
5302285,5
5302290,5
5302295,5
5302298,5
5302300,5
5302301,5
5302302,5
5302303,5
5302304,5
5302310,5
5302311,5
5302312,5
5302313,5
5302314,5
5302320,5
5302325,5
5302326,5
5302327,5
5302328,5
5302329,5
5302330,5
5302331,5
5302340,5
5302345,5
5302350,5
5302351,5
5302360,5
5302365,5
5302366,5
5302380,5
5302390,5
5302391,5
5302400,5
5302401,5
5302402,5
5302403,5
5302404,5
5302405,5
5302406,5
5302410,5
5302411,5
5304010,5
5304015,5
5304018,5
5304019,5
5304020,5
5304021,5
5304025,5
5304029,5
5304030,5
5304034,5
5304035,5
5304036,5
5304040,5
5304050,5
5304051,5
5304052,5
5304053,5
5304054,5
5304056,5
5304059,5
5304060,5
5304061,5
5304062,5
5304063,5
5304064,5
5304065,5
5304066,5
5304067,5
5304068,5
5304069,5
5304070,5
5304071,5
5304072,5
5304073,5
5304080,5
5304081,5
5304082,5
5304090,5
5304095,5
5304100,5
5304110,5
5304111,5
5304112,5
5304113,5
5304119,5
5304120,5
5304121,5
5304122,5
5304123,5
5304124,5
5304125,5
5304126,5
5304127,5
5304128,5
5304129,5
5304130,5
5304131,5
5304132,5
5304133,5
5304134,5
5304135,5
5304136,5
5304140,5
5304150,5
5304155,5
5304160,5
5304161,5
5304163,5
5304164,5
5304165,5
5304166,5
5304167,5
5304170,5
5402100,5
5402101,5
5402102,5
5402103,5
5402104,5
5402110,5
5402111,5
5402390,5
5404260,5
5404265,5
5404270,5
5404271,5
5405030,5
5405031,5
5405035,5
5405040,5
5405041,5
5405046,5
5405048,5
5405050,5
5405051,5
5405060,5
5405070,5
5405080,5
5405090,5
5405095,5
5405100,5
5405105,5
5405110,5
5405130,5
5405180,5
5410100,5
5473152,5
5473202,5
5473500,5
5550500,5
5553100,5
5553500,5
5606010,5
5606020,5
5606030,5
5606040,5
5606041,5
5606042,5
5606043,5
5606044,5
5606045,5
5606046,5
5606047,5
5606048,5
5606049,5
5606050,5
5606055,5
5606060,5
5606065,5
5606066,5
5606067,5
5606070,5
5606071,5
5606072,5
5606073,5
5606074,5
5606080,5
5606090,5
5606095,5
5606097,5
5606098,5
5606099,5
5606100,5
5606105,5
5606106,5
5606107,5
5606110,5
5606120,5
5606121,5
5606122,5
5606123,5
5606124,5
5606125,5
5606126,5
5606130,5
5606135,5
5606136,5
5606137,5
5606140,5
5606145,5
5606160,5
5606161,5
5606162,5
5606165,5
5606166,5
5606170,5
5606171,5
5606172,5
5606173,5
5606174,5
5606175,5
5606176,5
5606180,5
5606190,5
5606274,5
5607020,5
5607023,5
5607024,5
5607025,5
5607030,5
5607060,5
5607080,5
5607085,5
5607090,5
5607200,5
5607201,5
5607210,5
5607300,5
5607400,5
5607405,5
5607410,5
5607450,5
5607451,5
5607500,5
5607510,5
5607520,5
5607600,5
5607700,5
5608090,5
5608091,5
5608093,5
5608095,5
5608096,5
5608098,5
5608400,5
5654010,5
5654020,5
5654100,5
5654110,5
5654140,5
5654190,5
5654250,5
5654300,5
5654310,5
5654320,5
5654340,5
5654350,5
5654400,5
5654450,5
5654470,5
5654500,5
5654550,5
5654570,5
5654600,5
5654750,5
5654850,5
5654900,5
5654950,5
5657400,5
5657450,5
5657500,5
5658500,5
5658600,5
5658620,5
5658650,5
5658900,5
5659100,5
5659200,5
5660100,5
5660110,5
5660120,5
5660250,5
5660300,5
5660310,5
5660320,5
5660330,5
5660340,5
5660350,5
5660400,5
5660500,5
5660550,5
5708094,5
5708100,5
5708110,5
5708120,5
5708125,5
5708126,5
5708130,5
5708135,5
5708140,5
5708141,5
5708142,5
5708143,5
5708145,5
5708148,5
5708150,5
5708155,5
5708157,5
5708160,5
5708170,5
5708171,5
5708172,5
5708180,5
5708185,5
5708190,5
5708200,5
5708220,5
5708230,5
5709020,5
5709100,5
5709105,5
5709110,5
5709111,5
5709112,5
5709190,5
5709260,5
5710050,5
5710060,5
5712090,5
5712100,5
5732100,5
5762050,5
5762082,5
5762331,5
5762500,5
5762700,5
5803017,5
5803018,5
5803019,5
5803020,5
5803030,5
5803040,5
5803051,5
5803089,5
5803090,5
5803120,5
5803121,5
5803130,5
5803131,5
5803140,5
5803141,5
5803150,5
5803151,5
5803160,5
5803170,5
5803171,5
5803178,5
5803179,5
5803180,5
5803182,5
5803183,5
5803185,5
5803186,5
5803187,5
5803190,5
5803200,5
5803225,5
5803300,5
5803310,5
5803520,5
5803600,5
5803601,5
5803602,5
5803680,5
5803690,5
5803700,5
5803701,5
5803750,5
5803751,5
5803800,5
5863030,5
5863050,5
5863110,5
5863120,5
5863150,5
5863200,5
5863210,5
5864200,5
5864210,5
5864300,5
5864330,5
5864350,5
5864500,5
5864501,5
5864700,5
5864701,5
5865100,5
5865101,5
5865121,5
5865300,5
5865301,5
5865400,5
5865500,5
5865550,5
5865600,5
5865601,5
5865650,5
5865670,5
5865800,5
5865810,5
5865900,5
5866100,5
5866110,5
5866111,5
5866115,5
5866120,5
5866130,5
5866150,5
5866200,5
5866210,5
5866230,5
5866300,5
5866301,5
5866310,5
5866500,5
5866600,5
5866610,5
5867200,5
5867250,5
5867300,5
5867350,5
5867400,5
5867510,5
5867550,5
5867700,5
5867710,5
5868050,5
5868100,5
5869400,5
5869401,5
5869501,5
5870500,5
5870600,5
5870650,5
5870655,5
5870700,5
5973200,5
5974100,5
5974300,5
5974400,5
5974500,5
6111100,6
6112070,6
6112080,6
6112090,6
6112100,6
6113050,6
6113100,6
6113110,6
6114100,6
6114150,6
6114300,6
6114500,6
6115500,6
6115800,6
6116100,6
6116200,6
6118130,6
6118150,6
6118160,6
6118165,6
6118175,6
6118185,6
6118195,6
6118205,6
6118230,6
6118800,6
6119010,6
6119015,6
6119020,6
6119025,6
6119030,6
6119040,6
6119050,6
6119060,6
6119065,6
6119070,6
6119080,6
6119090,6
6119100,6
6119110,6
6119120,6
6119130,6
6119140,6
6119150,6
6119160,6
6119200,6
6119210,6
6119220,6
6119230,6
6119240,6
6119300,6
6119310,6
6119320,6
6121240,6
6122100,6
6122101,6
6122102,6
6122110,6
6122120,6
6122130,6
6122135,6
6122140,6
6122141,6
6122145,6
6122150,6
6122155,6
6122160,6
6122170,6
6122180,6
6122190,6
6122200,6
6122210,6
6122220,6
6122240,6
6122300,6
6122350,6
6122400,6
6122550,6
6122560,6
6123100,6
6123140,6
6123150,6
6123160,6
6123170,6
6123171,6
6123180,6
6123181,6
6123190,6
6123200,6
6123210,6
6123220,6
6123230,6
6123250,6
6123260,6
6123270,6
6123300,6
6123310,6
6123350,6
6123370,6
6123380,6
6123400,6
6123401,6
6123410,6
6123420,6
6123430,6
6123440,6
6123450,6
6123451,6
6123460,6
6123461,6
6123470,6
6123500,6
6123501,6
6123610,6
6123620,6
6123630,6
6123640,6
6123641,6
6123645,6
6123650,6
6123700,6
6123710,6
6123720,6
6123730,6
6123740,6
6123741,6
6123750,6
6123760,6
6123770,6
6123780,6
6123790,6
6123800,6
6123810,6
6123820,6
6123825,6
6124100,6
6124200,6
6124300,6
6124400,6
6124401,6
6124410,6
6124420,6
6124430,6
6124440,6
6124441,6
6124500,6
6124501,6
6124502,6
6124510,6
6124520,6
6124600,6
6125080,6
6125100,6
6125160,6
6125200,6
6125210,6
6125220,6
6125230,6
6125240,6
6125250,6
6125260,6
6125300,6
6125310,6
6125320,6
6125330,6
6125340,6
6125350,6
6125360,6
6125361,6
6125362,6
6125363,6
6125370,6
6125440,6
6125540,6
6125600,6
6125610,6
6125620,6
6125630,6
6125640,6
6125641,6
6125650,6
6125660,6
6125670,6
6125680,6
6125710,6
6125720,6
6125730,6
6128050,6
6128100,6
6128101,6
6128110,6
6128120,6
6128150,6
6128200,6
6128210,6
6128220,6
6128230,6
6128300,6
6128350,6
6128370,6
6128380,6
6128600,6
6128610,6
6128620,6
6128630,6
6128700,6
6128701,6
6128702,6
6128710,6
6128720,6
6135100,6
6135110,6
6135120,6
6135200,6
6135210,6
6135800,6
6136100,6
6136150,6
6136151,6
6136160,6
6136200,6
6136201,6
6136202,6
6136500,6
6136520,6
6139050,6
6139060,6
6139061,6
6139070,6
6139100,6
6139120,6
6139130,6
6139140,6
6139150,6
6139200,6
6139201,6
6139210,6
6139220,6
6139230,6
6139240,6
6139250,6
6139255,6
6139260,6
6139261,6
6139270,6
6139280,6
6139281,6
6139282,6
6139283,6
6139284,6
6139300,6
6139310,6
6139340,6
6139360,6
6139361,6
6139365,6
6139370,6
6139390,6
6139391,6
6139400,6
6139430,6
6139440,6
6139450,6
6139470,6
6139500,6
6139501,6
6139502,6
6139510,6
6139520,6
6139530,6
6139550,6
6139560,6
6139600,6
6139640,6
6139650,6
6139680,6
6139681,6
6139682,6
6139700,6
6139710,6
6139720,6
6139725,6
6139730,6
6139735,6
6139740,6
6139750,6
6139770,6
6139780,6
6139790,6
6139795,6
6139810,6
6139821,6
6139825,6
6139830,6
6139831,6
6139832,6
6139837,6
6139840,6
6139850,6
6139900,6
6139910,6
6139920,6
6139921,6
6139930,6
6139935,6
6139940,6
6139960,6
6140100,6
6140101,6
6140120,6
6140130,6
6140140,6
6140150,6
6140250,6
6140280,6
6140300,6
6140400,6
6140401,6
6140450,6
6140480,6
6140481,6
6140500,6
6140600,6
6140700,6
6142100,6
6142101,6
6142110,6
6142120,6
6142150,6
6142160,6
6142170,6
6142190,6
6142200,6
6142250,6
6142260,6
6142270,6
6142300,6
6142500,6
6142520,6
6142550,6
6142551,6
6142600,6
6142601,6
6142620,6
6142640,6
6142650,6
6142660,6
6142680,6
6142700,6
6144100,6
6144150,6
6144200,6
6144300,6
6144350,6
6144400,6
6144490,6
6144500,6
6150100,6
6150200,6
6150300,6
6150400,6
6150500,6
6157100,6
6158100,6
6172005,6
6172010,6
6172011,6
6172012,6
6172013,6
6172014,6
6172015,6
6172016,6
6172020,6
6172021,6
6172022,6
6172023,6
6172024,6
6172026,6
6172028,6
6172029,6
6172030,6
6172031,6
6172032,6
6172033,6
6172034,6
6172035,6
6172036,6
6172037,6
6172038,6
6172039,6
6172040,6
6172041,6
6172042,6
6172043,6
6172050,6
6172052,6
6172053,6
6172054,6
6172055,6
6172056,6
6172057,6
6172058,6
6172200,6
6172220,6
6172224,6
6172230,6
6172232,6
6172234,6
6172236,6
6172240,6
6172250,6
6172260,6
6172270,6
6172280,6
6172290,6
6172292,6
6172350,6
6172351,6
6196020,6
6196040,6
6196060,6
6196080,6
6196100,6
6196200,6
6196300,6
6196350,6
6196400,6
6196480,6
6196500,6
6196600,6
6196650,6
6196700,6
6210100,6
6210210,6
6210220,6
6210230,6
6210310,6
6210320,6
6210330,6
6210410,6
6210510,6
6211050,6
6211100,6
6211150,6
6211160,6
6211170,6
6211180,6
6211185,6
6211500,6
6211520,6
6211610,6
6211620,6
6212320,6
6212330,6
6212400,6
6212410,6
6212420,6
6212430,6
6212440,6
6212450,6
6212460,6
6212470,6
6212480,6
6212500,6
6212505,6
6212510,6
6212515,6
6212550,6
6212610,6
6212620,6
6212630,6
6212700,6
6212710,6
6212720,6
6212740,6
6212750,6
6212760,6
6212780,6
6212810,6
6212820,6
6212830,6
6212840,6
6212850,6
6212860,6
6212870,6
6213500,6
6213510,6
6213520,6
6213530,6
6213540,6
6213600,6
6213650,6
6213700,6
6213750,6
6213760,6
6213770,6
6213780,6
6213790,6
6213792,6
6213794,6
6213800,6
6213850,6
6213900,6
6216500,6
6216510,6
6216520,6
6216530,6
6216610,6
6216630,6
6216650,6
6216700,6
6216800,6
6216810,6
6216820,6
6217100,6
6217110,6
6217120,6
6217135,6
6217140,6
6217150,6
6217200,6
6217300,6
6217400,6
6217500,6
6217600,6
6217700,6
6217800,6
6220100,6
6220101,6
6220110,6
6220111,6
6220112,6
6220120,6
6220160,6
6220161,6
6220162,6
6220170,6
6220175,6
6220200,6
6220201,6
6220203,6
6220204,6
6220210,6
6220300,6
6220301,6
6220310,6
6220320,6
6220330,6
6220340,6
6220345,6
6220350,6
6220360,6
6220361,6
6220362,6
6220370,6
6220500,6
6220501,6
6220502,6
6220510,6
6221100,6
6221101,6
6221102,6
6221110,6
6221120,6
6221130,6
6221131,6
6221140,6
6221200,6
6221500,6
6221501,6
6221510,6
6221550,6
6221551,6
6221560,6
6221570,6
6221600,6
6221610,6
6221620,6
6221630,6
6221640,6
6221660,6
6221670,6
6221680,6
6226100,6
6226200,6
6226210,6
6226220,6
6226230,6
6226250,6
6226300,6
6226310,6
6226350,6
6226390,6
6226400,6
6226420,6
6226430,6
6226440,6
6226450,6
6226460,6
6226470,6
6226480,6
6226490,6
6226500,6
6226550,6
6226600,6
6226640,6
6226650,6
6226690,6
6226700,6
6226800,6
6227100,6
6227130,6
6227150,6
6227160,6
6227170,6
6227300,6
6227410,6
6227420,6
6227430,6
6227440,6
6227500,6
6227510,6
6227520,6
6227530,6
6227610,6
6227620,6
6228600,6
6228700,6
6228800,6
6228810,6
6228820,6
6228850,6
6228900,6
6228910,6
6228920,6
6229100,6
6229110,6
6229120,6
6229130,6
6229140,6
6232100,6
6232101,6
6232900,6
6232901,6
6232905,6
6232910,6
6232911,6
6232913,6
6232915,6
6232916,6
6232930,6
6232960,6
6232970,6
6233100,6
6233110,6
6233112,6
6233113,6
6233114,6
6233116,6
6233118,6
6233120,6
6233122,6
6233124,6
6233126,6
6233128,6
6233130,6
6233132,6
6233133,6
6233134,6
6233140,6
6233150,6
6233160,6
6233163,6
6233165,6
6233170,6
6233175,6
6233180,6
6233190,6
6233200,6
6233201,6
6233203,6
6233204,6
6233205,6
6233210,6
6233215,6
6233220,6
6233221,6
6233222,6
6233223,6
6233225,6
6233227,6
6233230,6
6233233,6
6233235,6
6233240,6
6233250,6
6233300,6
6233301,6
6233302,6
6233310,6
6233315,6
6233320,6
6233325,6
6233330,6
6233350,6
6233360,6
6233365,6
6233366,6
6233367,6
6233400,6
6233401,6
6233402,6
6233403,6
6233406,6
6233410,6
6233411,6
6233412,6
6233413,6
6233414,6
6233415,6
6233416,6
6233417,6
6233418,6
6233419,6
6233420,6
6233421,6
6233422,6
6233423,6
6233424,6
6233425,6
6233440,6
6233450,6
6233460,6
6233465,6
6233470,6
6233500,6
6233501,6
6233502,6
6233510,6
6233520,6
6233521,6
6233523,6
6233525,6
6233527,6
6233528,6
6233530,6
6233540,6
6233550,6
6233551,6
6233552,6
6233555,6
6233600,6
6233610,6
6233650,6
6233652,6
6233680,6
6233690,6
6233692,6
6233700,6
6233710,6
6233720,6
6233730,6
6233740,6
6233750,6
6233752,6
6233754,6
6233755,6
6233780,6
6233785,6
6233800,6
6233850,6
6233870,6
6233902,6
6235100,6
6235101,6
6235102,6
6235110,6
6235200,6
6235210,6
6235300,6
6235400,6
6235500,6
6235530,6
6235535,6
6238100,6
6238150,6
6242020,6
6242030,6
6242050,6
6242070,6
6242100,6
6242110,6
6242120,6
6242130,6
6242140,6
6242150,6
6242160,6
6242170,6
6242180,6
6242200,6
6242240,6
6242250,6
6242251,6
6242260,6
6242270,6
6242280,6
6242281,6
6242290,6
6242300,6
6242310,6
6242400,6
6242401,6
6242410,6
6242420,6
6242500,6
6242501,6
6242510,6
6242515,6
6242520,6
6242530,6
6242540,6
6242550,6
6242555,6
6242560,6
6242570,6
6242600,6
6242610,6
6242613,6
6242615,6
6242620,6
6242621,6
6242630,6
6242631,6
6242700,6
6242710,6
6242715,6
6242800,6
6242810,6
6242820,6
6242830,6
6242850,6
6242910,6
6242915,6
6242920,6
6242930,6
6242933,6
6242940,6
6242950,6
6242951,6
6242952,6
6243030,6
6243050,6
6243110,6
6243120,6
6243200,6
6243201,6
6243210,6
6243220,6
6243230,6
6243235,6
6243240,6
6243245,6
6243250,6
6243260,6
6243270,6
6243300,6
6243350,6
6243355,6
6243360,6
6243400,6
6243410,6
6243450,6
6243800,6
6243810,6
6243830,6
6243850,6
6246100,6
6246110,6
6246120,6
6246121,6
6246130,6
6246140,6
6246145,6
6246150,6
6246155,6
6246160,6
6246161,6
6246165,6
6246170,6
6246180,6
6246185,6
6246190,6
6246195,6
6246400,6
6246590,6
6246600,6
6246601,6
6246605,6
6246610,6
6246611,6
6246612,6
6246620,6
6246630,6
6246631,6
6246632,6
6246633,6
6246635,6
6246700,6
6246701,6
6246710,6
6258200,6
6258220,6
6258224,6
6258226,6
6258230,6
6258240,6
6258250,6
6258252,6
6258260,6
6260100,6
6261100,6
6261150,6
6261200,6
6261400,6
6262100,6
6262250,6
6262260,6
6262300,6
6262310,6
6264100,6
6273302,6
6273303,6
6273500,6
6273613,6
6273614,6
6273615,6
6273656,6
6273751,6
6273752,6
6273761,6
6273762,6
6273763,6
6273771,6
6273772,6
6273797,6
6273900,6
6274153,6
6274155,6
6274157,6
6274353,6
6274550,6
6274600,6
6274611,6
6274620,6
6274622,6
6274624,6
6274631,6
6274641,6
6274651,6
6274653,6
6274655,6
6274657,6
6274671,6
6274673,6
6274675,6
6274677,6
6274681,6
6274683,6
6274685,6
6274691,6
6274693,6
6279500,6
6321100,6
6321200,6
6334270,6
6334280,6
6334800,6
6335020,6
6335030,6
6335031,6
6335032,6
6335035,6
6335040,6
6335045,6
6335046,6
6335048,6
6335050,6
6335055,6
6335060,6
6335070,6
6335075,6
6335076,6
6335080,6
6335081,6
6335082,6
6335083,6
6335100,6
6335113,6
6335115,6
6335116,6
6335117,6
6335125,6
6335150,6
6335155,6
6335156,6
6335160,6
6335165,6
6335167,6
6335170,6
6335175,6
6335180,6
6335190,6
6335200,6
6335240,6
6335290,6
6335291,6
6335300,6
6335301,6
6335302,6
6335303,6
6335304,6
6335310,6
6335320,6
6335350,6
6335351,6
6335360,6
6335400,6
6335410,6
6335450,6
6335451,6
6335460,6
6335461,6
6335465,6
6335470,6
6335485,6
6335500,6
6335510,6
6335520,6
6335521,6
6335530,6
6335540,6
6335550,6
6335551,6
6335560,6
6335565,6
6335570,6
6335571,6
6335580,6
6335600,6
6335601,6
6335602,6
6335603,6
6335604,6
6335606,6
6335610,6
6335620,6
6335621,6
6335635,6
6335640,6
6335650,6
6335651,6
6335660,6
6335665,6
6335670,6
6335671,6
6335675,6
6335676,6
6335677,6
6335680,6
6335681,6
6335690,6
6335695,6
6335696,6
6335697,6
6335700,6
6335710,6
6335720,6
6335725,6
6335730,6
6335735,6
6335800,6
6335810,6
6335820,6
6335830,6
6336050,6
6336500,6
6336510,6
6336800,6
6336900,6
6336910,6
6336920,6
6336930,6
6337050,6
6337060,6
6337100,6
6337200,6
6337250,6
6337300,6
6337310,6
6337320,6
6337330,6
6337340,6
6337350,6
6337400,6
6337410,6
6337500,6
6337501,6
6337502,6
6337503,6
6337504,6
6337505,6
6337506,6
6337507,6
6337508,6
6337509,6
6337510,6
6337511,6
6337512,6
6337513,6
6337514,6
6337515,6
6337516,6
6337517,6
6337518,6
6337519,6
6337520,6
6337521,6
6337530,6
6337540,6
6337541,6
6337542,6
6337550,6
6337560,6
6337570,6
6337580,6
6337590,6
6337600,6
6337601,6
6337610,6
6338010,6
6338100,6
6338110,6
6338120,6
6338130,6
6338140,6
6338150,6
6338160,6
6338161,6
6338162,6
6338163,6
6338200,6
6338201,6
6338210,6
6338250,6
6338260,6
6340050,6
6340070,6
6340110,6
6340120,6
6340130,6
6340140,6
6340150,6
6340160,6
6340170,6
6340180,6
6340190,6
6340200,6
6340210,6
6340215,6
6340216,6
6340218,6
6340220,6
6340225,6
6340300,6
6340301,6
6340302,6
6340303,6
6340310,6
6340315,6
6340320,6
6340330,6
6340335,6
6340340,6
6340350,6
6340360,6
6340365,6
6340366,6
6340400,6
6340410,6
6340415,6
6340420,6
6340430,6
6340440,6
6340500,6
6340501,6
6340510,6
6340515,6
6340600,6
6340610,6
6340611,6
6340612,6
6340613,6
6340620,6
6340621,6
6340625,6
6340627,6
6340628,6
6340630,6
6340631,6
6340635,6
6340670,6
6340671,6
6340700,6
6340800,6
6340810,6
6341300,6
6341301,6
6341400,6
6341500,6
6342050,6
6342070,6
6342081,6
6342100,6
6342105,6
6342110,6
6342120,6
6342125,6
6342130,6
6342200,6
6342201,6
6342210,6
6342220,6
6342230,6
6342500,6
6342501,6
6342502,6
6342510,6
6342512,6
6342513,6
6342520,6
6342521,6
6342522,6
6342525,6
6342530,6
6342531,6
6342540,6
6342570,6
6342600,6
6342610,6
6342611,6
6342620,6
6342625,6
6342630,6
6342640,6
6342650,6
6342655,6
6342660,6
6342670,6
6342675,6
6342800,6
6342810,6
6342820,6
6342830,6
6342840,6
6342900,6
6342910,6
6342920,6
6342925,6
6342926,6
6342927,6
6342928,6
6342930,6
6342931,6
6342935,6
6342940,6
6342945,6
6342947,6
6342950,6
6342951,6
6342960,6
6342970,6
6342980,6
6343100,6
6343110,6
6343111,6
6343120,6
6343500,6
6343510,6
6343520,6
6343530,6
6343531,6
6343535,6
6343537,6
6343550,6
6343555,6
6343560,6
6343570,6
6343900,6
6348200,6
6348201,6
6348202,6
6348300,6
6348310,6
6348350,6
6348400,6
6348500,6
6348600,6
6348610,6
6348800,6
6349200,6
6349210,6
6349300,6
6349350,6
6349400,6
6349410,6
6349411,6
6349500,6
6349600,6
6351100,6
6351500,6
6352500,6
6352600,6
6353300,6
6353400,6
6353500,6
6357010,6
6357020,6
6357500,6
6357501,6
6357502,6
6357503,6
6357505,6
6357510,6
6357520,6
6357521,6
6372100,6
6372103,6
6372104,6
6372111,6
6372941,6
6373010,6
6373020,6
6373040,6
6373050,6
6373101,6
6373102,6
6373112,6
6373113,6
6373114,6
6373115,6
6373151,6
6373152,6
6373200,6
6373201,6
6373210,6
6373211,6
6373212,6
6373213,6
6373214,6
6373215,6
6373216,6
6373217,6
6373218,6
6373219,6
6373220,6
6373222,6
6373224,6
6373226,6
6373300,6
6373304,6
6373305,6
6373306,6
6373307,6
6373310,6
6373364,6
6373400,6
6373430,6
6373442,6
6373444,6
6373450,6
6373452,6
6373454,6
6373456,6
6373460,6
6373462,6
6373470,6
6373750,6
6373910,6
6373911,6
6373912,6
6373921,6
6373922,6
6373931,6
6373932,6
6373933,6
6373934,6
6390050,6
6390300,6
6392100,6
6392500,6
6394150,6
6395100,6
6401070,6
6401080,6
6401090,6
6401110,6
6401111,6
6401120,6
6401130,6
6401140,6
6401150,6
6401160,6
6401200,6
6401240,6
6401250,6
6401300,6
6401310,6
6401400,6
6401440,6
6401460,6
6401500,6
6401600,6
6401601,6
6401610,6
6401701,6
6401702,6
6401703,6
6401800,6
6421100,6
6421101,6
6421102,6
6421103,6
6421200,6
6421500,6
6421900,6
6435060,6
6438500,6
6442050,6
6442100,6
6442200,6
6442300,6
6442450,6
6442500,6
6442600,6
6444090,6
6444100,6
6444110,6
6444200,6
6444250,6
6444300,6
6444310,6
6444350,6
6444380,6
6444400,6
6444500,6
6444600,6
6456105,6
6456107,6
6456110,6
6456120,6
6457010,6
6457100,6
6457200,6
6457205,6
6457210,6
6457213,6
6457215,6
6457220,6
6457225,6
6457230,6
6457240,6
6457250,6
6457260,6
6457270,6
6457280,6
6457290,6
6457300,6
6457310,6
6457320,6
6457330,6
6457340,6
6457350,6
6457360,6
6457370,6
6457380,6
6457505,6
6457600,6
6457660,6
6457670,6
6457675,6
6457680,6
6457690,6
6457700,6
6457704,6
6457705,6
6457707,6
6457720,6
6457730,6
6457735,6
6457800,6
6457810,6
6457820,6
6457830,6
6457840,6
6457850,6
6457860,6
6457870,6
6457880,6
6457890,6
6457955,6
6457956,6
6457982,6
6457985,6
6457990,6
6457995,6
6458010,6
6458200,6
6458201,6
6458203,6
6458402,6
6458403,6
6458404,6
6458406,6
6458420,6
6458440,6
6458450,6
6458456,6
6458460,6
6458500,6
6458510,6
6458520,6
6458525,6
6458530,6
6458540,6
6458550,6
6458555,6
6458560,6
6458600,6
6458605,6
6458610,6
6458613,6
6458615,6
6458620,6
6458630,6
6458713,6
6458715,6
6458717,6
6458753,6
6458805,6
6458806,6
6458807,6
6458809,6
6458810,6
6458863,6
6458920,6
6458924,6
6458940,6
6458950,6
6474107,6
6502101,6
6502110,6
6502140,6
6502141,6
6502150,6
6502151,6
6502160,6
6502170,6
6502171,6
6502810,6
6503100,6
6503105,6
6503120,6
6503121,6
6503130,6
6503131,6
6503151,6
6503160,6
6503180,6
6503201,6
6503250,6
6503260,6
6503280,6
6503281,6
6503282,6
6503291,6
6503300,6
6503301,6
6503350,6
6503351,6
6503352,6
6503353,6
6503354,6
6503370,6
6503400,6
6503410,6
6503500,6
6503501,6
6503800,6
6503851,6
6503852,6
6503853,6
6503855,6
6542100,6
6542200,6
6542500,6
6542600,6
6544100,6
6545050,6
6545100,6
6545101,6
6545102,6
6545110,6
6545120,6
6545125,6
6545150,6
6545190,6
6545200,6
6545300,6
6545400,6
6545401,6
6545500,6
6545501,6
6545600,6
6545601,6
6545700,6
6545800,6
6546610,6
6546801,6
6546802,6
6546810,6
6547200,6
6547500,6
6559100,6
6559101,6
6559110,6
6559120,6
6559121,6
6559130,6
6559140,6
6559141,6
6559150,6
6559180,6
6563200,6
6573014,6
6573015,6
6573016,6
6573020,6
6573030,6
6573060,6
6573100,6
6573102,6
6573104,6
6573110,6
6573112,6
6573150,6
6573161,6
6573163,6
6573410,6
6573420,6
6573422,6
6573424,6
6573426,6
6573432,6
6573434,6
6573436,6
6573440,6
6573446,6
6573600,6
6573800,6
6574010,6
6574011,6
6574108,6
6574114,6
6574150,6
6574152,6
6574154,6
6574156,6
6574160,6
6574200,6
6574201,6
6574203,6
6574205,6
6574210,6
6574300,6
6574302,6
6574303,6
6574304,6
6574306,6
6574312,6
6574331,6
6574333,6
6574350,6
6574351,6
6574352,6
6574354,6
6574355,6
6574359,6
6574360,6
6574362,6
6574364,6
6574366,6
6574371,6
6574373,6
6574391,6
6574393,6
6574401,6
6574403,6
6574411,6
6574413,6
6574661,6
6574663,6
6574711,6
6574713,6
6574721,6
6574723,6
6574725,6
6574727,6
6574811,6
6574813,6
6590500,6
6590540,6
6590550,6
6590700,6
6593500,6
6593700,6
6593750,6
6593800,6
6594050,6
6594060,6
6594070,6
6594080,6
6594090,6
6603100,6
6603110,6
6603120,6
6603130,6
6603300,6
6603310,6
6603320,6
6603330,6
6603340,6
6603350,6
6603500,6
6603510,6
6604100,6
6604150,6
6604160,6
6604170,6
6604180,6
6604190,6
6604201,6
6604205,6
6604210,6
6604220,6
6604230,6
6604240,6
6604250,6
6604260,6
6604270,6
6604280,6
6604310,6
6604320,6
6604330,6
6604340,6
6604350,6
6604360,6
6604365,6
6604370,6
6604380,6
6604385,6
6604390,6
6604395,6
6604450,6
6604460,6
6604470,6
6604480,6
6604500,6
6604510,6
6604665,6
6604960,6
6604970,6
6605300,6
6605310,6
6605320,6
6605330,6
6605340,6
6605400,6
6605410,6
6605420,6
6605430,6
6605440,6
6605510,6
6605520,6
6605545,6
6605550,6
6605560,6
6605565,6
6605570,6
6605575,6
6605580,6
6605590,6
6605605,6
6605615,6
6605625,6
6605635,6
6605645,6
6605655,6
6605665,6
6605675,6
6605685,6
6605690,6
6605695,6
6605700,6
6605710,6
6605730,6
6605740,6
6605750,6
6605760,6
6605770,6
6605780,6
6605790,6
6605800,6
6605815,6
6605820,6
6605830,6
6605840,6
6605850,6
6605860,6
6605870,6
6605880,6
6605890,6
6605910,6
6605920,6
6605950,6
6606100,6
6606200,6
6606250,6
6606300,6
6606305,6
6606310,6
6606320,6
6606330,6
6606335,6
6606340,6
6606345,6
6606347,6
6606350,6
6606400,6
6606401,6
6606510,6
6606550,6
6606560,6
6606570,6
6606580,6
6606590,6
6606600,6
6606610,6
6606620,6
6606630,6
6606635,6
6606640,6
6606645,6
6606650,6
6606655,6
6606660,6
6606670,6
6606680,6
6606700,6
6606701,6
6606710,6
6606720,6
6606730,6
6606750,6
6606790,6
6606810,6
6606820,6
6606825,6
6606830,6
6606831,6
6606835,6
6606840,6
6606850,6
6606870,6
6606880,6
6606890,6
6606900,6
6606950,6
6607010,6
6607100,6
6607101,6
6607110,6
6607115,6
6607120,6
6607130,6
6607131,6
6607140,6
6607150,6
6607200,6
6607210,6
6607220,6
6607225,6
6607230,6
6607235,6
6607240,6
6607245,6
6607250,6
6607500,6
6607510,6
6607520,6
6607530,6
6607540,6
6607550,6
6607560,6
6607570,6
6607705,6
6607710,6
6607711,6
6607760,6
6607765,6
6607800,6
6607850,6
6607851,6
6607855,6
6607950,6
6608100,6
6608101,6
6608110,6
6608150,6
6608160,6
6608170,6
6608190,6
6608200,6
6608210,6
6608220,6
6608230,6
6608235,6
6608240,6
6608250,6
6608300,6
6608310,6
6608500,6
6608501,6
6608502,6
6608510,6
6608520,6
6608530,6
6608600,6
6609100,6
6609110,6
6609400,6
6609500,6
6609510,6
6609520,6
6609530,6
6609538,6
6609540,6
6609550,6
6609560,6
6609570,6
6642100,6
6642200,6
6644100,6
6644200,6
6644250,6
6646800,6
6658100,6
6659610,6
6660300,6
6660350,6
6660400,6
6660480,6
6660490,6
6660500,6
6660600,6
6660620,6
6665100,6
6665500,6
6667100,6
6667200,6
6667300,6
6667400,6
6667500,6
6679200,6
6680200,6
6680250,6
6680400,6
6680410,6
6680420,6
6680600,6
6680800,6
6680801,6
6680802,6
6681200,6
6681300,6
6681500,6
6682300,6
6682500,6
6683010,6
6683200,6
6683300,6
6687900,6
6688050,6
6688150,6
6688300,6
6688500,6
6688600,6
6688650,6
6688800,6
6690100,6
6691400,6
6691500,6
6691550,6
6691650,6
6691700,6
6691800,6
6692100,6
6695200,6
6695250,6
6695400,6
6695500,6
6695600,6
6729110,6
6729125,6
6729127,6
6729130,6
6729131,6
6729132,6
6729134,6
6729140,6
6729142,6
6729145,6
6729150,6
6729180,6
6729187,6
6729200,6
6729205,6
6729207,6
6729210,6
6729215,6
6729216,6
6729217,6
6729218,6
6729220,6
6729225,6
6729227,6
6729230,6
6729231,6
6729232,6
6729233,6
6729235,6
6729237,6
6729238,6
6729239,6
6729240,6
6729241,6
6729245,6
6729250,6
6729260,6
6729265,6
6729280,6
6729300,6
6729310,6
6729311,6
6729315,6
6729317,6
6729320,6
6729325,6
6729327,6
6729340,6
6729342,6
6729345,6
6729347,6
6729350,6
6729360,6
6729370,6
6729371,6
6729375,6
6729380,6
6729381,6
6729383,6
6729385,6
6729387,6
6729388,6
6729390,6
6729395,6
6729400,6
6729401,6
6729402,6
6729403,6
6729405,6
6729410,6
6729420,6
6729425,6
6729430,6
6729432,6
6729435,6
6729436,6
6729437,6
6729438,6
6729440,6
6729445,6
6729447,6
6729450,6
6729453,6
6729455,6
6729460,6
6729465,6
6729470,6
6729480,6
6729490,6
6729520,6
6729525,6
6729530,6
6729565,6
6729567,6
6729590,6
6729595,6
6729598,6
6729810,6
6729825,6
6729830,6
6729835,6
6729840,6
6730100,6
6730105,6
6730330,6
6730400,6
6730501,6
6730503,6
6730580,6
6730700,6
6730710,6
6730795,6
6730800,6
6731010,6
6731020,6
6731050,6
6731070,6
6731100,6
6731105,6
6731112,6
6731115,6
6731120,6
6731123,6
6731133,6
6731135,6
6731137,6
6731147,6
6731160,6
6731161,6
6731165,6
6731170,6
6731175,6
6731185,6
6731190,6
6731192,6
6731193,6
6731195,6
6731196,6
6731197,6
6731500,6
6731501,6
6731502,6
6731505,6
6731510,6
6731515,6
6731535,6
6731540,6
6731541,6
6731542,6
6731550,6
6731555,6
6731556,6
6731559,6
6731560,6
6731561,6
6731562,6
6731563,6
6731564,6
6731569,6
6731573,6
6731575,6
6731580,6
6731582,6
6731585,6
6731600,6
6731601,6
6731610,6
6731620,6
6731625,6
6731640,6
6731650,6
6731660,6
6731670,6
6731675,6
6731680,6
6731682,6
6731685,6
6731687,6
6731690,6
6731691,6
6731693,6
6731715,6
6731720,6
6731725,6
6731727,6
6731730,6
6731735,6
6731740,6
6731743,6
6731745,6
6731750,6
6731755,6
6731757,6
6731758,6
6731760,6
6731765,6
6731767,6
6731770,6
6731772,6
6731775,6
6731778,6
6731780,6
6731790,6
6731815,6
6731820,6
6731850,6
6731860,6
6731900,6
6731905,6
6731906,6
6731907,6
6731910,6
6731920,6
6731930,6
6731940,6
6733100,6
6733570,6
6733571,6
6733630,6
6733635,6
6733645,6
6742200,6
6742201,6
6742400,6
6742450,6
6742451,6
6742452,6
6742500,6
6742552,6
6742600,6
6742700,6
6742701,6
6742800,6
6742900,6
6742912,6
6744100,6
6744200,6
6744201,6
6744500,6
6744600,6
6781500,6
6781800,6
6794200,6
6794210,6
6794250,6
6794255,6
6830100,6
6830101,6
6830102,6
6830103,6
6830104,6
6830105,6
6830200,6
6830510,6
6830511,6
6830512,6
6832750,6
6832752,6
6832753,6
6832754,6
6832755,6
6832907,6
6832909,6
6832917,6
6832918,6
6832929,6
6836200,6
6836210,6
6836220,6
6836300,6
6836310,6
6836320,6
6836400,6
6836500,6
6836600,6
6836700,6
6836800,6
6842200,6
6842300,6
6842400,6
6842550,6
6842700,6
6842800,6
6842900,6
6854101,6
6854102,6
6854103,6
6854104,6
6854105,6
6854106,6
6854107,6
6854108,6
6854109,6
6854110,6
6854111,6
6854112,6
6854113,6
6854114,6
6854115,6
6854116,6
6854130,6
6854140,6
6854150,6
6854151,6
6854170,6
6854180,6
6854200,6
6854201,6
6854203,6
6854205,6
6854210,6
6854220,6
6854221,6
6854250,6
6854260,6
6854270,6
6854271,6
6854272,6
6854273,6
6854280,6
6854281,6
6854282,6
6854300,6
6854301,6
6854310,6
6854320,6
6854330,6
6854340,6
6854350,6
6854360,6
6854400,6
6854420,6
6854430,6
6854500,6
6854501,6
6854502,6
6854503,6
6854504,6
6854505,6
6854510,6
6854520,6
6854560,6
6854570,6
6854580,6
6854590,6
6854591,6
6854592,6
6854593,6
6854600,6
6854601,6
6854602,6
6854610,6
6854620,6
6854630,6
6854650,6
6854660,6
6854700,6
6854701,6
6854702,6
6854703,6
6854704,6
6854705,6
6854706,6
6854707,6
6854708,6
6854709,6
6854710,6
6854711,6
6854712,6
6854713,6
6854714,6
6854715,6
6854716,6
6854717,6
6854718,6
6854719,6
6854720,6
6854722,6
6854730,6
6854800,6
6854801,6
6854802,6
6854810,6
6854820,6
6854900,6
6854901,6
6854902,6
6854910,6
6854940,6
6854950,6
6854954,6
6855400,6
6855401,6
6855402,6
6855403,6
6855404,6
6855405,6
6855406,6
6855407,6
6855408,6
6855409,6
6855410,6
6855411,6
6855412,6
6855440,6
6855450,6
6855460,6
6855470,6
6855480,6
6855662,6
6864050,6
6864100,6
6864200,6
6864800,6
6865100,6
6865500,6
6865600,6
6866500,6
6870600,6
6870630,6
6870640,6
6871100,6
6887200,6
6887300,6
6887320,6
6887350,6
6887360,6
6887400,6
6890100,6
6890150,6
6930170,6
6930180,6
6933900,6
6934050,6
6934100,6
6934120,6
6934150,6
6934170,6
6934200,6
6934250,6
6934270,6
6934300,6
6934310,6
6934350,6
6934370,6
6934400,6
6934450,6
6934460,6
6934480,6
6934500,6
6934510,6
6934520,6
6934530,6
6934540,6
6934550,6
6934560,6
6934570,6
6934571,6
6934600,6
6934620,6
6934700,6
6934720,6
6934750,6
6934800,6
6934850,6
6934860,6
6934870,6
6935020,6
6935050,6
6935051,6
6935052,6
6935053,6
6935054,6
6935055,6
6935060,6
6935065,6
6935070,6
6935080,6
6935090,6
6935100,6
6935101,6
6935102,6
6935120,6
6935145,6
6935146,6
6935150,6
6935200,6
6935210,6
6935220,6
6935300,6
6935301,6
6935302,6
6935310,6
6935313,6
6935314,6
6935315,6
6935318,6
6935320,6
6935330,6
6935331,6
6935335,6
6935340,6
6935345,6
6935350,6
6935360,6
6935361,6
6935370,6
6935380,6
6935385,6
6935387,6
6935390,6
6935400,6
6935401,6
6935402,6
6935403,6
6935404,6
6935410,6
6935411,6
6935412,6
6935420,6
6935430,6
6935440,6
6935450,6
6935460,6
6935500,6
6935510,6
6935530,6
6935535,6
6935540,6
6935541,6
6935545,6
6935550,6
6935560,6
6935570,6
6935580,6
6935590,6
6935600,6
6939050,6
6939100,6
6939110,6
6939200,6
6939205,6
6939500,6
6939501,6
6939510,6
6939520,6
6939550,6
6939650,6
6943100,6
6943110,6
6943115,6
6943150,6
6943160,6
6943170,6
6943180,6
6948100,6
6948110,6
6948111,6
6948120,6
6948150,6
6948360,6
6948520,6
6948530,6
6955430,6
6955450,6
6955500,6
6955600,6
6955610,6
6955700,6
6970100,6
6970101,6
6970102,6
6970103,6
6970105,6
6970110,6
6970113,6
6970115,6
6970120,6
6970125,6
6970130,6
6970131,6
6970132,6
6970133,6
6970135,6
6970136,6
6970137,6
6970138,6
6970140,6
6970141,6
6970143,6
6970145,6
6970146,6
6970147,6
6970150,6
6970155,6
6970160,6
6970165,6
6970166,6
6970167,6
6970170,6
6970175,6
6970178,6
6970180,6
6970185,6
6970200,6
6970210,6
6970250,6
6970251,6
6970252,6
6970270,6
6970271,6
6970272,6
6970273,6
6970275,6
6970276,6
6970280,6
6970283,6
6970290,6
6970291,6
6970295,6
6970297,6
6970300,6
6970305,6
6970310,6
6970315,6
6970320,6
6970321,6
6970322,6
6970323,6
6970325,6
6970400,6
6970401,6
6970402,6
6970403,6
6970410,6
6970415,6
6970417,6
6970420,6
6970423,6
6970425,6
6970428,6
6970429,6
6970430,6
6970435,6
6970438,6
6970439,6
6970440,6
6970442,6
6970445,6
6970450,6
6970451,6
6970452,6
6970453,6
6970455,6
6970456,6
6970457,6
6970458,6
6970459,6
6970460,6
6970461,6
6970462,6
6970466,6
6970467,6
6970470,6
6970471,6
6970472,6
6970473,6
6970474,6
6970475,6
6970480,6
6970481,6
6970482,6
6970485,6
6970490,6
6970495,6
6970498,6
6970500,6
6970501,6
6970502,6
6970505,6
6970510,6
6970511,6
6970515,6
6970520,6
6970521,6
6970540,6
6970550,6
6970551,6
6970560,6
6970561,6
6970565,6
6970570,6
6970575,6
6970580,6
6970583,6
6970600,6
6970601,6
6970620,6
6970625,6
6970630,6
6970680,6
6970681,6
6970682,6
6970683,6
6970684,6
6970685,6
6970687,6
6970690,6
6970691,6
6970695,6
6970698,6
6970700,6
6970701,6
6970702,6
6970703,6
6970704,6
6970705,6
6970706,6
6970720,6
6970721,6
6970722,6
6970730,6
6970731,6
6970735,6
6970740,6
6970745,6
6970750,6
6970751,6
6970755,6
6970757,6
6970760,6
6970761,6
6970765,6
6970767,6
6970770,6
6970771,6
6970772,6
6970775,6
6970777,6
6970779,6
6970780,6
6970785,6
6970790,6
6970800,6
6970801,6
6970802,6
6970803,6
6970804,6
6970805,6
6970807,6
6970808,6
6970809,6
6970810,6
6970811,6
6970813,6
6970815,6
6970816,6
6970817,6
6970819,6
6970820,6
6970821,6
6970822,6
6970825,6
6970830,6
6970831,6
6970832,6
6970833,6
6970835,6
6970836,6
6970837,6
6970838,6
6970839,6
6970840,6
6970841,6
6970843,6
6970845,6
6970846,6
6970847,6
6970848,6
6970850,6
6970851,6
6970852,6
6970853,6
6970854,6
6970855,6
6970856,6
6970857,6
6970858,6
6970859,6
6970860,6
6970861,6
6970862,6
6970863,6
6970864,6
6970865,6
6970866,6
6970867,6
6970868,6
6970869,6
6970870,6
6970871,6
6970872,6
6970873,6
6970874,6
6970875,6
6970876,6
6970877,6
6970878,6
6970879,6
6970880,6
6970881,6
6970882,6
6970883,6
6970885,6
6970887,6
6970890,6
6970893,6
6970895,6
6970900,6
6970901,6
6970902,6
6970903,6
6970910,6
6970913,6
6970915,6
6970918,6
6970920,6
6970923,6
6970925,6
6970926,6
6970927,6
6970930,6
6970931,6
6970935,6
6970937,6
6971050,6
6971055,6
6971056,6
6971080,6
6971085,6
6971100,6
6971101,6
6971110,6
6971115,6
6971116,6
6971117,6
6971120,6
6971130,6
6971135,6
6971136,6
6971137,6
6971140,6
6971145,6
6971150,6
6971151,6
6971155,6
6971200,6
6971250,6
6971300,6
6971310,6
6971350,6
6971400,6
6971401,6
6971402,6
6971405,6
6971410,6
6971411,6
6971415,6
6971420,6
6971425,6
6971430,6
6971435,6
6971440,6
6971445,6
6971450,6
6971451,6
6971452,6
6971455,6
6971460,6
6971465,6
6971500,6
6971510,6
6971550,6
6971600,6
6971650,6
6971700,6
6971710,6
6972250,6
6972300,6
6972400,6
6973700,6
6975010,6
6975050,6
6975080,6
6975100,6
6975110,6
6975120,6
6975140,6
6975150,6
6975200,6
6975300,6
6975400,6
6975500,6
6975700,6
6976100,6
6976200,6
6976300,6
6976400,6
6976450,6
6976500,6
6976700,6
6976800,6
6976900,6
6977100,6
6977200,6
6978100,6
6978250,6
6978251,6
6978300,6
6978500,6
6978600,6
6978650,6
6979700,6
6980810,6
6980850,6
6983350,6
6983355,6
6983400,6
6983500,6
6983600,6
6983700,6
6983750,6
6983800,6
6984300,6
6984500,6
6984700,6
6984800,6
6986100,6
6987050,6
6987100,6
6987150,6
6998200,6
6998300,6
6998400,6
